event_id,company,hq_city,country,industry,funding_stage,funding_usd_millions,funding_band,laid_off_count,layoff_size_band,layoff_date,year,quarter,month,month_name,week_of_year,is_mass_layoff,is_mega_layoff,ai_related,source_url,source_attribution
L00001,Microsoft,Seattle,United States,Other,Post-IPO,,,9000.0,"5,000+",2025-07-02,2025,Q3,7,July,27,True,True,,https://www.cnbc.com/2025/07/02/microsoft-laying-off-about-9000-employees-in-latest-round-of-cuts.html,Layoffs.fyi
L00003,Rivian,Los Angeles,United States,Transportation,Post-IPO,,,140.0,50-199,2025-06-26,2025,Q2,6,June,26,False,False,,https://techcrunch.com/2025/06/26/rivian-cuts-dozens-on-manufacturing-team-ahead-of-r2-launch/,Layoffs.fyi
L00004,Bumble,Austin,United States,Consumer,Post-IPO,,,240.0,200-999,2025-06-25,2025,Q2,6,June,26,False,False,,https://www.cnbc.com/2025/06/25/bumble-layoffs.html,Layoffs.fyi
L00005,Klue,"Vancouver,Non-U.S.",United States,Sales,Series B,,,85.0,50-199,2025-06-25,2025,Q2,6,June,26,False,False,,https://betakit.com/klue-lays-off-40-percent-of-staff-as-startup-faces-internal-and-external-ai-pressure/,Layoffs.fyi
L00006,Google,SF Bay Area,United States,Consumer,Post-IPO,,,75.0,50-199,2025-06-24,2025,Q2,6,June,26,False,False,,https://www.theinformation.com/articles/google-cuts-smart-tv-budget-doubles-youtube,Layoffs.fyi
L00010,Khoros,Austin,United States,Sales,Private Equity,,,116.0,50-199,2025-06-20,2025,Q2,6,June,25,False,False,,https://www.bizjournals.com/austin/news/2025/06/20/layoffs-at-austin-social-media-co-khoros.html,Layoffs.fyi
L00011,Sabi,"Lagos,Non-U.S.",Nigeria,Retail,Series B,,,50.0,50-199,2025-06-19,2025,Q2,6,June,25,False,False,,https://techcrunch.com/2025/06/20/after-raising-38m-african-e-commerce-startup-sabi-lays-off-20-pivots-to-traceable-exports/,Layoffs.fyi
L00012,Salto,"Tel Aviv,Non-U.S.",Israel,Other,Series B,,,30.0,1-49,2025-06-10,2025,Q2,6,June,24,False,False,,https://www.calcalistech.com/ctechnews/article/byxvfir7lx,Layoffs.fyi
L00013,ZoomInfo,Vancouver,United States,Sales,Post-IPO,,,150.0,50-199,2025-06-09,2025,Q2,6,June,24,False,False,,https://www.oregonlive.com/silicon-forest/2025/06/zoominfo-one-of-portland-areas-most-valuable-companies-will-cut-200-jobs.html,Layoffs.fyi
L00014,Playtika,"Tel Aviv,Non-U.S.",Israel,Consumer,Post-IPO,,,90.0,50-199,2025-06-05,2025,Q2,6,June,23,False,False,,https://www.calcalistech.com/ctechnews/article/hjhutnrggg,Layoffs.fyi
L00015,Airtime,New York City,United States,Consumer,Series B,,,25.0,1-49,2025-06-04,2025,Q2,6,June,23,False,False,,https://techcrunch.com/2025/06/04/its-layoff-season-at-phil-libins-airtime/,Layoffs.fyi
L00016,Microsoft,Seattle,United States,Other,Post-IPO,,,305.0,200-999,2025-06-02,2025,Q2,6,June,23,False,False,,https://www.geekwire.com/2025/new-filing-microsoft-cuts-another-305-jobs-in-washington-state/,Layoffs.fyi
L00017,Hims & Hers,SF Bay Area,United States,Healthcare,Post-IPO,,,68.0,50-199,2025-05-30,2025,Q2,5,May,22,False,False,,https://www.reuters.com/business/healthcare-pharmaceuticals/hims-cut-4-workforce-amid-ban-weight-loss-drug-copies-2025-05-30/,Layoffs.fyi
L00019,eBay,"Tel Aviv,Non-U.S.",Israel,Retail,Post-IPO,,,200.0,200-999,2025-05-28,2025,Q2,5,May,22,False,False,,https://www.calcalistech.com/ctechnews/article/hywdt44mxx,Layoffs.fyi
L00020,Cars24,"Gurugram,Non-U.S.",India,Transportation,Series G,,,120.0,50-199,2025-05-27,2025,Q2,5,May,22,False,False,,https://inc42.com/buzz/cars24-to-fire-120-more-employees-in-restructuring-exercise/,Layoffs.fyi
L00022,Otipy,"New Delhi,Non-U.S.",India,Food,Series B,,,300.0,200-999,2025-05-23,2025,Q2,5,May,21,False,False,,https://economictimes.indiatimes.com/tech/startups/subscription-based-grocery-provider-otipy-shuts-shop-impacts-300-employees/articleshow/121367249.cms?from=mdr,Layoffs.fyi
L00023,LeddarTech,"Quebec,Non-U.S.",Canada,Transportation,Post-IPO,,,138.0,50-199,2025-05-22,2025,Q2,5,May,21,False,False,,https://betakit.com/leddartech-cuts-95-percent-of-staff-in-bid-to-rescue-its-business/,Layoffs.fyi
L00024,Climeworks,"Zurich,Non-U.S.",Switzerland,Energy,Private Equity,,,106.0,50-199,2025-05-21,2025,Q2,5,May,21,False,False,,https://www.bloomberg.com/news/articles/2025-05-21/carbon-removal-startup-climeworks-is-cutting-22-of-staff,Layoffs.fyi
L00028,VerSe Innovation copy,"Bengaluru,Non-U.S.",India,Media,Series J,,,350.0,200-999,2025-05-18,2025,Q2,5,May,20,False,False,,https://inc42.com/buzz/josh-dailyhunt-parent-verse-innovation-lays-off-350-employees/,Layoffs.fyi
L00029,GroundGame Health,Tampa Bay,United States,Healthcare,Series A,,,97.0,50-199,2025-05-15,2025,Q2,5,May,20,False,False,,https://www.bizjournals.com/tampabay/news/2025/05/15/groundgame-health-layoffs.html,Layoffs.fyi
L00030,Noogata,"Tel Aviv,Non-U.S.",Israel,AI,Series A,,,10.0,1-49,2025-05-15,2025,Q2,5,May,20,False,False,,https://www.calcalistech.com/ctechnews/article/bjluv00711xe,Layoffs.fyi
L00031,Amazon,Seattle,United States,Retail,Post-IPO,,,100.0,50-199,2025-05-14,2025,Q2,5,May,20,False,False,,https://www.cnbc.com/2025/05/14/amazon-lays-off-about-100-employees-in-devices-and-services-unit.html,Layoffs.fyi
L00032,Microsoft,Seattle,United States,Other,Post-IPO,,,6000.0,"5,000+",2025-05-13,2025,Q2,5,May,20,True,True,,https://www.cnbc.com/2025/05/13/microsoft-is-cutting-3percent-of-workers-across-the-software-company.html,Layoffs.fyi
L00033,Chegg,SF Bay Area,United States,Education,Post-IPO,,,248.0,200-999,2025-05-12,2025,Q2,5,May,20,False,False,,https://www.reuters.com/world/americas/chegg-lay-off-22-workforce-ai-tools-shake-up-edtech-industry-2025-05-12/,Layoffs.fyi
L00034,Match Group,New York City,United States,Consumer,Post-IPO,,,325.0,200-999,2025-05-08,2025,Q2,5,May,19,False,False,,https://www.bloomberg.com/news/articles/2025-05-08/match-group-cuts-13-staff-in-latest-move-to-reverse-declines,Layoffs.fyi
L00035,CrowdStrike,SF Bay Area,United States,Security,Post-IPO,,,500.0,200-999,2025-05-07,2025,Q2,5,May,19,False,False,,https://www.wsj.com/business/crowdstrike-to-cut-5-of-workforce-8eda42ed?st=dVSJCS&reflink=desktopwebshare_permalink,Layoffs.fyi
L00036,OpenText,"Waterloo,Non-U.S.",Canada,Data,Post-IPO,,,1600.0,"1,000-4,999",2025-05-06,2025,Q2,5,May,19,True,False,,https://betakit.com/opentext-makes-ai-number-one-priority-as-company-slashes-1600-jobs/,Layoffs.fyi
L00037,GenWise,"New Delhi,Non-U.S.",India,Other,Seed,,,15.0,1-49,2025-05-05,2025,Q2,5,May,19,False,False,,https://entrackr.com/exclusive/exclusive-z47-backed-genwise-lays-off-20-of-workforce-9036952,Layoffs.fyi
L00039,Deep Instinct,"Tel Aviv,Non-U.S.",Israel,Security,Unknown,,,20.0,1-49,2025-05-04,2025,Q2,5,May,18,False,False,,https://www.calcalistech.com/ctechnews/article/bjfqkgbglx,Layoffs.fyi
L00041,Beam,"Bristol,Non-U.S.",United Kingdom,Other,Unknown,,,200.0,200-999,2025-05-01,2025,Q2,5,May,18,False,False,,https://sifted.eu/articles/beam-robotics-shuts-down,Layoffs.fyi
L00043,NetApp,SF Bay Area,United States,Data,Post-IPO,,,700.0,200-999,2025-04-30,2025,Q2,4,April,18,False,False,,https://blocksandfiles.com/2025/04/30/netapp-making-layoffs/,Layoffs.fyi
L00044,Electronic Arts,SF Bay Area,United States,Consumer,Post-IPO,,,300.0,200-999,2025-04-29,2025,Q2,4,April,18,False,False,,https://www.bloomberg.com/news/articles/2025-04-29/electronic-arts-lays-off-hundreds-cancels-titanfall-game,Layoffs.fyi
L00049,Cars24,"Gurugram,Non-U.S.",India,Transportation,Series G,,,200.0,200-999,2025-04-26,2025,Q2,4,April,17,False,False,,https://entrackr.com/exclusive/exclusive-cars24-lays-off-200-employees-9003193,Layoffs.fyi
L00050,SambaNova,SF Bay Area,United States,AI,Series D,,,77.0,50-199,2025-04-25,2025,Q2,4,April,17,False,False,,https://www.eetimes.com/sambanova-lays-off-15-of-workforce-to-refocus-on-inference/,Layoffs.fyi
L00051,Meta,SF Bay Area,United States,Consumer,Post-IPO,,,100.0,50-199,2025-04-24,2025,Q2,4,April,17,False,False,,https://www.bloomberg.com/news/articles/2025-04-24/meta-lays-off-more-than-100-staff-across-reality-labs-unit,Layoffs.fyi
L00052,Intel,Sacramento,United States,Hardware,Post-IPO,,,22000.0,"5,000+",2025-04-23,2025,Q2,4,April,17,True,True,,https://www.bloomberg.com/news/articles/2025-04-23/intel-to-announce-plans-this-week-to-cut-more-than-20-of-staff?srnd=homepage-americas,Layoffs.fyi
L00053,Zopper,"Noida,Non-U.S.",India,Finance,Series D,,,100.0,50-199,2025-04-17,2025,Q2,4,April,16,False,False,,https://inc42.com/buzz/elevation-capital-backed-zopper-fires-100-employees/,Layoffs.fyi
L00055,AppLovin,SF Bay Area,United States,Marketing,Post-IPO,,,97.0,50-199,2025-04-16,2025,Q2,4,April,16,False,False,,https://www.pocketgamer.biz/applovin-lays-off-97-staff/,Layoffs.fyi
L00056,Smashing,SF Bay Area,United States,Consumer,Seed,,,7.0,1-49,2025-04-16,2025,Q2,4,April,16,False,False,,https://techcrunch.com/2025/04/16/smashing-the-reading-curation-app-by-goodreads-founder-shuts-down/,Layoffs.fyi
L00054,Turo,SF Bay Area,United States,Transportation,Series E,,,150.0,50-199,2025-04-16,2025,Q2,4,April,16,False,False,,https://www.bloomberg.com/news/articles/2025-04-16/car-rental-startup-turo-cuts-15-of-workers-after-icing-ipo,Layoffs.fyi
L00057,GupShup,SF Bay Area,India,Other,Series F,,,200.0,200-999,2025-04-15,2025,Q2,4,April,16,False,False,,https://inc42.com/buzz/exclusive-saas-unicorn-gupshup-fires-500-employees/,Layoffs.fyi
L00059,Forto,"Berlin,Non-U.S.",United States,Logistics,Series D,,,200.0,200-999,2025-04-12,2025,Q2,4,April,15,False,False,,https://www.businessinsider.de/gruenderszene/automotive-mobility/forto-entlassungen-gruende/,Layoffs.fyi
L00064,Five9,SF Bay Area,United States,Support,Post-IPO,,,123.0,50-199,2025-04-03,2025,Q2,4,April,14,False,False,,https://www.marketwatch.com/story/five9-to-cut-4-of-workforce-cd4da325,Layoffs.fyi
L00066,Automattic,SF Bay Area,United States,Other,Series E,,,281.0,200-999,2025-04-02,2025,Q2,4,April,14,False,False,,https://techcrunch.com/2025/04/02/wordpress-maker-automattic-lays-off-16-of-staff/,Layoffs.fyi
L00067,Canva,"Sydney,Non-U.S.",Australia,Consumer,Unknown,,,10.0,1-49,2025-04-02,2025,Q2,4,April,14,False,False,,https://www.afr.com/technology/canva-shocks-employees-with-ai-related-job-cuts-20250331-p5lo06,Layoffs.fyi
L00069,Northvolt,"Stockholm,Non-U.S.",Sweden,Energy,Unknown,,,2800.0,"1,000-4,999",2025-03-31,2025,Q1,3,March,14,True,False,,https://sifted.eu/articles/northvolt-lays-off-half-of-staff-as-bankrupt-battery-maker-seeks-buyer,Layoffs.fyi
L00071,Palantir,Denver,United States,Data,Post-IPO,,,120.0,50-199,2025-03-27,2025,Q1,3,March,13,False,False,,https://finance.yahoo.com/news/palantir-just-cut-over-60-192816370.html,Layoffs.fyi
L00072,Block,SF Bay Area,United States,Finance,Post-IPO,,,931.0,200-999,2025-03-25,2025,Q1,3,March,13,False,False,,https://techcrunch.com/2025/03/25/read-the-email-jack-dorsey-sent-when-he-cut-931-of-blocks-staff/,Layoffs.fyi
L00073,Niantic,SF Bay Area,United States,Other,Series D,,,68.0,50-199,2025-03-25,2025,Q1,3,March,13,False,False,,https://www.sfgate.com/tech/article/niantic-spatial-layoffs-ferry-building-20240572.php,Layoffs.fyi
L00074,Prefect,Washington D.C.,United States,Data,Series B,,,20.0,1-49,2025-03-25,2025,Q1,3,March,13,False,False,,https://www.bizjournals.com/washington/inno/stories/profiles/2025/03/25/prefect-technologies-job-cuts-jeremiah-lowin.html,Layoffs.fyi
L00076,Acxiom,Little Rock,United States,Marketing,Post-IPO,,,130.0,50-199,2025-03-19,2025,Q1,3,March,12,False,False,,https://adage.com/article/agency-news/acxiom-lays-35-staff-more-130-employees/2606146,Layoffs.fyi
L00075,Brightcove,Boston,United States,Marketing,Acquired,,,198.0,50-199,2025-03-19,2025,Q1,3,March,12,False,False,,https://www.boston.com/news/business/2025/03/19/boston-based-streaming-company-brightcove-to-lay-off-198-workers/,Layoffs.fyi
L00077,HelloFresh,SF Bay Area,United States,Food,Post-IPO,,,273.0,200-999,2025-03-17,2025,Q1,3,March,12,False,False,,https://www.grocerydive.com/news/hellofresh-close-texas-distribution-centers-cut-nearly-300-jobs/742616/,Layoffs.fyi
L00078,Otorio,"Tel Aviv,Non-U.S.",Israel,Security,Acquired,,,45.0,1-49,2025-03-17,2025,Q1,3,March,12,False,False,,https://www.calcalistech.com/ctechnews/article/sjz9nob2jl,Layoffs.fyi
L00079,ActiveFence,New York City,United States,Security,Series B,,,22.0,1-49,2025-03-13,2025,Q1,3,March,11,False,False,,https://www.calcalistech.com/ctechnews/article/hjvqbqg3jx,Layoffs.fyi
L00080,D-ID,"Tel Aviv,Non-U.S.",Israel,AI,Series B,,,22.0,1-49,2025-03-10,2025,Q1,3,March,11,False,False,,https://www.calcalistech.com/ctechnews/article/bjrzoinjjg,Layoffs.fyi
L00083,Wayfair ,Boston,Germany,Retail,Post-IPO,,,340.0,200-999,2025-03-07,2025,Q1,3,March,10,False,False,,https://finance.yahoo.com/news/retailer-wayfair-restructures-technology-team-135556649.html,Layoffs.fyi
L00084,Hewlett Packard Enterprise,SF Bay Area,United States,Hardware,Post-IPO,,,2500.0,"1,000-4,999",2025-03-06,2025,Q1,3,March,10,True,False,,https://www.cnbc.com/2025/03/06/hewlett-packard-enterprise-hpe-q1-earnings-report-2025.html,Layoffs.fyi
L00085,TikTok,"Dublin,Non-U.S.",United States,Consumer,Acquired,,,300.0,200-999,2025-03-06,2025,Q1,3,March,10,False,False,,https://www.rte.ie/news/ireland/2025/0306/1500535-tik-tok-ireland/,Layoffs.fyi
L00086,LiveRamp,SF Bay Area,United States,Marketing,Post-IPO,,,65.0,50-199,2025-03-05,2025,Q1,3,March,10,False,False,,https://www.benzinga.com/news/guidance/25/03/44189581/saas-company-liveramp-lays-off-5-of-full-time-workforce-amid-strategic-restructuring,Layoffs.fyi
L00087,Ola Electric,"Bengaluru,Non-U.S.",India,Transportation,Post-IPO,,,1000.0,"1,000-4,999",2025-03-03,2025,Q1,3,March,10,True,False,,https://inc42.com/buzz/ola-electric-to-cut-over-1k-jobs-amid-rising-losses-report/,Layoffs.fyi
L00091,Grubhub,SF Bay Area,United States,Food,Acquired,,,500.0,200-999,2025-02-28,2025,Q1,2,February,9,False,False,,https://www.reuters.com/technology/food-delivery-company-grubhub-lay-off-500-positions-2025-02-28/,Layoffs.fyi
L00090,HP,SF Bay Area,United States,Hardware,Post-IPO,,,2000.0,"1,000-4,999",2025-02-28,2025,Q1,2,February,9,True,False,,https://www.sfchronicle.com/tech/article/hp-job-cuts-tariff-concerns-20193141.php,Layoffs.fyi
L00092,Autodesk,SF Bay Area,United States,Other,Post-IPO,,,1350.0,"1,000-4,999",2025-02-27,2025,Q1,2,February,9,True,False,,https://www.cnbc.com/2025/02/27/autodesk-says-it-will-cut-1350-employees.html,Layoffs.fyi
L00093,Digimarc,Portland,United States,Other,Post-IPO,,,90.0,50-199,2025-02-27,2025,Q1,2,February,9,False,False,,https://www.oregonlive.com/silicon-forest/2025/02/digimarc-shares-plunge-as-oregon-company-lays-off-40-of-its-staff.html,Layoffs.fyi
L00095,Flywire,Boston,United States,Finance,Series E,,,125.0,50-199,2025-02-26,2025,Q1,2,February,9,False,False,,https://www.bostonglobe.com/2025/02/26/business/student-visa-cutback-flywire-stock-price/,Layoffs.fyi
L00096,eBay,"Tel Aviv,Non-U.S.",Israel,Retail,Post-IPO,,,20.0,1-49,2025-02-26,2025,Q1,2,February,9,False,False,,https://www.calcalistech.com/ctechnews/article/bjgsl8n9yl,Layoffs.fyi
L00100,Skybox Security,SF Bay Area,United States,Security,Private Equity,,,300.0,200-999,2025-02-24,2025,Q1,2,February,9,False,False,,https://www.calcalistech.com/ctechnews/article/s1wi4rc5yl,Layoffs.fyi
L00102,Ibotta,Denver,United States,Retail,Post-IPO,,,70.0,50-199,2025-02-22,2025,Q1,2,February,8,False,False,,https://coloradosun.com/2025/02/22/fired-federal-workers-eligible-colorado-unemployment-benefits/#h-other-working-bits,Layoffs.fyi
L00104,Zendesk,SF Bay Area,United States,Support,Acquired,,,51.0,50-199,2025-02-21,2025,Q1,2,February,8,False,False,,https://www.kron4.com/news/bay-area/zendesk-lays-off-dozens-of-employees-at-sf-headquarters/,Layoffs.fyi
L00106,SeatGeek,New York City,United States,Consumer,Series E,,,150.0,50-199,2025-02-20,2025,Q1,2,February,8,False,False,,https://www.theticketingbusiness.com/2025/02/20/seatgeek-to-slash-headcount-by-15-outgoing-employees-claim/,Layoffs.fyi
L00107,Vendease,"Lagos,Non-U.S.",Nigeria,Food,Series A,,,120.0,50-199,2025-02-19,2025,Q1,2,February,8,False,False,,https://techcabal.com/2025/02/19/vendease-second-layoffs/,Layoffs.fyi
L00109,Logically,"Manchester,Non-U.S.",United Kingdom,AI,Series A,,,40.0,1-49,2025-02-17,2025,Q1,2,February,8,False,False,,https://sifted.eu/articles/anti-misinformation-startup-logically-lays-off-dozens-in-global-cost-cutting-drive,Layoffs.fyi
L00111,Blue Origin,Seattle,United States,Aerospace,Unknown,,,1000.0,"1,000-4,999",2025-02-13,2025,Q1,2,February,7,True,False,,https://www.cnn.com/2025/02/13/science/blue-origin-employee-layoffs/index.html,Layoffs.fyi
L00112,Metro Africa Xpress,"Lagos,Non-U.S.",Nigeria,Logistics,Unknown,,,150.0,50-199,2025-02-13,2025,Q1,2,February,7,False,False,,https://techcabal.com/2025/02/13/max-laid-off-150-employees/,Layoffs.fyi
L00114,Redfin,Seattle,United States,Real Estate,Post-IPO,,,450.0,200-999,2025-02-12,2025,Q1,2,February,7,False,False,,https://www.realestatenews.com/2025/02/12/redfin-to-cut-450-roles-following-zillow-rentals-deal,Layoffs.fyi
L00115,Zepz,"London,Non-U.S.",United Kingdom,Finance,Series E,,,200.0,200-999,2025-02-12,2025,Q1,2,February,7,False,False,,https://www.cnbc.com/2025/02/12/fintech-unicorn-zepz-to-lay-off-200-employees-sources-say.html,Layoffs.fyi
L00120,Justworks,New York City,United States,HR,Unknown,,,200.0,200-999,2025-02-10,2025,Q1,2,February,7,False,False,,https://www.justworks.com/press/company-news/a-note-from-justworks-ceo-mike-seckler,Layoffs.fyi
L00121,MessageBird,"Amsterdam,Non-U.S.",Netherlands,Other,Series C,,,120.0,50-199,2025-02-10,2025,Q1,2,February,7,False,False,,https://techcrunch.com/2025/02/10/bird-cuts-120-jobs-as-part-of-strategic-realignment/,Layoffs.fyi
L00118,Meta,SF Bay Area,United States,Consumer,Post-IPO,,,3600.0,"1,000-4,999",2025-02-10,2025,Q1,2,February,7,True,False,,https://finance.yahoo.com/news/mark-zuckerberg-warned-employees-prepare-174916671.html,Layoffs.fyi
L00119,Wise,Tampa Bay,United States,Finance,Post-IPO,,,300.0,200-999,2025-02-10,2025,Q1,2,February,7,False,False,,https://www.tampabay.com/news/business/2025/02/10/wise-close-tampa-offices-cutting-more-than-300-jobs/,Layoffs.fyi
L00122,Sprinklr,New York City,United States,Support,Post-IPO,,,500.0,200-999,2025-02-06,2025,Q1,2,February,6,False,False,,https://techcrunch.com/2025/02/06/sprinklr-cuts-500-employees-citing-underwhelming-business-performance/,Layoffs.fyi
L00129,Hugging Face,New York City,United States,AI,Series D,,,10.0,1-49,2025-02-05,2025,Q1,2,February,6,False,False,,https://www.theinformation.com/briefings/hugging-face-lays-off-4-of-staff,Layoffs.fyi
L00125,Outbrain,New York City,United States,Marketing,Post-IPO,,,200.0,200-999,2025-02-05,2025,Q1,2,February,6,False,False,,https://www.calcalistech.com/ctechnews/article/rkxxve11yyl,Layoffs.fyi
L00127,SRTX,"Montreal,Non-U.S.",Canada,Manufacturing,Unknown,,,140.0,50-199,2025-02-05,2025,Q1,2,February,6,False,False,,https://substack.com/inbox/post/156526787,Layoffs.fyi
L00126,Sonos,Santa Barbara,United States,Consumer,Post-IPO,,,200.0,200-999,2025-02-05,2025,Q1,2,February,6,False,False,,https://www.theverge.com/news/607022/sonos-february-layoffs-app-problems,Layoffs.fyi
L00128,Tabnine,"Tel Aviv,Non-U.S.",Israel,AI,Series B,,,15.0,1-49,2025-02-05,2025,Q1,2,February,6,False,False,,https://www.calcalistech.com/ctechnews/article/h1jlmiek1l,Layoffs.fyi
L00124,Workday,SF Bay Area,United States,HR,Post-IPO,,,1750.0,"1,000-4,999",2025-02-05,2025,Q1,2,February,6,True,False,,https://www.cnbc.com/2025/02/05/workday-to-cut-1750-jobs-in-ai-push.html,Layoffs.fyi
L00132,AppsFlyer,SF Bay Area,United States,Data,Unknown,,,100.0,50-199,2025-02-04,2025,Q1,2,February,6,False,False,,https://www.calcalistech.com/ctechnews/article/hjfbxkkt1e,Layoffs.fyi
L00133,Asana,SF Bay Area,United States,Other,Post-IPO,,,100.0,50-199,2025-02-04,2025,Q1,2,February,6,False,False,,Internal memo,Layoffs.fyi
L00130,Cruise,SF Bay Area,United States,Transportation,Acquired,,,1000.0,"1,000-4,999",2025-02-04,2025,Q1,2,February,6,True,False,,https://techcrunch.com/2025/02/04/cruise-to-slash-workforce-by-50-after-gm-cuts-funding-to-robotaxi-operations/,Layoffs.fyi
L00135,Intel,Sacramento,United States,Hardware,Post-IPO,,,58.0,50-199,2025-02-04,2025,Q1,2,February,6,False,False,,https://folsomtimes.com/intel-announces-another-58-layoffs-for-folsom-campus/,Layoffs.fyi
L00131,Okta,SF Bay Area,United States,Security,Post-IPO,,,180.0,50-199,2025-02-04,2025,Q1,2,February,6,False,False,,https://techcrunch.com/2025/02/04/okta-lays-off-180-employees-nearly-one-year-after-last-workforce-reduction/,Layoffs.fyi
L00134,TripAdvisor,Boston,United States,Travel,Post-IPO,,,75.0,50-199,2025-02-04,2025,Q1,2,February,6,False,False,,https://skift.com/2025/02/04/tripadvisor-fires-more-than-150-employees-and-contractors-scoop/,Layoffs.fyi
L00136,Salesforce,SF Bay Area,United States,Sales,Post-IPO,,,1000.0,"1,000-4,999",2025-02-03,2025,Q1,2,February,6,True,False,,https://finance.yahoo.com/news/salesforce-cut-1-000-roles-002028643.html,Layoffs.fyi
L00137,Sure,New York City,United States,Finance,Series C,,,70.0,50-199,2025-02-03,2025,Q1,2,February,6,False,False,,https://www.theinsurer.com/ti/news/embedded-insurtech-sure-slashes-headcount-by-around-70-amid-latest-fundraising-2025-02-03/,Layoffs.fyi
L00139,Placer.ai,SF Bay Area,United States,Data,Unknown,,,150.0,50-199,2025-01-29,2025,Q1,1,January,5,False,False,,https://www.calcalistech.com/ctechnews/article/sj6ptuddye,Layoffs.fyi
L00141,Digital River,Minneapolis,United States,Retail,Private Equity,,,122.0,50-199,2025-01-28,2025,Q1,1,January,5,False,False,,https://www.startribune.com/digital-river-ecommerce-close-layoff-shut-down-microsoft-online-shop/601213069,Layoffs.fyi
L00143,Stripe,SF Bay Area,United States,Finance,Series I,,,300.0,200-999,2025-01-21,2025,Q1,1,January,4,False,False,,https://www.businessinsider.com/stripe-layoffs-staff-payments-memo-2025-1,Layoffs.fyi
L00145,Unbabel,"Lisbon,Non-U.S.",Portugal,Support,Series C,,,66.0,50-199,2025-01-20,2025,Q1,1,January,4,False,False,,https://observador.pt/2025/01/20/unbabel-reduz-equipa-tecnologica-portuguesa-fala-processo-de-reestruturacao-em-curso/,Layoffs.fyi
L00148,Aurora Solar,SF Bay Area,United States,Energy,Series D,,,58.0,50-199,2025-01-16,2025,Q1,1,January,3,False,False,,https://www.sfexaminer.com/news/technology/sf-green-tech-startup-aurora-solar-laying-off-dozens-again/article_a5fc0dbc-d450-11ef-95d2-03eab04fe214.html,Layoffs.fyi
L00146,Chrono24,"Karlsruhe,Non-U.S.",Germany,Retail,Series C,,,110.0,50-199,2025-01-16,2025,Q1,1,January,3,False,False,,https://usa.watchpro.com/chrono24-reboot-begins-with-one-in-four-workers-cut/,Layoffs.fyi
L00147,Pocket FM,"Bengaluru,Non-U.S.",India,Media,Series D,,,75.0,50-199,2025-01-16,2025,Q1,1,January,3,False,False,,https://yourstory.com/2025/01/pocketfm-75-employees-pushes-toward-profitability,Layoffs.fyi
L00150,AppLovin,SF Bay Area,United States,Marketing,Post-IPO,,,89.0,50-199,2025-01-15,2025,Q1,1,January,3,False,False,,https://www.pocketgamer.biz/applovin-lays-off-97-staff/,Layoffs.fyi
L00149,HeyJobs,"Berlin,Non-U.S.",Germany,Recruiting,Series B,,,90.0,50-199,2025-01-15,2025,Q1,1,January,3,False,False,,https://aimgroup.com/2025/01/15/heyjobs-axes-90-workers-shuts-two-locations-anonymous-sources/,Layoffs.fyi
L00151,ShareChat,"Bengaluru,Non-U.S.",India,Marketing,Series D,,,27.0,1-49,2025-01-15,2025,Q1,1,January,3,False,False,,https://entrackr.com/news/sharechat-cuts-5-jobs-as-part-of-performance-review-cycle-8623795,Layoffs.fyi
L00152,Textio,Seattle,United States,Recruiting,Unknown,,,15.0,1-49,2025-01-15,2025,Q1,1,January,3,False,False,,https://www.geekwire.com/2025/augmented-writing-startup-textio-lays-off-more-employees-will-invest-in-different-mix-of-roles/,Layoffs.fyi
L00159,Pandion,Seattle,United States,Logistics,Series B,,,63.0,50-199,2025-01-10,2025,Q1,1,January,2,False,False,,https://www.geekwire.com/2025/heavily-funded-pandion-delivery-startup-closes-abruptly-in-latest-logistics-industry-fallout/,Layoffs.fyi
L00158,Wayfair,"Berlin,Non-U.S.",Germany,Retail,Post-IPO,,,730.0,200-999,2025-01-10,2025,Q1,1,January,2,False,False,,https://www.cnbc.com/2025/01/10/wayfair-to-exit-germany-cut-730-jobs-in-latest-layoffs.html,Layoffs.fyi
L00161,Icon,Austin,United States,Construction,Series B,,,114.0,50-199,2025-01-09,2025,Q1,1,January,2,False,False,,https://www.statesman.com/story/business/2025/01/09/icon-layoffs-austin-texas-3d-printing-company-100-employees/77573345007/,Layoffs.fyi
L00162,Redfin,Seattle,United States,Real Estate,Post-IPO,,,46.0,1-49,2025-01-09,2025,Q1,1,January,2,False,False,,https://www.geekwire.com/2025/redfin-lays-off-46-employees-in-latest-cuts-at-seattle-real-estate-company/,Layoffs.fyi
L00163,Altruist,SF Bay Area,United States,Finance,Series E,,,37.0,1-49,2025-01-07,2025,Q1,1,January,2,False,False,,https://riabiz.com/a/2025/1/7/altruist-lays-off-10-of-its-staff-despite-300-revenue-jump-to-get-best-possible-people-as-aggressive-hiring-continues-says-ceo,Layoffs.fyi
L00167,SolarEdge,"Tel Aviv,Non-U.S.",Israel,Energy,Post-IPO,,,400.0,200-999,2025-01-06,2025,Q1,1,January,2,False,False,,https://www.reuters.com/business/energy/solaredge-technologies-lay-off-400-employees-globally-2025-01-06/,Layoffs.fyi
L00169,GupShup,SF Bay Area,India,Other,Series F,,,300.0,200-999,2024-12-31,2024,Q4,12,December,1,False,False,,https://inc42.com/buzz/exclusive-saas-unicorn-gupshup-fires-500-employees/,Layoffs.fyi
L00172,Bench,"Vancouver,Non-U.S.",Canada,Finance,Series C,,,450.0,200-999,2024-12-27,2024,Q4,12,December,52,False,False,,https://techcrunch.com/2024/12/27/bench-shuts-down-leaving-thousands-of-businesses-without-access-to-accounting-and-tax-docs/,Layoffs.fyi
L00173,Lilium,"Munich,Non-U.S.",Germany,Aerospace,Post-IPO,,,1000.0,"1,000-4,999",2024-12-23,2024,Q4,12,December,52,True,False,,https://techcrunch.com/2024/12/23/electric-aircraft-startup-lilium-ceases-operations-1000-workers-laid-off/,Layoffs.fyi
L00181,Calendly,Atlanta,United States,Other,Series B,,,70.0,50-199,2024-12-11,2024,Q4,12,December,50,False,False,,https://finance.yahoo.com/news/read-memo-calendlys-ceo-sent-133038639.html,Layoffs.fyi
L00182,Canoo,Los Angeles,United States,Transportation,Post-IPO,,,20.0,1-49,2024-12-11,2024,Q4,12,December,50,False,False,,https://eletric-vehicles.com/canoo/canoo-initiates-layoffs-as-bankruptcy-looms/,Layoffs.fyi
L00180,Foundry,Rochester,United States,Crypto,Subsidiary,,,74.0,50-199,2024-12-11,2024,Q4,12,December,50,False,False,,https://coingeek.com/foundry-lays-off-staff-as-marathon-hive-expand/,Layoffs.fyi
L00185,Bluevine,"Tel Aviv,Non-U.S.",Israel,Finance,Unknown,,,100.0,50-199,2024-12-10,2024,Q4,12,December,50,False,False,,https://www.calcalistech.com/ctechnews/article/bkfccpr4kx,Layoffs.fyi
L00188,Carousell,"Singapore,Non-U.S.",Singapore,Retail,Unknown,,,76.0,50-199,2024-12-06,2024,Q4,12,December,49,False,False,,https://www.channelnewsasia.com/singapore/carousell-layoffs-december-2024-76-roles-strategic-market-resources-4791261,Layoffs.fyi
L00190,Circle,Boston,United States,Crypto,Private Equity,,,50.0,50-199,2024-12-05,2024,Q4,12,December,49,False,False,,https://www.coindesk.com/business/2024/12/05/usdc-issuer-circle-makes-layoffs-as-part-of-operations-review-bloomberg,Layoffs.fyi
L00193,Booking Holdings,Norwalk,United States,Travel,Post-IPO,,,60.0,50-199,2024-12-04,2024,Q4,12,December,49,False,False,,https://skift.com/2024/12/04/booking-holdings-laid-off-60-employees-at-b2b-arm-as-it-resets-priorities/,Layoffs.fyi
L00192,Stash,New York City,United States,Finance,Unknown,,,88.0,50-199,2024-12-04,2024,Q4,12,December,49,False,False,,https://fortune.com/2024/12/04/stash-fintech-layoffs-ceo-departure-acquisition/,Layoffs.fyi
L00195,Skai,"Tel Aviv,Non-U.S.",Israel,Marketing,Series E,,,80.0,50-199,2024-12-03,2024,Q4,12,December,49,False,False,,https://www.calcalistech.com/ctechnews/article/bjorbhhmyg,Layoffs.fyi
L00196,Lightspeed Commerce,"Montreal,Non-U.S.",Canada,Retail,Post-IPO,,,200.0,200-999,2024-12-02,2024,Q4,12,December,49,False,False,,https://www.marketwatch.com/story/lightspeed-commerce-to-cut-200-jobs-17842379,Layoffs.fyi
L00197,Kobo360,"Lagos,Non-U.S.",Nigeria,Logistics,Series B,,,30.0,1-49,2024-11-30,2024,Q4,11,November,48,False,False,,https://techcabal.com/2025/01/20/kobo360-layoff/,Layoffs.fyi
L00198,Klub,"Bengaluru,Non-U.S.",India,Finance,Unknown,,,60.0,50-199,2024-11-29,2024,Q4,11,November,48,False,False,,https://www.livemint.com/companies/start-ups/klub-halves-workforce-peak-xv-trifecta-capital-backed-fintech-startup-11732868338440.html,Layoffs.fyi
L00200,AlphaSense,New York City,United States,Other,Series F,,,150.0,50-199,2024-11-27,2024,Q4,11,November,48,False,False,,https://news.bloomberglaw.com/daily-labor-report/market-research-firm-alphasense-cut-150-jobs-in-restructuring,Layoffs.fyi
L00199,SolarEdge,"Tel Aviv,Non-U.S.",Israel,Energy,Post-IPO,,,500.0,200-999,2024-11-27,2024,Q4,11,November,48,False,False,,https://www.reuters.com/business/energy/inverter-maker-solaredge-reduce-12-its-workforce-2024-11-27/,Layoffs.fyi
L00203,Adjust,"Berlin,Non-U.S.",Germany,Marketing,Acquired,,,304.0,200-999,2024-11-22,2024,Q4,11,November,47,False,False,,https://www.pocketgamer.biz/applovin-owned-adjust-lays-off-staff/,Layoffs.fyi
L00202,Ola Electric,"Bengaluru,Non-U.S.",India,Transportation,Post-IPO,,,500.0,200-999,2024-11-22,2024,Q4,11,November,47,False,False,,https://www.techinasia.com/news/indias-ola-electric-cuts-500-employees-boost-profits,Layoffs.fyi
L00205,LinkedIn,SF Bay Area,United States,Recruiting,Acquired,,,202.0,200-999,2024-11-21,2024,Q4,11,November,47,False,False,,https://www.theinformation.com/briefings/linkedin-lays-off-200-employees,Layoffs.fyi
L00208,TrueLayer,"London,Non-U.S.",United Kingdom,Finance,Series E,,,71.0,50-199,2024-11-15,2024,Q4,11,November,46,False,False,,https://www.cityam.com/former-fintech-unicorn-truelayer-laid-off-a-quarter-of-staff-in-one-day/,Layoffs.fyi
L00209,Better Collective,"Copenhagen,Non-U.S.",Denmark,Other,Unknown,,,300.0,200-999,2024-11-14,2024,Q4,11,November,46,False,False,,https://www.igbaffiliate.com/en/articles/117348/m-a-helps-better-collective-fend-off-trouble-in-q3-as-300-staff-layoffs-revealed/,Layoffs.fyi
L00210,Kuku FM,"Mumbai,Non-U.S.",India,Media,Series C,,,80.0,50-199,2024-11-14,2024,Q4,11,November,46,False,False,,https://inc42.com/buzz/kuku-fm-fires-100-employees-to-cut-costs/,Layoffs.fyi
L00211,AMD,SF Bay Area,United States,Hardware,Post-IPO,,,1000.0,"1,000-4,999",2024-11-13,2024,Q4,11,November,46,True,False,,https://www.techopedia.com/news/amd-layoffs-amid-mixed-earnings-and-intel-merger-speculation,Layoffs.fyi
L00212,AppLovin,SF Bay Area,United States,Marketing,Post-IPO,,,120.0,50-199,2024-11-13,2024,Q4,11,November,46,False,False,,https://www.sfgate.com/tech/article/applovin-layoffs-stock-market-run-19920195.php,Layoffs.fyi
L00213,Chegg,SF Bay Area,United States,Education,Post-IPO,,,319.0,200-999,2024-11-12,2024,Q4,11,November,46,False,False,,https://www.wsj.com/livecoverage/stock-market-today-dow-sp500-nasdaq-live-11-12-2024/card/online-education-company-chegg-to-lay-off-staff-as-ai-tools-weigh-on-revenue-targets-qYYbTOKMAe8OblSEyLUD,Layoffs.fyi
L00214,Forward,SF Bay Area,United States,Healthcare,Series E,,,200.0,200-999,2024-11-12,2024,Q4,11,November,46,False,False,,https://www.theinformation.com/articles/forward-startup-behind-doctor-in-box-healthcare-modules-to-shut-down,Layoffs.fyi
L00215,Lyra Health,SF Bay Area,United States,Healthcare,Series F,,,77.0,50-199,2024-11-12,2024,Q4,11,November,46,False,False,,https://www.fiercehealthcare.com/digital-health/lyra-lays-2-workforce-amid-restructuring-impacting-non-clinicians,Layoffs.fyi
L00219,23andMe,SF Bay Area,United States,Healthcare,Post-IPO,,,200.0,200-999,2024-11-11,2024,Q4,11,November,46,False,False,,https://www.wsj.com/tech/biotech/23andme-to-cut-workforce-by-40-discontinues-therapeutics-pipeline-8c818729,Layoffs.fyi
L00218,Enphase Energy,SF Bay Area,United States,Energy,Post-IPO,,,500.0,200-999,2024-11-11,2024,Q4,11,November,46,False,False,,https://www.sfgate.com/tech/article/enphase-energy-layoffs-workers-solar-19907535.php,Layoffs.fyi
L00220,Sword Health,New York City,United States,Healthcare,Unknown,,,13.0,1-49,2024-11-11,2024,Q4,11,November,46,False,False,,https://www.businessinsider.com/3-billion-sword-health-cuts-physical-therapists-2024-11,Layoffs.fyi
L00221,Monarch Tractor,SF Bay Area,United States,Other,Unknown,,,35.0,1-49,2024-11-08,2024,Q4,11,November,45,False,False,,https://techcrunch.com/2024/11/08/monarch-tractor-lays-off-10-in-restructuring-towards-software-and-licensing-av-tech/,Layoffs.fyi
L00228,Akamai,Boston,United States,Security,Post-IPO,,,250.0,200-999,2024-11-07,2024,Q4,11,November,45,False,False,,https://www.bizjournals.com/boston/news/2024/11/07/akamai-layoffs-2024.html,Layoffs.fyi
L00225,Freshworks,SF Bay Area,United States,Support,Post-IPO,,,660.0,200-999,2024-11-07,2024,Q4,11,November,45,False,False,,https://entrackr.com/news/freshworks-announces-13-layoffs-400-mn-stock-buyback-and-q3-results-7561767,Layoffs.fyi
L00226,Just Eat,"Amsterdam,Non-U.S.",Netherlands,Food,Acquired,,,300.0,200-999,2024-11-07,2024,Q4,11,November,45,False,False,,https://www.dailymail.co.uk/news/article-14048375/just-eat-job-cuts-redundancies.html,Layoffs.fyi
L00227,Opendoor,SF Bay Area,United States,Real Estate,Post-IPO,,,300.0,200-999,2024-11-07,2024,Q4,11,November,45,False,False,,https://investor.opendoor.com/static-files/b720864a-b9b8-4286-a2f0-d35abb057f17,Layoffs.fyi
L00230,Personio,"Munich,Non-U.S.",Germany,HR,Series E,,,115.0,50-199,2024-11-07,2024,Q4,11,November,45,False,False,,https://www.businessinsider.de/gruenderszene/business/neue-entlassungswelle-bei-personio-115-leute-muessen-gehen/,Layoffs.fyi
L00229,ShareFile,Raleigh,United States,Other,Acquired,,,199.0,50-199,2024-11-07,2024,Q4,11,November,45,False,False,,https://www.newsobserver.com/news/business/article295211124.html,Layoffs.fyi
L00232,Outreach,Seattle,United States,Sales,Series G,,,67.0,50-199,2024-11-06,2024,Q4,11,November,45,False,False,,https://www.geekwire.com/2024/outreach-cuts-9-of-workforce-in-latest-layoffs-at-seattle-sales-automation-startup/,Layoffs.fyi
L00231,iRobot,Boston,United States,Consumer,Post-IPO,,,105.0,50-199,2024-11-06,2024,Q4,11,November,45,False,False,,https://techcrunch.com/2024/11/06/irobot-lays-off-another-105-employees/,Layoffs.fyi
L00235,Incredibuild,"Tel Aviv,Non-U.S.",Israel,Product,Acquired,,,18.0,1-49,2024-11-04,2024,Q4,11,November,45,False,False,,https://www.calcalistech.com/ctechnews/article/1ifvf95ra,Layoffs.fyi
L00236,Atera,"Tel Aviv,Non-U.S.",Israel,Other,Series B,,,20.0,1-49,2024-11-03,2024,Q4,11,November,44,False,False,,https://www.calcalistech.com/ctechnews/article/byvtjavbyg,Layoffs.fyi
L00237,Maven Clinic,New York City,United States,Healthcare,Series F,,,60.0,50-199,2024-11-01,2024,Q4,11,November,44,False,False,,https://endpts.com/maven-clinic-cuts-10-of-workforce-weeks-after-raising-125m/,Layoffs.fyi
L00240,Dropbox,SF Bay Area,United States,Other,Post-IPO,,,527.0,200-999,2024-10-30,2024,Q4,10,October,44,False,False,,https://techcrunch.com/2024/10/30/dropbox-is-laying-off-20-of-its-staff/,Layoffs.fyi
L00241,Kraken,SF Bay Area,United States,Crypto,Unknown,,,400.0,200-999,2024-10-30,2024,Q4,10,October,44,False,False,,https://www.nytimes.com/2024/10/30/technology/kraken-cryptocurrency-layoff-ceo.html,Layoffs.fyi
L00242,Miro,SF Bay Area,United States,Other,Series C,,,275.0,200-999,2024-10-30,2024,Q4,10,October,44,False,False,,https://www.theinformation.com/articles/productivity-startup-miro-to-lay-off-roughly-18-of-staff,Layoffs.fyi
L00243,ConsenSys,New York City,United States,Crypto,Series D,,,163.0,50-199,2024-10-29,2024,Q4,10,October,44,False,False,,https://decrypt.co/288832/ethereum-giant-consensys-layoffs-eth-slump,Layoffs.fyi
L00244,F5,Seattle,United States,Security,Post-IPO,,,100.0,50-199,2024-10-29,2024,Q4,10,October,44,False,False,,https://www.geekwire.com/2024/f5-confirms-new-round-of-job-cuts-continuing-annual-pattern-of-workforce-reductions/,Layoffs.fyi
L00247,Coursera,SF Bay Area,United States,Education,Post-IPO,,,150.0,50-199,2024-10-25,2024,Q4,10,October,43,False,False,,https://www.classcentral.com/report/cousera-layoffs-2024/,Layoffs.fyi
L00251,Catena Media,"Sliema,Non-U.S.",Malta,Marketing,Unknown,,,29.0,1-49,2024-10-23,2024,Q4,10,October,43,False,False,,https://whoswho.mt/en/catena-media-cuts-29-content-and-marketing-jobs,Layoffs.fyi
L00254,Jellysmack,New York City,France,Media,Series C,,,22.0,1-49,2024-10-21,2024,Q4,10,October,43,False,False,,https://www.businessinsider.in/tech/news/jellysmack-is-laying-off-staff-as-it-scales-back-its-creator-program/articleshow/114434680.cms,Layoffs.fyi
L00253,Venminder,Louisville,United States,Security,Acquired,,,100.0,50-199,2024-10-21,2024,Q4,10,October,43,False,False,,https://www.bizjournals.com/louisville/inno/stories/news/2024/10/21/venminder-mass-layoff-elizabethtown-tech-2024.html,Layoffs.fyi
L00259,AppLovin,SF Bay Area,United States,Marketing,Post-IPO,,,58.0,50-199,2024-10-15,2024,Q4,10,October,42,False,False,,https://www.pocketgamer.biz/applovin-owned-adjust-lays-off-staff/,Layoffs.fyi
L00258,Gigamon,SF Bay Area,United States,Data,Acquired,,,69.0,50-199,2024-10-15,2024,Q4,10,October,42,False,False,,https://www.sfgate.com/tech/article/gigamon-layoffs-elliott-investment-management-19839414.php,Layoffs.fyi
L00261,Bytedance,"Jakarta,Non-U.S.",Indonesia,Consumer,Unknown,,,500.0,200-999,2024-10-11,2024,Q4,10,October,41,False,False,,https://www.reuters.com/technology/bytedance-cuts-over-700-jobs-malaysia-shift-towards-ai-moderation-sources-say-2024-10-11/,Layoffs.fyi
L00262,Nikola,Phoenix,United States,Transportation,Post-IPO,,,130.0,50-199,2024-10-11,2024,Q4,10,October,41,False,False,,https://finance.yahoo.com/news/numbers-nikola-150000920.html,Layoffs.fyi
L00264,CareerBuilder + Monster,Chicago,United States,Recruiting,Acquired,,,200.0,200-999,2024-10-10,2024,Q4,10,October,41,False,False,,https://aimgroup.com/2024/10/10/200-laid-off-at-new-careerbuilder-monster-staff-cut-of-15-hits-all-departments-levels/,Layoffs.fyi
L00268,BeepKart,"Bengaluru,Non-U.S.",India,Retail,Series A,,,130.0,50-199,2024-10-08,2024,Q4,10,October,41,False,False,,https://inc42.com/buzz/exclusive-beepkart-fires-130-employees-in-5-months-to-cut-costs-halves-store-count/,Layoffs.fyi
L00270,Eaze,SF Bay Area,United States,Consumer,Series D,,,500.0,200-999,2024-10-07,2024,Q4,10,October,41,False,False,,https://www.sfgate.com/cannabis/article/eaze-california-layoffs-19820734.php,Layoffs.fyi
L00271,PubMatic,SF Bay Area,United States,Marketing,Post-IPO,,,12.0,1-49,2024-10-07,2024,Q4,10,October,41,False,False,,https://www.businessinsider.com/adtech-company-pubmatic-layoffs-staff-reductions-2024-10,Layoffs.fyi
L00273,AppLovin,SF Bay Area,United States,Marketing,Post-IPO,,,65.0,50-199,2024-10-03,2024,Q4,10,October,40,False,False,,https://www.pocketgamer.biz/applovin-owned-adjust-lays-off-staff/,Layoffs.fyi
L00274,Tome,SF Bay Area,United States,Sales,Series B,,,12.0,1-49,2024-10-02,2024,Q4,10,October,40,False,False,,https://www.theinformation.com/briefings/early-generative-ai-startup-leader-tome-lays-of-31-of-staff,Layoffs.fyi
L00277,ABBYY,Nicosia,Cyprus,Data,Unknown,,,200.0,200-999,2024-10-01,2024,Q4,10,October,40,False,False,,https://www.bignewsnetwork.com/news/274659725/us-tech-giant-fires-russian-expats,Layoffs.fyi
L00278,FreshBooks,"Toronto,Non-U.S.",Canada,Finance,Unknown,,,140.0,50-199,2024-10-01,2024,Q4,10,October,40,False,False,,https://www.freshbooks.com/blog/a-letter-from-mara,Layoffs.fyi
L00280,Marin Software,SF Bay Area,United States,Marketing,Post-IPO,,,27.0,1-49,2024-09-30,2024,Q3,9,September,40,False,False,,https://www.businesswire.com/news/home/20241031446878/en/Marin-Software-Announces-Third-Quarter-2024-Financial-Results,Layoffs.fyi
L00281,Shein,"Singapore,Non-U.S.",Singapore,Retail,Private Equity,,,17.0,1-49,2024-09-30,2024,Q3,9,September,40,False,False,,https://marketech-apac.com/shein-lays-off-17-employees-in-sg-despite-local-growth-plans/,Layoffs.fyi
L00279,Vendease,"Lagos,Non-U.S.",Nigeria,Food,Series A,,,68.0,50-199,2024-09-30,2024,Q3,9,September,40,False,False,,https://techcabal.com/2025/02/19/vendease-second-layoffs/,Layoffs.fyi
L00284,Drata,San Diego,United States,Security,Series C,,,40.0,1-49,2024-09-26,2024,Q3,9,September,39,False,False,,https://techcrunch.com/2024/09/26/security-compliance-unicorn-drata-lays-off-9-of-its-workforce/,Layoffs.fyi
L00285,Moov,Cedar Falls,United States,Finance,Series B,,,50.0,50-199,2024-09-25,2024,Q3,9,September,39,False,False,,https://www.linkedin.com/posts/jasonmikula_andreessen-horowitz-backed-payment-infrastructure-activity-7244381710526689280-_P05/,Layoffs.fyi
L00286,FreightWaves,Chattanooga,United States,Logistics,Private Equity,,,16.0,1-49,2024-09-24,2024,Q3,9,September,39,False,False,,https://www.timesfreepress.com/news/2024/sep/24/chattanoogas-freightwaves-eliminates-16-jobs/,Layoffs.fyi
L00288,Northvolt,"Stockholm,Non-U.S.",Sweden,Energy,Unknown,,,1600.0,"1,000-4,999",2024-09-23,2024,Q3,9,September,39,True,False,,https://www.cnbc.com/2024/09/23/battery-giant-northvolt-to-cut-25percent-of-swedish-workforce-in-cost-cutting-drive.html,Layoffs.fyi
L00290,Healthy.io,"Tel Aviv,Non-U.S.",United States,Healthcare,Series D,,,40.0,1-49,2024-09-22,2024,Q3,9,September,38,False,False,,https://www.calcalistech.com/ctechnews/article/rkbihy060,Layoffs.fyi
L00291,Reverb,Chicago,United States,Retail,Acquired,,,40.0,1-49,2024-09-20,2024,Q3,9,September,38,False,False,,https://www.valueaddedresource.net/etsy-reverb-layoffs-september-2024/,Layoffs.fyi
L00294,CarTrawler,"Dublin,Non-U.S.",Ireland,Transportation,Acquired,,,40.0,1-49,2024-09-19,2024,Q3,9,September,38,False,False,,https://www.businesspost.ie/tech-news/cartrawler-to-cut-10-of-workforce-amid-strategic-shift-but-new-roles-will-follow/,Layoffs.fyi
L00297,Aakash,"New Delhi,Non-U.S.",India,Education,Acquired,,,80.0,50-199,2024-09-18,2024,Q3,9,September,38,False,False,,https://entrackr.com/2024/09/exclusive-aakash-lays-off-employees-amid-strategic-shift/,Layoffs.fyi
L00296,Spendesk,"Paris,Non-U.S.",France,Finance,Series C,,,151.0,50-199,2024-09-18,2024,Q3,9,September,38,False,False,,https://www.lesechos.fr/start-up/ecosysteme/french-tech-la-licorne-spendesk-taille-dans-ses-effectifs-2119722,Layoffs.fyi
L00299,Runtastic,"Linz,Non-U.S.",Austria,Fitness,Acquired,,,170.0,50-199,2024-09-16,2024,Q3,9,September,38,False,False,,https://www.derstandard.at/story/3000000236735/adidas-sperrt-runtastic-in-pasching-und-wien-zu?ref=rss,Layoffs.fyi
L00300,Microsoft,Seattle,United States,Other,Post-IPO,,,650.0,200-999,2024-09-12,2024,Q3,9,September,37,False,False,,https://www.ign.com/articles/microsoft-lays-off-another-650-staff-from-its-video-game-workforce-xbox-boss-phil-spencer-sends-memo-to-staff,Layoffs.fyi
L00302,Udemy,SF Bay Area,United States,Education,Post-IPO,,,280.0,200-999,2024-09-11,2024,Q3,9,September,37,False,False,,https://investors.udemy.com/static-files/98f10e29-29a6-4b13-bfcc-79ee29c14a02,Layoffs.fyi
L00303,Mobileye,"Jerusalem,Non-U.S.",Israel,Transportation,Post-IPO,,,100.0,50-199,2024-09-09,2024,Q3,9,September,37,False,False,,https://www.calcalistech.com/ctechnews/article/bj11rpdhh0,Layoffs.fyi
L00306,WeTransfer,"Amsterdam,Non-U.S.",Netherlands,Other,Acquired,,,260.0,200-999,2024-09-08,2024,Q3,9,September,36,False,False,,https://techcrunch.com/2024/09/08/bending-spoons-plans-to-lay-off-75-of-wetransfer-staff-after-acquisition/,Layoffs.fyi
L00307,Center,Seattle,United States,Finance,Series C,,,8.0,1-49,2024-09-07,2024,Q3,9,September,36,False,False,,https://www.geekwire.com/2024/corporate-expense-software-startup-center-lays-off-workers/,Layoffs.fyi
L00308,Goop,Los Angeles,United States,Retail,Unknown,,,39.0,1-49,2024-09-06,2024,Q3,9,September,36,False,False,,https://www.businessinsider.com/gwyneth-paltrow-goop-lays-off-staff-refocuses-on-beauty-food-2024-9,Layoffs.fyi
L00310,ChargePoint,SF Bay Area,United States,Manufacturing,Unknown,,,250.0,200-999,2024-09-04,2024,Q3,9,September,36,False,False,,https://www.marketwatch.com/story/chargepoint-to-cut-15-of-workforce-7cebef74,Layoffs.fyi
L00311,Fly.io,Chicago,United States,Infrastructure,Series C,,,40.0,1-49,2024-09-04,2024,Q3,9,September,36,False,False,,https://news.ycombinator.com/item?id=41442521,Layoffs.fyi
L00312,Lyft,SF Bay Area,United States,Transportation,Post-IPO,,,30.0,1-49,2024-09-04,2024,Q3,9,September,36,False,False,,https://www.cnbc.com/2024/09/04/lyft-layoffs.html,Layoffs.fyi
L00315,Dozee,"Bengaluru,Non-U.S.",India,Healthcare,Series A,,,40.0,1-49,2024-09-02,2024,Q3,9,September,36,False,False,,https://inc42.com/buzz/dozee-lays-off-around-40-employees/,Layoffs.fyi
L00316,Dunzo,"Bengaluru,Non-U.S.",India,Food,Unknown,,,150.0,50-199,2024-08-31,2024,Q3,8,August,35,False,False,,https://inc42.com/buzz/dunzo-fires-150-more-employees-amid-funding-woes/,Layoffs.fyi
L00317,Character.ai,SF Bay Area,United States,AI,Series A,,,6.0,1-49,2024-08-29,2024,Q3,8,August,35,False,False,,https://www.theinformation.com/briefings/character-ai-lays-off-at-least-5-of-its-staff,Layoffs.fyi
L00318,Brave,SF Bay Area,United States,Consumer,Series B,,,27.0,1-49,2024-08-28,2024,Q3,8,August,35,False,False,,https://techcrunch.com/2024/08/28/brave-lays-off-27-employees/,Layoffs.fyi
L00319,Apple,SF Bay Area,United States,Hardware,Post-IPO,,,100.0,50-199,2024-08-27,2024,Q3,8,August,35,False,False,,https://www.bloomberg.com/news/articles/2024-08-28/apple-cuts-about-100-services-jobs-as-part-of-priority-shift,Layoffs.fyi
L00320,IBM,"Beijing,Non-U.S.",China,Hardware,Post-IPO,,,1000.0,"1,000-4,999",2024-08-26,2024,Q3,8,August,35,True,False,,https://www.reuters.com/technology/ibm-close-china-rd-department-affecting-over-1000-jobs-yicai-reports-2024-08-26/,Layoffs.fyi
L00321,Tome Biosciences,Boston,United States,Healthcare,Series A,,,131.0,50-199,2024-08-26,2024,Q3,8,August,35,False,False,,https://www.biopharmadive.com/news/tome-biosciences-layoffs-startup-strategic-options/725214/,Layoffs.fyi
L00322,Velo3D,SF Bay Area,United States,Manufacturing,Post-IPO,,,42.0,1-49,2024-08-26,2024,Q3,8,August,35,False,False,,https://www.siliconvalley.com/2024/08/19/economy-tech-jobs-layoff-south-bay-silicon-valley-biotech-internet/,Layoffs.fyi
L00326,Redfin,Seattle,United States,Real Estate,Post-IPO,,,82.0,50-199,2024-08-22,2024,Q3,8,August,34,False,False,,https://www.seattletimes.com/business/real-estate/redfin-lays-off-dozens-amid-changes-to-agent-pay-sluggish-market/,Layoffs.fyi
L00329,Five9,SF Bay Area,United States,Support,Post-IPO,,,190.0,50-199,2024-08-20,2024,Q3,8,August,34,False,False,,https://www.crn.com/news/cloud/2024/five9-plans-7-percent-workforce-layoffs,Layoffs.fyi
L00328,Skip the Dishes,"Winnipeg,Non-U.S.",Canada,Food,Acquired,,,800.0,200-999,2024-08-20,2024,Q3,8,August,34,False,False,,https://www.cbc.ca/news/canada/manitoba/skip-the-dishes-lay-off-canadian-jobs-1.7299719,Layoffs.fyi
L00331,GoPro,SF Bay Area,United States,Consumer,Post-IPO,,,139.0,50-199,2024-08-19,2024,Q3,8,August,34,False,False,,https://www.reuters.com/technology/gopro-cut-15-workforce-restructuring-push-2024-08-19/,Layoffs.fyi
L00333,Paper,"Montreal,Non-U.S.",Canada,Education,Series D,,,81.0,50-199,2024-08-16,2024,Q3,8,August,33,False,False,,https://betakit.com/phil-cutler-removed-as-paper-ceo-startup-reportedly-cuts-staff-by-45-percent/,Layoffs.fyi
L00334,Retention.com,Austin,United States,Marketing,Unknown,,,15.0,1-49,2024-08-16,2024,Q3,8,August,33,False,False,,https://www.linkedin.com/posts/retentionadam_this-is-a-tough-post-to-write-last-friday-activity-7230266178835771392-VeMU/,Layoffs.fyi
L00337,AppLovin,SF Bay Area,United States,Marketing,Post-IPO,,,61.0,50-199,2024-08-15,2024,Q3,8,August,33,False,False,,https://www.siliconvalley.com/2024/08/19/economy-tech-jobs-layoff-south-bay-silicon-valley-biotech-internet/,Layoffs.fyi
L00338,Inuitive,"Ra'anana,Non-U.S.",Israel,Manufacturing,Unknown,,,16.0,1-49,2024-08-15,2024,Q3,8,August,33,False,False,,https://www.calcalistech.com/ctechnews/article/ry118noi90,Layoffs.fyi
L00343,Sonos,Santa Barbara,United States,Consumer,Post-IPO,,,100.0,50-199,2024-08-14,2024,Q3,8,August,33,False,False,,https://www.theverge.com/2024/8/14/24220357/sonos-layoffs-august-2024-app,Layoffs.fyi
L00344,Grail,SF Bay Area,United States,Healthcare,Post-IPO,,,350.0,200-999,2024-08-13,2024,Q3,8,August,33,False,False,,https://www.sfgate.com/tech/article/grail-biotech-layoffs-menlo-park-19659668.php,Layoffs.fyi
L00349,Branch.io,SF Bay Area,United States,Marketing,Series F,,,100.0,50-199,2024-08-09,2024,Q3,8,August,32,False,False,,https://9to5google.com/2024/08/09/nova-launcher-faces-rocky-future-after-dev-team-layoffs/,Layoffs.fyi
L00348,Cisco,SF Bay Area,United States,Infrastructure,Post-IPO,,,5600.0,"5,000+",2024-08-09,2024,Q3,8,August,32,True,True,,https://techcrunch.com/2024/09/17/ciscos-second-layoff-of-2024-affect-thousands-of-employees/,Layoffs.fyi
L00350,iCIMS,Holmdel,United States,Recruiting,Acquired,,,69.0,50-199,2024-08-09,2024,Q3,8,August,32,False,False,,https://twitter.com/AsburyParkPress/status/1821892949640184004,Layoffs.fyi
L00352,Submittable,Missoula,United States,Other,Unknown,,,40.0,1-49,2024-08-08,2024,Q3,8,August,32,False,False,,https://www.geekwire.com/2024/social-impact-software-platform-submittable-acquires-wizehive-cuts-staff/,Layoffs.fyi
L00354,Eventbrite,SF Bay Area,United States,Consumer,Post-IPO,,,100.0,50-199,2024-08-07,2024,Q3,8,August,32,False,False,,https://www.marketwatch.com/story/eventbrite-to-about-100-jobs-reducing-headcount-by-11-a5daf94b,Layoffs.fyi
L00356,Axios Media,Washington D.C.,United States,Media,Acquired,,,50.0,50-199,2024-08-06,2024,Q3,8,August,32,False,False,,https://www.nytimes.com/2024/08/06/business/media/axios-layoffs.html,Layoffs.fyi
L00359,Infineon,"Munich,Non-U.S.",Germany,Manufacturing,Post-IPO,,,1400.0,"1,000-4,999",2024-08-05,2024,Q3,8,August,32,True,False,,https://finance.yahoo.com/news/infineon-cut-1-400-jobs-125510481.html,Layoffs.fyi
L00360,Jam City,Los Angeles,United States,Consumer,Unknown,,,85.0,50-199,2024-08-05,2024,Q3,8,August,32,False,False,,https://www.pocketgamer.biz/jam-city-has-laid-off-10-of-its-workforce/,Layoffs.fyi
L00362,ShareChat,"Bengaluru,Non-U.S.",India,Marketing,Series D,,,30.0,1-49,2024-08-03,2024,Q3,8,August,31,False,False,,https://yourstory.com/2024/08/sharechat-bags-16m-edbi-lays-off-5-percent-workforce,Layoffs.fyi
L00364,Avaya,Durham,United States,Other,Post-IPO,,,180.0,50-199,2024-08-01,2024,Q3,8,August,31,False,False,,https://www.uctoday.com/unified-communications/avaya-layoffs-theyve-talked-the-talk-now-they-need-to-walk-the-walk/,Layoffs.fyi
L00363,Intel,SF Bay Area,United States,Hardware,Post-IPO,,,15000.0,"5,000+",2024-08-01,2024,Q3,8,August,31,True,True,,https://www.intel.com/content/www/us/en/newsroom/news/actions-accelerate-our-progress.html#gs.cgq6eg,Layoffs.fyi
L00366,Bungie,Seattle,United States,Consumer,Acquired,,,220.0,200-999,2024-07-31,2024,Q3,7,July,31,False,False,,https://www.bungie.net/7/en/News/article/newpath,Layoffs.fyi
L00367,Delivery Hero,"Berlin,Non-U.S.",Germany,Food,Post-IPO,,,200.0,200-999,2024-07-31,2024,Q3,7,July,31,False,False,,https://www.bloomberg.com/news/articles/2024-07-31/delivery-hero-to-combine-european-and-asian-businesses-cut-jobs,Layoffs.fyi
L00370,Moxion Power,SF Bay Area,United States,Energy,Unknown,,,248.0,200-999,2024-07-29,2024,Q3,7,July,31,False,False,,https://www.sfgate.com/tech/article/moxion-power-shutdown-layoff-huelskamp-19605417.php,Layoffs.fyi
L00372,Pocket FM,"Bengaluru,Non-U.S.",India,Media,Series D,,,200.0,200-999,2024-07-27,2024,Q3,7,July,30,False,False,,https://inc42.com/buzz/lightspeed-backed-pocket-fm-fires-around-200-writers/,Layoffs.fyi
L00373,WayCool,"Chennai,Non-U.S.",India,Food,Unknown,,,200.0,200-999,2024-07-26,2024,Q3,7,July,30,False,False,,https://www.moneycontrol.com/technology/not-cool-agritech-startup-waycool-fires-over-200-employees-in-third-round-of-layoffs-in-12-months-article-12778790.html,Layoffs.fyi
L00376,Cohere,"Toronto,Non-U.S.",Canada,AI,Series D,,,20.0,1-49,2024-07-23,2024,Q3,7,July,30,False,False,,https://fortune.com/2024/07/23/after-500-million-funding-ai-startup-cohere-layoffs/,Layoffs.fyi
L00375,Humble Games,SF Bay Area,United States,Media,Acquired,,,36.0,1-49,2024-07-23,2024,Q3,7,July,30,False,False,,https://venturebeat.com/games/humble-games-layoffs-shut-down-ziff-davis/,Layoffs.fyi
L00378,Magic Leap,Miami,United States,Consumer,Series E,,,75.0,50-199,2024-07-19,2024,Q3,7,July,29,False,False,,https://www.bloomberg.com/news/articles/2024-07-19/magic-leap-cuts-sales-marketing-teams-in-ar-about-face,Layoffs.fyi
L00380,Aqua Security,Boston,United States,Security,Series E,,,50.0,50-199,2024-07-17,2024,Q3,7,July,29,False,False,,https://www.calcalistech.com/ctechnews/article/rky00s7rd0,Layoffs.fyi
L00381,EverC,"Tel Aviv,Non-U.S.",Israel,Security,Unknown,,,16.0,1-49,2024-07-17,2024,Q3,7,July,29,False,False,,https://www.calcalistech.com/ctechnews/article/bjrddqr00r,Layoffs.fyi
L00383,ON,SF Bay Area,United States,Retail,Unknown,,,60.0,50-199,2024-07-16,2024,Q3,7,July,29,False,False,,https://venturebeat.com/games/on-enterprise-ai-startup-ceo-resigns-staff-laid-off-after-11m-in-cash-goes-missing/,Layoffs.fyi
L00387,Salesforce,SF Bay Area,United States,Sales,Post-IPO,,,300.0,200-999,2024-07-15,2024,Q3,7,July,29,False,False,,https://www.bloomberg.com/news/articles/2024-07-15/salesforce-cuts-about-300-jobs-in-latest-sign-of-tech-austerity,Layoffs.fyi
L00386,SolarEdge,"Tel Aviv,Non-U.S.",Israel,Energy,Post-IPO,,,400.0,200-999,2024-07-15,2024,Q3,7,July,29,False,False,,https://www.reuters.com/business/energy/solaredge-technologies-lay-off-400-employees-2024-07-15/,Layoffs.fyi
L00388,Spotify,"Stockholm,Non-U.S.",Sweden,Media,Post-IPO,,,40.0,1-49,2024-07-15,2024,Q3,7,July,29,False,False,,https://adage.com/article/digital-marketing-ad-tech-news/spotify-focus-smaller-clients-programmatic-ad-tech-includes-40-layoffs/2569771,Layoffs.fyi
L00391,Intuit,SF Bay Area,United States,Finance,Post-IPO,,,1800.0,"1,000-4,999",2024-07-10,2024,Q3,7,July,28,True,False,,https://www.bloomberg.com/news/articles/2024-07-10/intuit-to-cull-10-of-employees-in-latest-round-of-tech-layoffs,Layoffs.fyi
L00392,Redbox,Chicago,United States,Media,Acquired,,,1000.0,"1,000-4,999",2024-07-10,2024,Q3,7,July,28,True,False,,https://www.wsj.com/articles/redbox-owner-to-shut-down-kiosk-business-in-bankruptcy-f0cada8d,Layoffs.fyi
L00394,UIPath,New York City,United States,Other,Post-IPO,,,420.0,200-999,2024-07-09,2024,Q3,7,July,28,False,False,,https://www.cnbc.com/2024/07/09/uipath-layoffs-company-to-cut-10percent-of-workforce.html,Layoffs.fyi
L00396,OpenText,"Waterloo,Non-U.S.",Canada,Data,Post-IPO,,,1200.0,"1,000-4,999",2024-07-03,2024,Q3,7,July,27,True,False,,https://www.marketwatch.com/story/open-text-to-cut-1-200-jobs-as-part-of-cost-saving-plan-cef1f9a0,Layoffs.fyi
L00395,UKG,Boston,United States,HR,Unknown,,,2200.0,"1,000-4,999",2024-07-03,2024,Q3,7,July,27,True,False,,https://www.bizjournals.com/boston/news/2024/07/03/ukg-cuts-14-of-its-workforce.html,Layoffs.fyi
L00398,Unacademy,"Bengaluru,Non-U.S.",India,Education,Series H,,,250.0,200-999,2024-07-02,2024,Q3,7,July,27,False,False,,https://techcrunch.com/2024/07/02/indian-edtech-unacademy-cuts-another-250-jobs/,Layoffs.fyi
L00400,Lightricks,"Jerusalem,Non-U.S.",Israel,Consumer,Series D,,,70.0,50-199,2024-07-01,2024,Q3,7,July,27,False,False,,https://www.calcalistech.com/ctechnews/article/b1dj8mgda,Layoffs.fyi
L00402,Sightful,"Tel Aviv,Non-U.S.",Israel,Hardware,Unknown,,,20.0,1-49,2024-07-01,2024,Q3,7,July,27,False,False,,https://www.calcalistech.com/ctechnews/article/rkeyfjlv0,Layoffs.fyi
L00401,Upside Foods,SF Bay Area,United States,Food,Unknown,,,26.0,1-49,2024-07-01,2024,Q3,7,July,27,False,False,,https://www.wired.com/story/leading-lab-grown-meat-company-cuts-dozens-of-jobs-upside-foods-cultivated-chicken/,Layoffs.fyi
L00405,Priceline,Norwalk,United States,Travel,Acquired,,,103.0,50-199,2024-06-28,2024,Q2,6,June,26,False,False,,https://www.travelweekly.com/Travel-News/Travel-Agent-Issues/Priceline-chops-more-than-100-jobs,Layoffs.fyi
L00406,RealPage,Dallas,United States,Real Estate,Acquired,,,260.0,200-999,2024-06-27,2024,Q2,6,June,26,False,False,,https://www.bisnow.com/national/news/multifamily/realpage-to-lay-off-4-of-its-workforce-price-fixing-allegations-124885,Layoffs.fyi
L00408,Moxion Power,SF Bay Area,United States,Energy,Unknown,,,101.0,50-199,2024-06-26,2024,Q2,6,June,26,False,False,,https://www.sfgate.com/tech/article/moxion-power-layoffs-after-expansion-19541807.php,Layoffs.fyi
L00407,Planet,SF Bay Area,United States,Aerospace,Post-IPO,,,180.0,50-199,2024-06-26,2024,Q2,6,June,26,False,False,,https://spacenews.com/planet-lays-off-17-of-workforce/,Layoffs.fyi
L00410,Perion,"Tel Aviv,Non-U.S.",Israel,Marketing,Post-IPO,,,35.0,1-49,2024-06-25,2024,Q2,6,June,26,False,False,,https://en.globes.co.il/en/article-perion-network-lays-off-20-transfers-us-activities-to-israel-1001420801,Layoffs.fyi
L00412,Flutterwave,"Lagos,Non-U.S.",Nigeria,Finance,Unknown,,,30.0,1-49,2024-06-24,2024,Q2,6,June,26,False,False,,https://techcabal.com/2024/06/24/flutterwave-lays-off-3-of-its-workforce/,Layoffs.fyi
L00415,Ginkgo Bioworks,Boston,United States,Healthcare,Post-IPO,,,400.0,200-999,2024-06-20,2024,Q2,6,June,25,False,False,,https://www.bostonglobe.com/2024/06/25/business/gingko-jason-kelly-mit-securities-and-exchange-commission-covid-biosecurity/,Layoffs.fyi
L00418,Emma Sleep,"Frankfurt,Non-U.S.",Germany,Retail,Acquired,,,200.0,200-999,2024-06-19,2024,Q2,6,June,25,False,False,,https://www.wiwo.de/unternehmen/handel/matratzenhersteller-in-der-krise-emma-entlaesst-jeden-fuenften-mitarbeiter/29856880.html,Layoffs.fyi
L00419,Moovit,"Tel Aviv,Non-U.S.",Israel,Transportation,Acquired,,,20.0,1-49,2024-06-19,2024,Q2,6,June,25,False,False,,https://www.calcalistech.com/ctechnews/article/h10s7illc,Layoffs.fyi
L00423,C2FO,Kansas City,United States,Finance,Series H,,,16.0,1-49,2024-06-18,2024,Q2,6,June,25,False,False,,https://www.bizjournals.com/kansascity/news/2024/06/18/c2fo-layoffs-supplier-relations-managers.html,Layoffs.fyi
L00421,PayPal,SF Bay Area,Ireland,Finance,Post-IPO,,,85.0,50-199,2024-06-18,2024,Q2,6,June,25,False,False,,https://www.irishexaminer.com/business/companies/arid-41418832.html,Layoffs.fyi
L00422,Rapyd,"Tel Aviv,Non-U.S.",Israel,Finance,Unknown,,,30.0,1-49,2024-06-18,2024,Q2,6,June,25,False,False,,https://www.calcalistech.com/ctechnews/article/h1vvoykur,Layoffs.fyi
L00420,Wex,Portland,United States,Finance,Post-IPO,,,375.0,200-999,2024-06-18,2024,Q2,6,June,25,False,False,,https://www.pressherald.com/2024/06/18/wex-is-laying-off-375-employees-worldwide/,Layoffs.fyi
L00425,Chegg,SF Bay Area,United States,Education,Post-IPO,,,441.0,200-999,2024-06-17,2024,Q2,6,June,25,False,False,,https://www.businesswire.com/news/home/20240617323391/en/Chegg-Announces-Restructuring-Plan-and-New-Vision-for-Growth,Layoffs.fyi
L00428,LOOP,Austin,United States,Finance,Series A,,,23.0,1-49,2024-06-16,2024,Q2,6,June,24,False,False,,https://www.coverager.com/loop-goes-through-another-round-of-layoffs/,Layoffs.fyi
L00429,Care/of,New York City,United States,Healthcare,Acquired,,,143.0,50-199,2024-06-15,2024,Q2,6,June,24,False,False,,https://techcrunch.com/2024/06/15/subscription-vitamin-company-care-of-is-shutting-down/,Layoffs.fyi
L00432,Cypress.io,Atlanta,United States,Product,Series B,,,11.0,1-49,2024-06-14,2024,Q2,6,June,24,False,False,,https://www.cypress.io/blog/2024/06/13/update-on-cypresss-workforce,Layoffs.fyi
L00431,Satellogic,"Montevideo,Non-U.S.",Uruguay,Aerospace,Post-IPO,,,70.0,50-199,2024-06-14,2024,Q2,6,June,24,False,False,,https://spacenews.com/satellogic-announces-new-round-of-layoffs/,Layoffs.fyi
L00434,Bytedance,"Jakarta,Non-U.S.",Indonesia,Consumer,Unknown,,,450.0,200-999,2024-06-12,2024,Q2,6,June,24,False,False,,https://www.bloomberg.com/news/articles/2024-06-12/bytedance-to-cut-450-jobs-in-indonesia-after-tokopedia-deal,Layoffs.fyi
L00435,Paxos,New York City,United States,Crypto,Unknown,,,65.0,50-199,2024-06-12,2024,Q2,6,June,24,False,False,,https://www.bloomberg.com/news/articles/2024-06-12/stablecoin-issuer-paxos-cuts-20-of-workforce?embedded-checkout=true,Layoffs.fyi
L00440,Kissflow,"Chennai,Non-U.S.",India,Other,Unknown,,,45.0,1-49,2024-06-10,2024,Q2,6,June,24,False,False,,https://economictimes.indiatimes.com/tech/startups/bootstrapped-saas-startup-kissflow-culls-11-workforce/articleshow/110875509.cms?from=mdr,Layoffs.fyi
L00439,Paytm,"Noida,Non-U.S.",India,Finance,Subsidiary,,,3500.0,"1,000-4,999",2024-06-10,2024,Q2,6,June,24,True,False,,https://www.livemint.com/companies/news/paytm-layoffs-fitench-hands-pink-slip-to-employees-after-rbi-ban-on-paytm-payments-bank-services-11718005572975.html,Layoffs.fyi
L00441,Copia,"Nairobi,Non-U.S.",Kenya,Retail,Series C,,,1060.0,"1,000-4,999",2024-06-06,2024,Q2,6,June,23,True,False,,https://techcabal.com/2024/06/06/copia-layoffs-kenya/,Layoffs.fyi
L00442,Revel,New York City,United States,Transportation,Unknown,,,1000.0,"1,000-4,999",2024-06-06,2024,Q2,6,June,23,True,False,,https://techcrunch.com/2024/06/06/revels-latest-pivot-ditching-all-employee-ride-hail-in-favor-of-gig-worker-model/,Layoffs.fyi
L00443,Simpl,"Bengaluru,Non-U.S.",India,Finance,Series B,,,30.0,1-49,2024-06-06,2024,Q2,6,June,23,False,False,,https://economictimes.indiatimes.com/tech/startups/bnpl-startup-simpl-undertakes-another-round-of-layoffs-rejigs-senior-leadership/articleshow/110764659.cms?from=mdr,Layoffs.fyi
L00446,Aleph Farms,"Tel Aviv,Non-U.S.",Israel,Food,Unknown,,,30.0,1-49,2024-06-05,2024,Q2,6,June,23,False,False,,https://www.calcalistech.com/ctechnews/article/hkdwxv0na,Layoffs.fyi
L00447,MoonPay,Dover,United States,Crypto,Unknown,,,30.0,1-49,2024-06-05,2024,Q2,6,June,23,False,False,,https://www.theblock.co/post/298638/moonpay-lays-off-10-staff,Layoffs.fyi
L00444,Oda,"Oslo,Non-U.S.",Norway,Food,Unknown,,,150.0,50-199,2024-06-05,2024,Q2,6,June,23,False,False,,https://techcrunch.com/2024/06/05/softbank-backed-grocery-startup-oda-lays-off-150-resets-focus-on-norway-and-sweden/,Layoffs.fyi
L00445,Pagaya,"Tel Aviv,Non-U.S.",Israel,Finance,Post-IPO,,,100.0,50-199,2024-06-05,2024,Q2,6,June,23,False,False,,https://www.calcalistech.com/ctechnews/article/h19floaec,Layoffs.fyi
L00449,Microsoft,Seattle,United States,Other,Post-IPO,,,1000.0,"1,000-4,999",2024-06-03,2024,Q2,6,June,23,True,False,,https://www.theverge.com/2024/6/3/24170902/microsoft-hololens-2-mixed-reality-azure-layoffs,Layoffs.fyi
L00450,OrCam,"Jerusalem,Non-U.S.",Israel,Healthcare,Unknown,,,100.0,50-199,2024-06-03,2024,Q2,6,June,23,False,False,,https://www.calcalistech.com/ctechnews/article/skd15oj4a,Layoffs.fyi
L00451,Google,SF Bay Area,United States,Consumer,Post-IPO,,,100.0,50-199,2024-05-31,2024,Q2,5,May,22,False,False,,https://www.businessinsider.com/google-cloud-layoffs-job-cuts-employees-globally-2024-5,Layoffs.fyi
L00452,Tropic,New York City,United States,Finance,Series B,,,40.0,1-49,2024-05-31,2024,Q2,5,May,22,False,False,,https://www.linkedin.com/feed/update/urn:li:activity:7202356908194758657/,Layoffs.fyi
L00455,FlightStats,Portland,United States,Travel,Acquired,,,73.0,50-199,2024-05-30,2024,Q2,5,May,22,False,False,,https://www.oregonlive.com/silicon-forest/2024/05/flight-tracking-company-cirium-will-lay-off-37-portland-tech-workers.html,Layoffs.fyi
L00456,ICANN,Los Angeles,United States,Infrastructure,Unknown,,,33.0,1-49,2024-05-30,2024,Q2,5,May,22,False,False,,https://www.icann.org/en/blogs/details/organizational-changes-to-ensure-icanns-financial-stability-and-sustainability-30-05-2024-en,Layoffs.fyi
L00457,Walnut,New York City,United States,Sales,Series B,,,15.0,1-49,2024-05-29,2024,Q2,5,May,22,False,False,,https://www.calcalistech.com/ctechnews/article/hj71t1b4r,Layoffs.fyi
L00460,Glovo,"Madrid,Non-U.S.",Spain,Food,Acquired,,,22.0,1-49,2024-05-25,2024,Q2,5,May,21,False,False,,https://www.eleconomista.es/tecnologia/noticias/12832290/05/24/glovo-fulmina-su-hub-tecnologico-en-madrid-y-se-lo-lleva-a-barcelona.html,Layoffs.fyi
L00461,Lucid Motors,SF Bay Area,United States,Transportation,Post-IPO,,,400.0,200-999,2024-05-24,2024,Q2,5,May,21,False,False,,https://electrek.co/2024/05/24/lucid-lcid-cuts-us-workforce-by-6-ahead-gravity-ev-launch/,Layoffs.fyi
L00462,Satellogic,"Montevideo,Non-U.S.",Uruguay,Aerospace,Post-IPO,,,34.0,1-49,2024-05-24,2024,Q2,5,May,21,False,False,,https://spacenews.com/satellogic-lays-off-13-of-workforce/,Layoffs.fyi
L00463,Foursquare,New York City,United States,Marketing,Series G,,,105.0,50-199,2024-05-23,2024,Q2,5,May,21,False,False,,https://techcrunch.com/2024/05/23/foursquare-just-laid-off-105-employees/,Layoffs.fyi
L00465,Cue Health,San Diego,United States,Healthcare,Post-IPO,,,180.0,50-199,2024-05-22,2024,Q2,5,May,21,False,False,,https://www.fiercebiotech.com/medtech/home-covid-testmaker-cue-health-shut-down-operations-lay-staff-report,Layoffs.fyi
L00464,Guild,Denver,United States,Education,Series F,,,300.0,200-999,2024-05-22,2024,Q2,5,May,21,False,False,,https://www.denverpost.com/2024/05/22/education-tech-guild-layoffs/,Layoffs.fyi
L00467,TikTok,Los Angeles,United States,Consumer,Acquired,,,1000.0,"1,000-4,999",2024-05-21,2024,Q2,5,May,21,True,False,,https://www.theinformation.com/articles/tiktok-plans-layoffs-of-operations-and-marketing-employees,Layoffs.fyi
L00471,Replit,SF Bay Area,United States,Product,Unknown,,,30.0,1-49,2024-05-16,2024,Q2,5,May,20,False,False,,https://www.theinformation.com/briefings/ai-coding-startup-replit-cuts-20-of-staff-shifts-to-enterprise-sales,Layoffs.fyi
L00469,Toshiba,"Tokyo,Non-U.S.",Japan,Manufacturing,Unknown,,,4000.0,"1,000-4,999",2024-05-16,2024,Q2,5,May,20,True,False,,https://www.reuters.com/technology/newly-privatised-toshiba-cut-4000-jobs-restructuring-drive-2024-05-16/,Layoffs.fyi
L00470,Wefox,"Berlin,Non-U.S.",Germany,Finance,Series D,,,60.0,50-199,2024-05-16,2024,Q2,5,May,20,False,False,,https://news.sky.com/story/insurance-unicorn-wefox-warns-investors-of-insolvency-risk-13137125,Layoffs.fyi
L00475,Atmosphere,Austin,United States,Other,Series D,,,100.0,50-199,2024-05-15,2024,Q2,5,May,20,False,False,,https://www.bizjournals.com/austin/news/2024/05/15/layoffs-streaming-startup-austin-atmosphere.html,Layoffs.fyi
L00476,Singularity 6,Los Angeles,United States,Other,Series B,,,36.0,1-49,2024-05-15,2024,Q2,5,May,20,False,False,,https://twitter.com/sweetpotatoes/status/1790866384810811763,Layoffs.fyi
L00478,Indeed,Austin,United States,HR,Acquired,,,1000.0,"1,000-4,999",2024-05-13,2024,Q2,5,May,20,True,False,,https://www.indeed.com/press/releases/a-message-from-our-ceo-chris-hyams-2?co=US,Layoffs.fyi
L00481,Google,SF Bay Area,United States,Consumer,Post-IPO,,,57.0,50-199,2024-05-10,2024,Q2,5,May,19,False,False,,https://www.sfchronicle.com/tech/article/tech-layoffs-google-rivian-19451076.php,Layoffs.fyi
L00479,Motional,Pittsburgh,United States,Transportation,Unknown,,,550.0,200-999,2024-05-10,2024,Q2,5,May,19,False,False,,https://techcrunch.com/2024/05/10/motional-cut-about-550-employees-around-40-in-recent-restructuring-sources-say/,Layoffs.fyi
L00480,Rivian,Los Angeles,United States,Transportation,Post-IPO,,,120.0,50-199,2024-05-10,2024,Q2,5,May,19,False,False,,https://www.sfchronicle.com/tech/article/tech-layoffs-google-rivian-19451076.php,Layoffs.fyi
L00484,Sight Diagnostics,"Tel Aviv,Non-U.S.",Israel,Healthcare,Series D,,,40.0,1-49,2024-05-09,2024,Q2,5,May,19,False,False,,https://www.calcalistech.com/ctechnews/article/rkhuj119gc,Layoffs.fyi
L00483,Vacasa,Portland,United States,Travel,Post-IPO,,,800.0,200-999,2024-05-09,2024,Q2,5,May,19,False,False,,https://skift.com/2024/05/09/vacasa-told-employees-about-layoffs-restructuring-and-leadership-changes/,Layoffs.fyi
L00487,Arkane Studios,Austin,United States,Consumer,Unknown,,,96.0,50-199,2024-05-08,2024,Q2,5,May,19,False,False,,https://www.bizjournals.com/austin/news/2024/05/08/austin-gaming-studio-shuts-down.html,Layoffs.fyi
L00485,PrepLadder,"New Delhi,Non-U.S.",India,Education,Acquired,,,145.0,50-199,2024-05-08,2024,Q2,5,May,19,False,False,,https://inc42.com/buzz/unacademys-prepladder-lays-off-145-employees-in-sales-strategy-rejig/,Layoffs.fyi
L00486,Simpl,"Bengaluru,Non-U.S.",India,Finance,Series B,,,100.0,50-199,2024-05-08,2024,Q2,5,May,19,False,False,,https://www.moneycontrol.com/technology/bnpl-startup-simpl-lays-off-at-least-100-employees-as-part-of-cost-cutting-measures-article-12717158.html?classic=true,Layoffs.fyi
L00491,Enovix,SF Bay Area,United States,Energy,Post-IPO,,,170.0,50-199,2024-05-06,2024,Q2,5,May,19,False,False,,https://www.theinformation.com/articles/battery-developer-enovix-lays-off-roughly-one-third-of-staff,Layoffs.fyi
L00496,Bakkt,Atlanta,United States,Crypto,Post-IPO,,,28.0,1-49,2024-05-03,2024,Q2,5,May,18,False,False,,https://seekingalpha.com/news/4099966-crypto-platform-bakkt-to-lay-off-28-employees,Layoffs.fyi
L00492,Cue Health,San Diego,United States,Healthcare,Post-IPO,,,230.0,200-999,2024-05-03,2024,Q2,5,May,18,False,False,,https://www.beckershospitalreview.com/digital-health/health-tech-company-lays-off-49-of-workforce.html,Layoffs.fyi
L00494,Luminar,Orlando,United States,Transportation,Post-IPO,,,140.0,50-199,2024-05-03,2024,Q2,5,May,18,False,False,,https://techcrunch.com/2024/05/03/luminar-layoffs-reduction-restructuring-lidar/,Layoffs.fyi
L00493,Rivian,Los Angeles,United States,Transportation,Post-IPO,,,150.0,50-199,2024-05-03,2024,Q2,5,May,18,False,False,,https://abc7.com/rivian-jobs-irvine-careers-electric-vehicle/14761190/,Layoffs.fyi
L00495,Sprinklr,New York City,United States,Support,Post-IPO,,,116.0,50-199,2024-05-03,2024,Q2,5,May,18,False,False,,https://techcrunch.com/2024/05/03/sprinklr-lays-off-more-than-100-employees/,Layoffs.fyi
L00498,Cabify,"Madrid,Non-U.S.",Spain,Transportation,Unknown,,,29.0,1-49,2024-05-02,2024,Q2,5,May,18,False,False,,https://www.epe.es/es/activos/20240502/cabify-ejecuta-veintena-despidos-staff-101773083,Layoffs.fyi
L00497,Peloton,New York City,United States,Fitness,Post-IPO,,,400.0,200-999,2024-05-02,2024,Q2,5,May,18,False,False,,https://www.cnbc.com/2024/05/02/peloton-ceo-barry-mccarthy-steps-down-15percent-of-staff-laid-off.html,Layoffs.fyi
L00500,Assurance,Seattle,United States,Finance,Acquired,,,112.0,50-199,2024-05-01,2024,Q2,5,May,18,False,False,,https://www.geekwire.com/2024/prudential-to-shut-down-assurance-the-insurance-tech-startup-it-acquired-for-2-35b-in-2019/,Layoffs.fyi
L00499,Google,SF Bay Area,United States,Consumer,Post-IPO,,,200.0,200-999,2024-05-01,2024,Q2,5,May,18,False,False,,https://www.cnbc.com/2024/05/01/google-cuts-hundreds-of-core-workers-moves-jobs-to-india-mexico.html,Layoffs.fyi
L00503,RiseUp,"Tel Aviv,Non-U.S.",Israel,Finance,Series B,,,50.0,50-199,2024-04-30,2024,Q2,4,April,18,False,False,,https://www.calcalistech.com/ctechnews/article/sjhgncr11c,Layoffs.fyi
L00502,Tesla,Austin,United States,Transportation,Post-IPO,,,500.0,200-999,2024-04-30,2024,Q2,4,April,18,False,False,,https://www.theverge.com/2024/4/30/24145621/tesla-layoff-supercharger-ev-charging-nacs-elon-musk,Layoffs.fyi
L00506,Getir,"London,Non-U.S.",United Kingdom,Food,Series E,,,3300.0,"1,000-4,999",2024-04-29,2024,Q2,4,April,18,True,False,,https://techcrunch.com/2024/04/29/getir-getout-instant-delivery/,Layoffs.fyi
L00508,Ninja Van,"Singapore,Non-U.S.",Singapore,Transportation,Series E,,,21.0,1-49,2024-04-29,2024,Q2,4,April,18,False,False,,https://www.theedgesingapore.com/news/company-news/second-round-layoffs-ninja-van-less-three-months-5-singapore-staff-affected,Layoffs.fyi
L00507,Ola,"Bengaluru,Non-U.S.",India,Transportation,Series J,,,180.0,50-199,2024-04-29,2024,Q2,4,April,18,False,False,,https://techcrunch.com/2024/04/29/indian-ride-hailing-giant-ola-cuts-180-jobs-in-profitability-push/,Layoffs.fyi
L00511,HealthifyMe,"Bengaluru,Non-U.S.",India,Healthcare,Series D,,,150.0,50-199,2024-04-27,2024,Q2,4,April,17,False,False,,https://inc42.com/buzz/healthify-fires-150-employees-in-a-restructuring-exercise/,Layoffs.fyi
L00512,True Anomaly,Denver,United States,Aerospace,Series B,,,30.0,1-49,2024-04-25,2024,Q2,4,April,17,False,False,,https://techcrunch.com/2024/04/25/defense-space-startup-true-anomaly-layoffs-cancels-internship/,Layoffs.fyi
L00515,Freenome,SF Bay Area,United States,Healthcare,Series E,,,100.0,50-199,2024-04-23,2024,Q2,4,April,17,False,False,,https://www.sfchronicle.com/bayarea/article/tech-layoffs-freenome-19421173.php,Layoffs.fyi
L00516,Heureka Group,"Prague,Non-U.S.",Czech Republic,Retail,Acquired,,,100.0,50-199,2024-04-23,2024,Q2,4,April,17,False,False,,https://cc.cz/heureka-hromadne-propustila-stovku-lidi-jsme-zasazeni-tlakem-na-efektivitu-uvedla/,Layoffs.fyi
L00518,OutSystems,Boston,United States,Product,Series G,,,150.0,50-199,2024-04-19,2024,Q2,4,April,16,False,False,,https://observador.pt/2024/04/19/unicornio-outsystems-faz-reducao-de-8-no-total-de-trabalhadores/,Layoffs.fyi
L00521,Showpad,"Ghent,Non-U.S.",Belgium,Marketing,Series D,,,50.0,50-199,2024-04-18,2024,Q2,4,April,16,False,False,,https://www.tijd.be/ondernemen/technologie/techbedrijf-showpad-slaat-met-nieuwe-ontslagronde-pad-naar-winst-in-we-willen-overnames-doen/10540237.html,Layoffs.fyi
L00522,Stability AI,"London,Non-U.S.",United Kingdom,AI,Unknown,,,20.0,1-49,2024-04-18,2024,Q2,4,April,16,False,False,,https://www.cnbc.com/2024/04/18/ai-startup-stability-lays-off-10percent-of-employees-after-ceo-exit.html,Layoffs.fyi
L00520,The Good Glamm Group,"New Delhi,Non-U.S.",India,Retail,Unknown,,,150.0,50-199,2024-04-18,2024,Q2,4,April,16,False,False,,https://economictimes.indiatimes.com/tech/technology/content-to-commerce-platform-the-good-glamm-group-lays-off-150-employees/articleshow/109401639.cms,Layoffs.fyi
L00527,Take-Two,New York City,United States,Consumer,Post-IPO,,,579.0,200-999,2024-04-16,2024,Q2,4,April,16,False,False,,https://www.ign.com/articles/take-two-announces-layoffs-while-canceling-multiple-in-development-projects,Layoffs.fyi
L00528,Tome,SF Bay Area,United States,AI,Series B,,,12.0,1-49,2024-04-16,2024,Q2,4,April,16,False,False,,https://www.semafor.com/article/04/16/2024/ai-startup-tome-lays-off-staff-to-focus-on-revenue,Layoffs.fyi
L00529,Tesla,Austin,United States,Transportation,Post-IPO,,,14000.0,"5,000+",2024-04-15,2024,Q2,4,April,16,True,True,,https://www.nytimes.com/2024/04/15/business/tesla-layoff-elon-musk.html,Layoffs.fyi
L00530,Criteo,"Paris,Non-U.S.",France,Marketing,Post-IPO,,,140.0,50-199,2024-04-12,2024,Q2,4,April,15,False,False,,https://www.businessinsider.com/criteo-layoffs-global-staff-job-reductions-2024-4,Layoffs.fyi
L00531,Glovo,"Barcelona,Non-U.S.",Spain,Food,Acquired,,,25.0,1-49,2024-04-12,2024,Q2,4,April,15,False,False,,https://beteve.cat/economia/glovo-acomiada-25-treballadors-oficines-barcelona/,Layoffs.fyi
L00533,Fabric,New York City,United States,Logistics,Series C,,,30.0,1-49,2024-04-11,2024,Q2,4,April,15,False,False,,https://www.calcalistech.com/ctechnews/article/hyfcqfhlr,Layoffs.fyi
L00532,TikTok,"Dublin,Non-U.S.",Ireland,Consumer,Acquired,,,250.0,200-999,2024-04-11,2024,Q2,4,April,15,False,False,,https://www.thejournal.ie/tiktok-to-cut-around-300-jobs-6352003-Apr2024/,Layoffs.fyi
L00536,Cornershop,"Santiago,Non-U.S.",Chile,Food,Acquired,,,200.0,200-999,2024-04-10,2024,Q2,4,April,15,False,False,,https://dfmas.df.cl/df-mas/coffee-break/uber-chile-despide-a-200-personas,Layoffs.fyi
L00537,Scaler,"Bengaluru,Non-U.S.",India,Education,Series B,,,150.0,50-199,2024-04-10,2024,Q2,4,April,15,False,False,,https://entrackr.com/2024/04/tech-upskilling-startup-scaler-lays-off-150-employees/,Layoffs.fyi
L00538,Checkr,SF Bay Area,United States,HR,Series D,,,382.0,200-999,2024-04-09,2024,Q2,4,April,15,False,False,,Internal memo,Layoffs.fyi
L00539,Intel,SF Bay Area,United States,Hardware,Post-IPO,,,62.0,50-199,2024-04-09,2024,Q2,4,April,15,False,False,,https://www.crn.com/news/components-peripherals/2024/intel-layoffs-impact-62-jobs-at-california-hq,Layoffs.fyi
L00541,Singularity 6,Los Angeles,United States,Other,Series B,,,49.0,1-49,2024-04-08,2024,Q2,4,April,15,False,False,,https://www.gamesindustry.biz/singularity-6-reduces-workforce-by-35,Layoffs.fyi
L00540,Trendsales,"Copenhagen,Non-U.S.",Denmark,Retail,Acquired,,,79.0,50-199,2024-04-08,2024,Q2,4,April,15,False,False,,https://aimgroup.com/2024/04/08/vinted-reportedly-lays-off-all-trendsales-employees-after-takeover/,Layoffs.fyi
L00543,Bolt.Earth,"Bengaluru,Non-U.S.",India,Energy,Series B,,,70.0,50-199,2024-04-06,2024,Q2,4,April,14,False,False,,https://inc42.com/buzz/bolt-earth-fires-employees-in-another-restructuring-exercise-shuts-two-business-verticals/,Layoffs.fyi
L00544,Apple,SF Bay Area,United States,Hardware,Post-IPO,,,614.0,200-999,2024-04-04,2024,Q2,4,April,14,False,False,,https://www.bloomberg.com/news/articles/2024-04-04/apple-cut-at-least-600-workers-when-car-screen-projects-stopped?embedded-checkout=true,Layoffs.fyi
L00547,Ghost Autonomy,SF Bay Area,United States,Transportation,Series E,,,100.0,50-199,2024-04-03,2024,Q2,4,April,14,False,False,,https://www.sfgate.com/tech/article/ghost-autonomy-shutdown-tech-layoff-19385702.php,Layoffs.fyi
L00546,Lightspeed Commerce,"Montreal,Non-U.S.",Canada,Retail,Post-IPO,,,280.0,200-999,2024-04-03,2024,Q2,4,April,14,False,False,,https://www.bnnbloomberg.ca/lightspeed-commerce-cutting-280-jobs-as-it-focuses-on-profitable-growth-1.2054620,Layoffs.fyi
L00548,Vivian Health,SF Bay Area,United States,Healthcare,Acquired,,,13.0,1-49,2024-04-03,2024,Q2,4,April,14,False,False,,Internal memo,Layoffs.fyi
L00554,Byju's,"Bengaluru,Non-U.S.",India,Education,Private Equity,,,500.0,200-999,2024-04-02,2024,Q2,4,April,14,False,False,,https://www.business-standard.com/companies/news/byju-s-lays-off-500-employees-terminates-employment-over-phone-calls-124040201104_1.html,Layoffs.fyi
L00558,Identiq,"Tel Aviv,Non-U.S.",Israel,Security,Series A,,,20.0,1-49,2024-04-01,2024,Q2,4,April,14,False,False,,https://www.calcalistech.com/ctechnews/article/bjfyzloya,Layoffs.fyi
L00557,Osso VR,SF Bay Area,United States,Healthcare,Series C,,,67.0,50-199,2024-04-01,2024,Q2,4,April,14,False,False,,https://www.medtechdive.com/news/osso-vr-lay-off-67-people-san-francisco/711814/,Layoffs.fyi
L00561,ChowNow,Los Angeles,United States,Food,Series C,,,60.0,50-199,2024-03-28,2024,Q1,3,March,13,False,False,,https://techcrunch.com/2024/03/28/chownow-acquires-yc-backed-point-of-sale-platform-cuboh-and-is-laying-off-staff/,Layoffs.fyi
L00562,Synctera,SF Bay Area,United States,Finance,Series A,,,17.0,1-49,2024-03-26,2024,Q1,3,March,13,False,False,,https://techcrunch.com/2024/03/26/baas-startup-synctera-layoffs-fintech/,Layoffs.fyi
L00564,Dell,Austin,United States,Hardware,Post-IPO,,,6000.0,"5,000+",2024-03-25,2024,Q1,3,March,13,True,True,,https://siliconangle.com/2024/03/25/dell-reduces-global-workforce-around-6000-jobs/,Layoffs.fyi
L00568,Orbotech,"Yavne,Non-U.S.",Israel,Manufacturing,Acquired,,,100.0,50-199,2024-03-19,2024,Q1,3,March,12,False,False,,https://www.calcalistech.com/ctechnews/article/hy20lqwrt,Layoffs.fyi
L00567,ShopBack,"Singapore,Non-U.S.",Singapore,Retail,Series F,,,195.0,50-199,2024-03-19,2024,Q1,3,March,12,False,False,,https://www.bloomberg.com/news/articles/2024-03-19/temasek-backed-shopback-cuts-24-of-jobs-in-pay-later-defeat?embedded-checkout=true,Layoffs.fyi
L00572,Flock Freight,San Diego,United States,Logistics,Series D,,,54.0,50-199,2024-03-16,2024,Q1,3,March,11,False,False,,https://www.freightwaves.com/news/flock-reports-layoffs-path-to-profitability,Layoffs.fyi
L00573,Chipper Cash,SF Bay Area,United States,Finance,Series C,,,20.0,1-49,2024-03-15,2024,Q1,3,March,11,False,False,,https://www.theinformation.com/briefings/payments-startup-chipper-cuts-jobs-in-seventh-round-of-layoffs,Layoffs.fyi
L00575,Ancestry,Lehi,United States,Consumer,Post-IPO,,,81.0,50-199,2024-03-14,2024,Q1,3,March,11,False,False,,https://endpts.com/ancestry-cut-6-of-workforce-as-genealogy-giant-struggles-with-subscription-revenue/,Layoffs.fyi
L00576,Textio,Seattle,United States,Recruiting,Unknown,,,14.0,1-49,2024-03-14,2024,Q1,3,March,11,False,False,,https://www.geekwire.com/2024/augmented-writing-startup-textio-lays-off-14-employees-or-16-of-staff/,Layoffs.fyi
L00577,Stash,New York City,United States,Finance,Unknown,,,80.0,50-199,2024-03-13,2024,Q1,3,March,11,False,False,,https://www.axios.com/pro/fintech-deals/2024/03/13/stash-lays-off-25-percent,Layoffs.fyi
L00578,Phantom Auto,SF Bay Area,United States,Transportation,Unknown,,,100.0,50-199,2024-03-12,2024,Q1,3,March,11,False,False,,https://techcrunch.com/2024/03/12/remote-driving-startup-phantom-auto-is-shutting-down/,Layoffs.fyi
L00580,Deadspin,New York City,United States,Media,Acquired,,,11.0,1-49,2024-03-11,2024,Q1,3,March,11,False,False,,https://variety.com/2024/digital/news/deadspin-staff-laid-off-site-sold-1235938325/,Layoffs.fyi
L00581,Niche,Pittsburgh,United States,Education,Series C,,,24.0,1-49,2024-03-08,2024,Q1,3,March,10,False,False,,https://technical.ly/professional-development/niche-layoffs-pittsburgh-edtech/,Layoffs.fyi
L00583,Turnitin,SF Bay Area,United States,Education,Acquired,,,15.0,1-49,2024-03-07,2024,Q1,3,March,10,False,False,,https://techcrunch.com/2024/03/07/turnitin-laid-off-staff-earlier-this-year-after-ceo-forecast-ai-would-allow-it-to-cut-headcount/,Layoffs.fyi
L00585,Sorare,New York City,United States,Crypto,Series B,,,22.0,1-49,2024-03-06,2024,Q1,3,March,10,False,False,,https://techcrunch.com/2024/03/06/nft-fantasy-sports-startup-sorare-layoffs-web3-gaming/,Layoffs.fyi
L00588,MessageBird,"Amsterdam,Non-U.S.",Netherlands,Other,Series C,,,90.0,50-199,2024-03-05,2024,Q1,3,March,10,False,False,,https://www.amsterdamai.com/en/nieuws/529e0e27-44d0-0505-2af2-f473d807ab03/Bird-ontslaat-werknemers-wegens-AI-effici%C3%ABntie,Layoffs.fyi
L00591,Edgio,Phoenix,United States,Infrastructure,Post-IPO,,,80.0,50-199,2024-03-04,2024,Q1,3,March,10,False,False,,https://investors.edg.io/node/13996/html,Layoffs.fyi
L00592,Melio,New York City,United States,Finance,Series D,,,40.0,1-49,2024-03-04,2024,Q1,3,March,10,False,False,,https://www.calcalistech.com/ctechnews/article/r1sremqtt,Layoffs.fyi
L00593,Our Next Energy,Detroit,United States,Transportation,Series B,,,40.0,1-49,2024-03-04,2024,Q1,3,March,10,False,False,,https://www.bloomberg.com/news/articles/2024-03-04/michigan-battery-startup-one-cuts-jobs-as-ceo-seeks-fresh-funds?embedded-checkout=true,Layoffs.fyi
L00596,Gro Intelligence,New York City,United States,Food,Series B,,,90.0,50-199,2024-03-01,2024,Q1,3,March,9,False,False,,https://www.wsj.com/business/climate-data-startup-with-all-star-investors-and-roots-in-africa-nearly-collapses-3f675357?mod=e2li,Layoffs.fyi
L00595,Pristyn Care,"Gurugram,Non-U.S.",India,Healthcare,Series E,,,120.0,50-199,2024-03-01,2024,Q1,3,March,9,False,False,,https://entrackr.com/2024/03/pristyn-care-lays-off-around-120-employees-as-it-targets-profitability-and-ipo/,Layoffs.fyi
L00594,Project Ronin,SF Bay Area,United States,Healthcare,Unknown,,,150.0,50-199,2024-03-01,2024,Q1,3,March,9,False,False,,https://www.bloomberg.com/news/articles/2024-03-01/larry-ellison-s-cancer-software-startup-project-ronin-is-closing,Layoffs.fyi
L00600,Electronic Arts,SF Bay Area,United States,Consumer,Post-IPO,,,670.0,200-999,2024-02-28,2024,Q1,2,February,9,False,False,,https://www.cnbc.com/2024/02/28/ea-layoffs-company-to-cut-5percent-of-workforce-or-about-670-employees.html,Layoffs.fyi
L00602,OrCam,"Jerusalem,Non-U.S.",Israel,Healthcare,Unknown,,,50.0,50-199,2024-02-28,2024,Q1,2,February,9,False,False,,https://www.calcalistech.com/ctechnews/article/skd15oj4a,Layoffs.fyi
L00603,Treasury Prime,SF Bay Area,United States,Finance,Series C,,,40.0,1-49,2024-02-28,2024,Q1,2,February,9,False,False,,https://www.bankingdive.com/news/treasury-prime-lay-off-40-50-employees-marketing-liaison-direct-fintech-partner-chris-dean/708770/,Layoffs.fyi
L00601,Vacasa,Portland,United States,Travel,Post-IPO,,,320.0,200-999,2024-02-28,2024,Q1,2,February,9,False,False,,https://www.oregonlive.com/business/2024/02/portland-based-vacasa-will-lay-off-another-320-new-year-is-off-to-a-difficult-start.html,Layoffs.fyi
L00606,Bumble,Austin,United States,Consumer,Post-IPO,,,350.0,200-999,2024-02-27,2024,Q1,2,February,9,False,False,,https://www.cnbc.com/2024/02/27/bumble-layoffs-350-employees-or-about-37percent-of-workforce.html,Layoffs.fyi
L00607,PropertyGuru,"Singapore,Non-U.S.",Singapore,Real Estate,Post-IPO,,,79.0,50-199,2024-02-27,2024,Q1,2,February,9,False,False,,https://www.theedgesingapore.com/news/company-news/propertyguru-cuts-79-jobs-amid-organisational-changes,Layoffs.fyi
L00605,Sony Interactive,SF Bay Area,United States,Consumer,Subsidiary,,,900.0,200-999,2024-02-27,2024,Q1,2,February,9,False,False,,https://www.theverge.com/2024/2/27/24084494/sony-playstation-layoffs-2024,Layoffs.fyi
L00609,Expedia,Seattle,United States,Travel,Post-IPO,,,1500.0,"1,000-4,999",2024-02-26,2024,Q1,2,February,9,True,False,,https://www.geekwire.com/2024/expedia-group-cutbacks-will-impact-1500-roles-this-year-more-than-8-of-workforce/,Layoffs.fyi
L00610,WayCool,"Chennai,Non-U.S.",India,Food,Unknown,,,70.0,50-199,2024-02-26,2024,Q1,2,February,9,False,False,,https://inc42.com/buzz/exclusive-waycool-fires-70-employees-in-second-restructuring-exercise-within-a-year/,Layoffs.fyi
L00613,Carbon Health,SF Bay Area,United States,Healthcare,Series D,,,56.0,50-199,2024-02-23,2024,Q1,2,February,8,False,False,,https://www.sfchronicle.com/bayarea/article/bay-area-layoffs-carbon-health-18684600.php,Layoffs.fyi
L00612,Redesign Health,New York City,United States,Healthcare,Series C,,,77.0,50-199,2024-02-23,2024,Q1,2,February,8,False,False,,https://www.crainsnewyork.com/health-pulse/union-square-based-redesign-health-cuts-staff-slows-startup-creation,Layoffs.fyi
L00615,Affirm,Pittsburgh,United States,Finance,Post-IPO,,,60.0,50-199,2024-02-21,2024,Q1,2,February,8,False,False,,https://bnnbreaking.com/finance-nav/affirms-pittsburgh-layoffs-a-tale-of-corporate-strategy-and-employee-impact,Layoffs.fyi
L00616,Finder,"Sydney,Non-U.S.",Australia,Retail,Unknown,,,60.0,50-199,2024-02-21,2024,Q1,2,February,8,False,False,,https://www.startupdaily.net/topic/business/finder-cuts-staffing-for-the-3rd-time-in-a-year-shedding-60-jobs/,Layoffs.fyi
L00619,Aptiv,"Krakow,Non-U.S.",Poland,Transportation,Post-IPO,,,250.0,200-999,2024-02-20,2024,Q1,2,February,8,False,False,,"https://wyborcza.biz/biznes/7,159911,30719165,w-pol-godziny-zwolnili-250-osob-dostal-godzine-na-spakowanie.html?disableRedirects=true",Layoffs.fyi
L00620,Tails.com,"London,Non-U.S.",United Kingdom,Retail,Series A,,,55.0,50-199,2024-02-20,2024,Q1,2,February,8,False,False,,https://www.businessinsider.com/tails-com-is-laying-off-25-percent-of-staffers-2024-2,Layoffs.fyi
L00624,Farfetch,"London,Non-U.S.",United Kingdom,Retail,Acquired,,,2000.0,"1,000-4,999",2024-02-16,2024,Q1,2,February,7,True,False,,https://www.drapersonline.com/news/farfetch-to-cut-up-to-30-jobs,Layoffs.fyi
L00625,Voi,"Stockholm,Non-U.S.",United States,Transportation,Series D,,,120.0,50-199,2024-02-16,2024,Q1,2,February,7,False,False,,https://sifted.eu/articles/voi-layoffs-news,Layoffs.fyi
L00630,Gro Intelligence,New York City,United States,Food,Series B,,,20.0,1-49,2024-02-15,2024,Q1,2,February,7,False,False,,https://agfundernews.com/ai-powered-ag-insights-platform-gro-intelligence-lays-off-10-of-its-staff,Layoffs.fyi
L00628,LinkSquares,Boston,United States,Legal,Series C,,,90.0,50-199,2024-02-15,2024,Q1,2,February,7,False,False,,Internal memo,Layoffs.fyi
L00627,Sonder,SF Bay Area,United States,Travel,Post-IPO,,,106.0,50-199,2024-02-15,2024,Q1,2,February,7,False,False,,https://www.sec.gov/ixviewer/ix.html?doc=/Archives/edgar/data/1819395/000181939524000007/son-20240215.htm,Layoffs.fyi
L00629,Storytel,"Stockholm,Non-U.S.",Sweden,Consumer,Post-IPO,,,80.0,50-199,2024-02-15,2024,Q1,2,February,7,False,False,,https://investors.storytel.com/en/wp-content/uploads/sites/2/2024/02/presentation-q4-report-2023.pdf,Layoffs.fyi
L00626,Toast,Boston,United States,Food,Post-IPO,,,550.0,200-999,2024-02-15,2024,Q1,2,February,7,False,False,,https://www.bloomberg.com/news/articles/2024-02-15/toast-layoffs-to-impact-hundreds-at-restaurant-tech-company?embedded-checkout=true,Layoffs.fyi
L00633,Cisco,SF Bay Area,United States,Infrastructure,Post-IPO,,,4250.0,"1,000-4,999",2024-02-14,2024,Q1,2,February,7,True,False,,https://www.cnbc.com/2024/02/14/cisco-cutting-5percent-of-global-workforce-in-restructuring-move.html,Layoffs.fyi
L00634,Wint Wealth,"Nashik,Non-U.S.",India,Finance,Series A,,,19.0,1-49,2024-02-14,2024,Q1,2,February,7,False,False,,https://inc42.com/buzz/exclusive-wint-wealth-fires-20-of-its-workforce-in-a-restructuring-exercise/,Layoffs.fyi
L00639,Impinj,Seattle,United States,Other,Post-IPO,,,50.0,50-199,2024-02-13,2024,Q1,2,February,7,False,False,,https://www.bizjournals.com/seattle/news/2024/02/12/impinj-layoffs-seattle-internet-of-things.html,Layoffs.fyi
L00636,Instacart,SF Bay Area,United States,Food,Post-IPO,,,250.0,200-999,2024-02-13,2024,Q1,2,February,7,False,False,,https://www.cnbc.com/2024/02/13/instacart-layoffs-company-to-cut-250-employees-or-about-7percent.html,Layoffs.fyi
L00638,Mozilla,SF Bay Area,United States,Consumer,Unknown,,,60.0,50-199,2024-02-13,2024,Q1,2,February,7,False,False,,https://www.bloomberg.com/news/articles/2024-02-13/firefox-maker-mozilla-is-cutting-60-jobs-after-naming-new-ceo,Layoffs.fyi
L00637,Redesign Health,New York City,United States,Healthcare,Unknown,,,77.0,50-199,2024-02-13,2024,Q1,2,February,7,False,False,,https://www.fiercehealthcare.com/health-tech/redesign-health-reduces-workforce-it-slows-down-pace-new-company-launches-2024,Layoffs.fyi
L00640,Riskified,New York City,United States,Retail,Post-IPO,,,40.0,1-49,2024-02-13,2024,Q1,2,February,7,False,False,,https://en.globes.co.il/en/article-israeli-fintech-co-riskified-lays-off-6-of-workforce-1001471055,Layoffs.fyi
L00644,SiriusXM,New York City,United States,Media,Post-IPO,,,160.0,50-199,2024-02-12,2024,Q1,2,February,7,False,False,,https://variety.com/2024/digital/news/siriusxm-layoffs-160-employees-1235908020/,Layoffs.fyi
L00646,BlissClub,"Bengaluru,Non-U.S.",India,Retail,Series A,,,21.0,1-49,2024-02-09,2024,Q1,2,February,6,False,False,,https://inc42.com/buzz/exclusive-d2c-startup-blissclub-fires-about-18-workforce-to-cut-costs/,Layoffs.fyi
L00645,Licious,"Bengaluru,Non-U.S.",India,Food,Series F,,,80.0,50-199,2024-02-09,2024,Q1,2,February,6,False,False,,https://www.livemint.com/companies/licious-lays-off-80-employees-with-eye-on-growth-11707473279919.html,Layoffs.fyi
L00649,Otovo,"Oslo,Non-U.S.",Norway,Energy,Post-IPO,,,65.0,50-199,2024-02-08,2024,Q1,2,February,6,False,False,,https://www.mynewsdesk.com/otovo/pressreleases/otovo-q4-2023-cost-cuts-and-efficiency-program-executed-ready-for-2024-3302572,Layoffs.fyi
L00648,Pure Storage,SF Bay Area,United States,Data,Post-IPO,,,275.0,200-999,2024-02-08,2024,Q1,2,February,6,False,False,,https://blocksandfiles.com/2024/02/08/pure-storage-lays-off-staff-again/,Layoffs.fyi
L00653,Fireblocks,New York City,United States,Crypto,Series E,,,20.0,1-49,2024-02-07,2024,Q1,2,February,6,False,False,,https://www.calcalistech.com/ctechnews/article/rjkvszzit,Layoffs.fyi
L00652,Grammarly,SF Bay Area,United States,Consumer,Unknown,,,230.0,200-999,2024-02-07,2024,Q1,2,February,6,False,False,,https://elbuz.com/en/grammarly-skorochue-230-chleniv-komandi-37-z-yakikh-v-ukraini,Layoffs.fyi
L00657,Amazon,Seattle,United States,Retail,Post-IPO,,,400.0,200-999,2024-02-06,2024,Q1,2,February,6,False,False,,https://www.businessinsider.com/amazon-one-medical-pharmacy-layoffs-broader-cost-cutting-campaign-2024-2,Layoffs.fyi
L00656,DocuSign,SF Bay Area,United States,Sales,Post-IPO,,,440.0,200-999,2024-02-06,2024,Q1,2,February,6,False,False,,https://www.cnbc.com/2024/02/06/docusign-to-lay-off-6percent-of-workforce-or-about-440-jobs.html,Layoffs.fyi
L00661,BillGO,Fort Collins,United States,Finance,Series B,,,80.0,50-199,2024-02-05,2024,Q1,2,February,6,False,False,,https://www.coloradoan.com/story/money/business/2024/02/05/billgo-announces-80-layoffs-at-fort-collins-office/72484159007/,Layoffs.fyi
L00660,Drizly,Boston,United States,Retail,Acquired,,,168.0,50-199,2024-02-05,2024,Q1,2,February,6,False,False,,https://www.boston.com/news/business/2024/02/05/uber-drizly-to-lay-off-168-boston-workers/,Layoffs.fyi
L00662,Impact.com,Los Angeles,United States,Sales,Private Equity,,,40.0,1-49,2024-02-05,2024,Q1,2,February,6,False,False,,https://www.adnews.com.au/news/impact-com-cuts-staff-in-global-cost-cutting,Layoffs.fyi
L00659,Snap,Los Angeles,United States,Consumer,Post-IPO,,,500.0,200-999,2024-02-05,2024,Q1,2,February,6,False,False,,https://www.cnbc.com/2024/02/05/snap-to-lay-off-10percent-of-global-workforce-around-500-employees.html,Layoffs.fyi
L00668,Cue Health,San Diego,United States,Healthcare,Post-IPO,,,245.0,200-999,2024-02-02,2024,Q1,2,February,5,False,False,,https://www.sandiegouniontribune.com/business/story/2024-02-02/cue-health-lays-off-more-than-30-percent-of-its-global-workforce,Layoffs.fyi
L00669,Top Hat,"Toronto,Non-U.S.",Canada,Education,Series E,,,35.0,1-49,2024-02-02,2024,Q1,2,February,5,False,False,,https://betakit.com/toronto-software-companies-top-hat-loopio-wattpad-make-layoffs/,Layoffs.fyi
L00675,Illumina,San Diego,United States,Healthcare,Post-IPO,,,111.0,50-199,2024-02-01,2024,Q1,2,February,5,False,False,,https://www.sandiegouniontribune.com/business/story/2024-02-01/illumina-lays-off-11,Layoffs.fyi
L00673,Okta,SF Bay Area,United States,Security,Post-IPO,,,400.0,200-999,2024-02-01,2024,Q1,2,February,5,False,False,,https://www.cnbc.com/2024/02/01/okta-to-lay-off-7percent-of-staff-about-400-employees.html,Layoffs.fyi
L00676,Polygon,"Cayman Islands,Non-U.S.",Cayman Islands,Crypto,Unknown,,,60.0,50-199,2024-02-01,2024,Q1,2,February,5,False,False,,https://forum.polygon.technology/t/an-update-on-polygon-labs-polygon-ventures-and-polygon-id/13507,Layoffs.fyi
L00674,Zoom,SF Bay Area,United States,Other,Post-IPO,,,150.0,50-199,2024-02-01,2024,Q1,2,February,5,False,False,,https://www.cnbc.com/2024/02/01/zoom-layoffs-company-cuts-150-employees-2percent-of-workforce.html,Layoffs.fyi
L00680,CircleCI,SF Bay Area,United States,Product,Series F,,,100.0,50-199,2024-01-31,2024,Q1,1,January,5,False,False,,Internal memo,Layoffs.fyi
L00682,Innoviz,"Tel Aviv,Non-U.S.",Israel,Transportation,Post-IPO,,,60.0,50-199,2024-01-31,2024,Q1,1,January,5,False,False,,https://www.calcalistech.com/ctechnews/article/hjs6xbucp,Layoffs.fyi
L00678,Proofpoint,SF Bay Area,United States,Security,Acquired,,,280.0,200-999,2024-01-31,2024,Q1,1,January,5,False,False,,https://www.calcalistech.com/ctechnews/article/hjaniiwc6,Layoffs.fyi
L00681,Thinx,New York City,United States,Retail,Acquired,,,95.0,50-199,2024-01-31,2024,Q1,1,January,5,False,False,,https://www.modernretail.co/operations/thinx-to-layoff-95-workers-per-new-york-state-labor-filing/,Layoffs.fyi
L00679,Trove Recommerce,SF Bay Area,United States,Retail,Series E,,,130.0,50-199,2024-01-31,2024,Q1,1,January,5,False,False,,https://www.bizjournals.com/sanfrancisco/news/2024/01/31/trove-apparel-resale-tech-layoff-brisbane.html,Layoffs.fyi
L00688,Aurora Solar,SF Bay Area,United States,Energy,Series D,,,111.0,50-199,2024-01-30,2024,Q1,1,January,5,False,False,,https://techcrunch.com/2024/01/30/aurora-solar-layoffs/,Layoffs.fyi
L00686,Block,SF Bay Area,United States,Finance,Post-IPO,,,1000.0,"1,000-4,999",2024-01-30,2024,Q1,1,January,5,True,False,,https://www.businessinsider.com/block-layoffs-jack-dorsey-tech-industry-cuts-2024-1,Layoffs.fyi
L00687,Kiwi.com,"Brno,Non-U.S.",Czech Republic,Travel,Unknown,,,216.0,200-999,2024-01-30,2024,Q1,1,January,5,False,False,,https://cc.cz/vyhledavac-letenek-kiwi-com-hromadne-propousti-nejtezsi-rozhodnuti-v-zivote-rika-dlouhy/,Layoffs.fyi
L00685,PayPal,SF Bay Area,United States,Finance,Post-IPO,,,2500.0,"1,000-4,999",2024-01-30,2024,Q1,1,January,5,True,False,,https://www.bloomberg.com/news/articles/2024-01-30/paypal-to-cut-around-2-500-jobs-as-rivals-snag-market-share,Layoffs.fyi
L00690,TechCrunch,SF Bay Area,United States,Media,Acquired,,,7.0,1-49,2024-01-30,2024,Q1,1,January,5,False,False,,https://www.adweek.com/media/techcrunch-shutters-subscription-layoffs/,Layoffs.fyi
L00689,Wattpad,"Toronto,Non-U.S.",Canada,Media,Acquired,,,20.0,1-49,2024-01-30,2024,Q1,1,January,5,False,False,,https://techcrunch.com/2024/01/30/wattpad-a-storytelling-platform-conducts-another-layoff-round/,Layoffs.fyi
L00695,DispatchHealth,Denver,United States,Healthcare,Series E,,,88.0,50-199,2024-01-29,2024,Q1,1,January,5,False,False,,https://homehealthcarenews.com/2024/01/layoffs-hit-at-home-care-innovator-dispatchhealth/,Layoffs.fyi
L00694,iRobot,Boston,United States,Consumer,Post-IPO,,,350.0,200-999,2024-01-29,2024,Q1,1,January,5,False,False,,https://www.cnbc.com/2024/01/29/amazon-terminates-irobot-deal-vacuum-maker-to-lay-off-31percent-of-staff.html,Layoffs.fyi
L00697,Salesforce,SF Bay Area,United States,Sales,Post-IPO,,,700.0,200-999,2024-01-26,2024,Q1,1,January,4,False,False,,https://www.wsj.com/economy/jobs/salesforce-laying-off-700-workers-in-latest-tech-industry-downsizing-6a082fa3,Layoffs.fyi
L00703,Amperity,Seattle,United States,Marketing,Series D,,,20.0,1-49,2024-01-25,2024,Q1,1,January,4,False,False,,https://www.bizjournals.com/seattle/news/2024/01/25/amperity-layoffs-restructuring-seattle.html,Layoffs.fyi
L00704,MVPindex,Austin,United States,Marketing,Series B,,,12.0,1-49,2024-01-25,2024,Q1,1,January,4,False,False,,https://www.sportsbusinessjournal.com/Articles/2024/01/25/mvpindex-cuts,Layoffs.fyi
L00700,Microsoft,Seattle,United States,Other,Post-IPO,,,1900.0,"1,000-4,999",2024-01-25,2024,Q1,1,January,4,True,False,,https://www.theverge.com/2024/1/25/24049050/microsoft-activision-blizzard-layoffs,Layoffs.fyi
L00701,Swiggy,"Bengaluru,Non-U.S.",India,Food,Unknown,,,400.0,200-999,2024-01-25,2024,Q1,1,January,4,False,False,,https://techcrunch.com/2024/01/25/swiggy-to-cut-another-400-jobs-ahead-of-ipo-later-this-year/,Layoffs.fyi
L00702,Veho,Boulder,United States,Logistics,Series B,,,65.0,50-199,2024-01-25,2024,Q1,1,January,4,False,False,,https://techcrunch.com/2024/01/25/delivery-startup-veho-makes-corporate-job-cuts/,Layoffs.fyi
L00708,Cult.fit,"Bengaluru,Non-U.S.",India,Fitness,Series F,,,100.0,50-199,2024-01-24,2024,Q1,1,January,4,False,False,,https://economictimes.indiatimes.com/tech/startups/zomato-backed-fitness-startup-cult-fit-lays-off-over-100-employees/articleshow/107089694.cms?from=mdr,Layoffs.fyi
L00709,Personio,"Munich,Non-U.S.",Germany,HR,Series E,,,100.0,50-199,2024-01-24,2024,Q1,1,January,4,False,False,,Internal memo,Layoffs.fyi
L00710,Storytel,"Stockholm,Non-U.S.",Sweden,Media,Post-IPO,,,80.0,50-199,2024-01-24,2024,Q1,1,January,4,False,False,,https://investors.storytel.com/en/storytel-sharpens-focus-on-profitability-on-the-back-of-strong-q4-2023-earnings-and-upgrades-mid-term-financial-targets-announces-efficiency-initiative-and-write-downs/,Layoffs.fyi
L00717,Brex,SF Bay Area,United States,Finance,Series D,,,282.0,200-999,2024-01-23,2024,Q1,1,January,4,False,False,,https://techcrunch.com/2024/01/23/brex-layoffs-fintech/,Layoffs.fyi
L00718,Cure.fit,"Bengaluru,Non-U.S.",India,Fitness,Series F,,,120.0,50-199,2024-01-23,2024,Q1,1,January,4,False,False,,https://www.moneycontrol.com/europe/?url=https://www.moneycontrol.com/news/technology/zomato-backed-cult-fit-fires-150-employees-to-lower-cash-burn-12110751.html,Layoffs.fyi
L00719,GoStudent,"Vienna,Non-U.S.",Austria,Education,Series D,,,100.0,50-199,2024-01-23,2024,Q1,1,January,4,False,False,,https://www.businessinsider.com/gostudent-softbank-backed-edtech-unicorn-carries-out-more-layoffs-2024-1,Layoffs.fyi
L00721,GoTo,Boston,United States,Other,Acquired,,,29.0,1-49,2024-01-23,2024,Q1,1,January,4,False,False,,https://www.bizjournals.com/boston/news/2024/01/23/goto-cuts-29-roles-in-massachusetts.html,Layoffs.fyi
L00720,Jellysmack,"Paris,Non-U.S.",France,Media,Series C,,,30.0,1-49,2024-01-23,2024,Q1,1,January,4,False,False,,https://www.businessinsider.com/creator-startup-jellysmack-lays-off-staffers-restructures-memo-2024-1,Layoffs.fyi
L00714,SAP,"Walldorf,Non-U.S.",Germany,Other,Post-IPO,,,8000.0,"5,000+",2024-01-23,2024,Q1,1,January,4,True,True,,https://www.cnbc.com/2024/01/23/sap-plans-job-changes-or-buyouts-for-8000-employees-in-restructuring-plan.html,Layoffs.fyi
L00722,Seedr,"London,Non-U.S.",United Kingdom,Finance,Acquired,,,15.0,1-49,2024-01-23,2024,Q1,1,January,4,False,False,,https://sifted.eu/articles/seedrs-lays-off-15-of-its-european-workforce-news,Layoffs.fyi
L00716,Vroom,New York City,United States,Transportation,Post-IPO,,,800.0,200-999,2024-01-23,2024,Q1,1,January,4,False,False,,https://www.calcalistech.com/ctechnews/article/bktdjgakt,Layoffs.fyi
L00715,eBay,SF Bay Area,United States,Retail,Post-IPO,,,1000.0,"1,000-4,999",2024-01-23,2024,Q1,1,January,4,True,False,,https://www.cnbc.com/2024/01/23/ebay-to-slash-about-1000-roles-or-approximately-9percent-of-full-time-employees.html,Layoffs.fyi
L00723,Riot Games,Los Angeles,United States,Consumer,Acquired,,,530.0,200-999,2024-01-22,2024,Q1,1,January,4,False,False,,https://www.bloomberg.com/news/articles/2024-01-22/tencent-s-riot-games-to-lay-off-530-people-about-11-of-staff,Layoffs.fyi
L00725,TikTok,Los Angeles,United States,Consumer,Acquired,,,60.0,50-199,2024-01-22,2024,Q1,1,January,4,False,False,,https://www.npr.org/2024/01/22/1226127366/tiktok-cuts-jobs-tech-layoffs-china,Layoffs.fyi
L00724,Xendit,"Jakarta,Non-U.S.",Indonesia,Finance,Series D,,,200.0,200-999,2024-01-22,2024,Q1,1,January,4,False,False,,https://www.techinasia.com/indonesian-unicorn-slashes-200-jobs,Layoffs.fyi
L00729,SolarEdge,"Tel Aviv,Non-U.S.",Israel,Energy,Post-IPO,,,900.0,200-999,2024-01-21,2024,Q1,1,January,3,False,False,,https://www.calcalistech.com/ctechnews/article/rk4xlfcya,Layoffs.fyi
L00730,Wayfair,Boston,United States,Retail,Post-IPO,,,1650.0,"1,000-4,999",2024-01-19,2024,Q1,1,January,3,True,False,,https://www.cnbc.com/2024/01/19/wayfair-layoffs-home-goods-retailer-to-cut-1650-employees.html,Layoffs.fyi
L00731,Amazon,Seattle,United States,Retail,Post-IPO,,,30.0,1-49,2024-01-18,2024,Q1,1,January,3,False,False,,https://www.cnbc.com/2024/01/18/-amazon-layoffs-hit-its-buy-with-prime-unit.html,Layoffs.fyi
L00735,Sirplus,"Berlin,Non-U.S.",Germany,Food,Seed,,,60.0,50-199,2024-01-17,2024,Q1,1,January,3,False,False,,https://tech.eu/2024/01/19/food-waste-startup-sirplus-files-for-insolvency-due-to/,Layoffs.fyi
L00734,YouTube,SF Bay Area,United States,Media,Acquired,,,100.0,50-199,2024-01-17,2024,Q1,1,January,3,False,False,,https://techcrunch.com/2024/01/17/youtube-to-eliminate-100-employees-as-layoffs-at-google-continue/,Layoffs.fyi
L00737,First Mode,Seattle,United States,Transportation,Acquired,,,48.0,1-49,2024-01-16,2024,Q1,1,January,3,False,False,,https://www.geekwire.com/2024/first-mode-reduces-workforce-revises-hybrid-trucks/,Layoffs.fyi
L00736,SonderMind,Denver,United States,Healthcare,Series C,,,49.0,1-49,2024-01-16,2024,Q1,1,January,3,False,False,,https://endpts.com/mental-health-tech-unicorn-sondermind-lays-off-17-of-its-employees/,Layoffs.fyi
L00742,GrabCAD,"Tallinn,Non-U.S.",Estonia,Other,Acquired,,,13.0,1-49,2024-01-12,2024,Q1,1,January,2,False,False,,https://digipro.geenius.ee/rubriik/uudis/eesti-juurtega-grabcad-paneb-tallinnas-pillid-kotti-siinsed-palgad-kasvavad-liiga-kiiresti/,Layoffs.fyi
L00741,Veeam,Columbus,United States,Data,Acquired,,,300.0,200-999,2024-01-12,2024,Q1,1,January,2,False,False,,https://blocksandfiles.com/2024/01/12/veeam-layoffs/,Layoffs.fyi
L00752,7Shifts,"Saskatoon,Non-U.S.",Canada,Food,Series C,,,68.0,50-199,2024-01-11,2024,Q1,1,January,2,False,False,,https://betakit.com/7shifts-cuts-19-percent-of-staff-in-new-layoffs-to-start-2024/,Layoffs.fyi
L00751,Audible,New York City,United States,Media,Acquired,,,100.0,50-199,2024-01-11,2024,Q1,1,January,2,False,False,,https://variety.com/2024/digital/news/audible-layoffs-amazon-1235869320/,Layoffs.fyi
L00754,Cloudflare,SF Bay Area,United States,Security,Post-IPO,,,40.0,1-49,2024-01-11,2024,Q1,1,January,2,False,False,,https://twitter.com/eastdakota/status/1745697840180191501,Layoffs.fyi
L00749,Discord,SF Bay Area,United States,Consumer,Series H,,,170.0,50-199,2024-01-11,2024,Q1,1,January,2,False,False,,https://www.theverge.com/2024/1/11/24034705/discord-layoffs-17-percent-employees,Layoffs.fyi
L00750,Inmobi,"Bengaluru,Non-U.S.",India,Marketing,Unknown,,,125.0,50-199,2024-01-11,2024,Q1,1,January,2,False,False,,https://economictimes.indiatimes.com/tech/technology/inmobi-to-lay-off-125-employees-in-operations-rejig/articleshow/106706950.cms,Layoffs.fyi
L00747,New Work SE,"Hamburg,Non-U.S.",Germany,Consumer,Post-IPO,,,400.0,200-999,2024-01-11,2024,Q1,1,January,2,False,False,,https://www.new-work.se/de/newsroom/pressemitteilungen/2024-ad-hoc-2024-11-01,Layoffs.fyi
L00748,Playtika,"Tel Aviv,Non-U.S.",Israel,Consumer,Post-IPO,,,300.0,200-999,2024-01-11,2024,Q1,1,January,2,False,False,,https://www.calcalistech.com/ctechnews/article/skb6elt006,Layoffs.fyi
L00753,Sisense,New York City,United States,Data,Series F,,,60.0,50-199,2024-01-11,2024,Q1,1,January,2,False,False,,https://www.calcalistech.com/ctechnews/article/ryujxxtoa,Layoffs.fyi
L00763,Beam Benefits,Columbus,United States,Healthcare,Series E,,,74.0,50-199,2024-01-10,2024,Q1,1,January,2,False,False,,https://coverager.com/layoffs-at-beam-benefits/,Layoffs.fyi
L00759,Citrix,Miami,United States,Infrastructure,Acquired,,,1000.0,"1,000-4,999",2024-01-10,2024,Q1,1,January,2,True,False,,https://www.crn.com/news/cloud/2024/citrix-parent-cloud-software-group-cuts-12-percent-of-workforce,Layoffs.fyi
L00762,FreshDirect,New York City,United States,Food,Acquired,,,100.0,50-199,2024-01-10,2024,Q1,1,January,2,False,False,,https://www.grocerydive.com/news/freshdirect-restructures-corporate-division-cuts-jobs/704251/,Layoffs.fyi
L00760,Google,SF Bay Area,United States,Consumer,Post-IPO,,,1000.0,"1,000-4,999",2024-01-10,2024,Q1,1,January,2,True,False,,https://www.theverge.com/2024/1/11/24034124/google-layoffs-engineering-assistant-hardware,Layoffs.fyi
L00761,IAC,New York City,United States,Consumer,Post-IPO,,,330.0,200-999,2024-01-10,2024,Q1,1,January,2,False,False,,https://www.bloomberg.com/news/articles/2024-01-10/iac-divests-mosaic-apps-to-bending-spoons-in-deal-valued-at-100-million-plus?embedded-checkout=true,Layoffs.fyi
L00764,Instagram,SF Bay Area,United States,Consumer,Acquired,,,60.0,50-199,2024-01-10,2024,Q1,1,January,2,False,False,,https://www.businessinsider.com/instagram-cuts-technical-program-managers-reinterview-for-pm-roles-2024-1,Layoffs.fyi
L00769,Branch,Columbus,United States,Finance,Series C,,,85.0,50-199,2024-01-09,2024,Q1,1,January,2,False,False,,https://coverager.com/insurtech-branch-conducts-another-round-of-layoffs/,Layoffs.fyi
L00771,FullStory,Atlanta,United States,Marketing,Unknown,,,50.0,50-199,2024-01-09,2024,Q1,1,January,2,False,False,,https://docs.google.com/spreadsheets/d/e/2PACX-1vQImogyZzjfY7JuSDHLwScTdPsG2S_y6S6qKnfbroU-tglTZUO81W7R4B5U_-qghCLeZ9v3LpaaTxbU/pubhtml,Layoffs.fyi
L00775,Humane,SF Bay Area,United States,Hardware,Series C,,,10.0,1-49,2024-01-09,2024,Q1,1,January,2,False,False,,https://www.theverge.com/2024/1/9/24032274/humane-layoffs-ai-pin,Layoffs.fyi
L00770,Nevro,SF Bay Area,United States,Healthcare,Post-IPO,,,63.0,50-199,2024-01-09,2024,Q1,1,January,2,False,False,,https://www.marketwatch.com/story/nevro-laying-off-63-employees-revenue-to-beat-analyst-estimates-107a85d7,Layoffs.fyi
L00773,Rent the Runway,New York City,United States,Retail,Post-IPO,,,37.0,1-49,2024-01-09,2024,Q1,1,January,2,False,False,,https://www.wsj.com/business/retail/rent-the-runway-to-cut-about-10-of-corporate-jobs-lose-operating-chief-f7bc74b3,Layoffs.fyi
L00774,Treasure Financial,SF Bay Area,United States,Finance,Series A,,,14.0,1-49,2024-01-09,2024,Q1,1,January,2,False,False,,https://techcrunch.com/2024/01/09/treasure-financial-lays-off-staff-just-months-after-reporting-explosive-growth/,Layoffs.fyi
L00768,Twitch,SF Bay Area,United States,Consumer,Acquired,,,500.0,200-999,2024-01-09,2024,Q1,1,January,2,False,False,,https://www.bloomberg.com/news/articles/2024-01-09/amazon-s-twitch-to-cut-500-employees-about-35-of-staff,Layoffs.fyi
L00772,Uber Freight,SF Bay Area,United States,Logistics,Subsidiary,,,40.0,1-49,2024-01-09,2024,Q1,1,January,2,False,False,,https://www.freightwaves.com/news/digital-brokerage-uber-freight-slashes-jobs,Layoffs.fyi
L00784,BenchSci,"Toronto,Non-U.S.",Canada,Healthcare,Series D,,,70.0,50-199,2024-01-08,2024,Q1,1,January,2,False,False,,https://betakit.com/benchsci-trims-headcount-citing-generative-ai-economic-conditions/,Layoffs.fyi
L00782,Flexe,Seattle,United States,Logistics,Series D,,,99.0,50-199,2024-01-08,2024,Q1,1,January,2,False,False,,https://www.geekwire.com/2024/warehousing-and-logistics-startup-flexe-cuts-38-of-workforce-in-latest-layoffs/,Layoffs.fyi
L00780,Flipkart,"Bengaluru,Non-U.S.",India,Retail,Acquired,,,1100.0,"1,000-4,999",2024-01-08,2024,Q1,1,January,2,True,False,,https://www.republicworld.com/business/industry/flipkart-reportedly-to-lay-off-over-1000-employees/,Layoffs.fyi
L00781,NuScale Power,Corvallis,United States,Energy,Post-IPO,,,154.0,50-199,2024-01-08,2024,Q1,1,January,2,False,False,,https://www.oregonlive.com/business/2024/01/oregon-nuclear-power-company-nuscale-acknowledges-layoffs-says-154-workers-lost-their-jobs.html,Layoffs.fyi
L00783,Pitch,"Berlin,Non-U.S.",Germany,Other,Series B,,,80.0,50-199,2024-01-08,2024,Q1,1,January,2,False,False,,https://techcrunch.com/2024/01/08/pitch-christian-reber-venture-funding/,Layoffs.fyi
L00779,Unity,SF Bay Area,United States,Other,Post-IPO,,,1800.0,"1,000-4,999",2024-01-08,2024,Q1,1,January,2,True,False,,https://www.reuters.com/technology/unity-software-cutting-25-staff-company-reset-continuation-2024-01-08/,Layoffs.fyi
L00790,NanoString Technologies,Seattle,United States,Healthcare,Post-IPO,,,50.0,50-199,2024-01-06,2024,Q1,1,January,1,False,False,,https://www.geekwire.com/2024/nanostring-technologies-to-cut-9-of-workforce-gets-delisting-warning-from-nasdaq/,Layoffs.fyi
L00791,Cue Health,San Diego,United States,Healthcare,Post-IPO,,,94.0,50-199,2024-01-05,2024,Q1,1,January,1,False,False,,https://www.360dx.com/business-news/cue-health-lays-94-people-fda-declines-grant-covidflu-test-eua,Layoffs.fyi
L00793,Trigo,"Tel Aviv,Non-U.S.",Israel,Retail,Series C,,,30.0,1-49,2024-01-04,2024,Q1,1,January,1,False,False,,https://www.calcalistech.com/ctechnews/article/b1pfj7nu6,Layoffs.fyi
L00797,Lazada Group ,"Singapore,Non-U.S.",Singapore,Retail,Acquired,,,100.0,50-199,2024-01-03,2024,Q1,1,January,1,False,False,,https://www.channelnewsasia.com/singapore/lazada-layoffs-retrenchment-job-cuts-employees-4024746,Layoffs.fyi
L00798,Orca Security,"Tel Aviv,Non-U.S.",Israel,Security,Series C,,,60.0,50-199,2024-01-03,2024,Q1,1,January,1,False,False,,https://www.calcalistech.com/ctechnews/article/skm23oz00t,Layoffs.fyi
L00796,Xerox,Norwalk,United States,Hardware,Post-IPO,,,3000.0,"1,000-4,999",2024-01-03,2024,Q1,1,January,1,True,False,,https://www.cnbc.com/2024/01/03/xerox-layoffs-company-to-cut-15percent-of-workforce.html,Layoffs.fyi
L00799,Frontdesk,Milwaukee,United States,Travel,Unknown,,,200.0,200-999,2024-01-02,2024,Q1,1,January,1,False,False,,https://techcrunch.com/2024/01/02/short-term-rental-provider-frontdesk-lays-off-entire-staff-on-the-verge-of-shutting-down/,Layoffs.fyi
L00800,The Messenger,New York City,United States,Media,Unknown,,,24.0,1-49,2024-01-02,2024,Q1,1,January,1,False,False,,https://www.nytimes.com/2024/01/02/business/media/the-messenger-news-layoffs.html,Layoffs.fyi
L00801,Ocado,"London,Non-U.S.",United Kingdom,Food,Post-IPO,,,1000.0,"1,000-4,999",2023-12-31,2023,Q4,12,December,52,True,False,,https://www.thetimes.com/business-money/entrepreneurs/article/ocado-reduced-staff-numbers-amid-difficult-times-for-online-grocers-xrxknd58s,Layoffs.fyi
L00804,Paytm,"Noida,Non-U.S.",India,Finance,Unknown,,,1000.0,"1,000-4,999",2023-12-25,2023,Q4,12,December,52,True,False,,https://timesofindia.indiatimes.com/business/india-business/paytm-announces-layoffs-aims-to-streamline-operations-and-reduce-costs/articleshow/106260763.cms?from=mdr,Layoffs.fyi
L00805,Intel,Sacramento,United States,Hardware,Post-IPO,,,311.0,200-999,2023-12-21,2023,Q4,12,December,51,False,False,,https://www.theregister.com/2023/12/21/intel_gifts_311_cali_workers/,Layoffs.fyi
L00808,ShareChat,"Bengaluru,Non-U.S.",India,Consumer,Series H,,,200.0,200-999,2023-12-20,2023,Q4,12,December,51,False,False,,https://entrackr.com/2023/12/sharechat-lays-off-15-of-its-workforce/,Layoffs.fyi
L00809,InSightec,"Haifa,Non-U.S.",United States,Healthcare,Unknown,,,100.0,50-199,2023-12-19,2023,Q4,12,December,51,False,False,,https://www.calcalistech.com/ctechnews/article/bkmqvekv6,Layoffs.fyi
L00814,Arm Holdings,"Shanghai,Non-U.S.",China,Hardware,Post-IPO,,,70.0,50-199,2023-12-18,2023,Q4,12,December,51,False,False,,https://www.bloomberg.com/news/articles/2023-12-18/arm-lays-off-over-70-engineers-in-china-relocating-roles,Layoffs.fyi
L00813,Checkout.com,"London,Non-U.S.",United Kingdom,Finance,Series D,,,80.0,50-199,2023-12-18,2023,Q4,12,December,51,False,False,,https://enphase.com/blog/employees/dec-2023-message-from-our-ceo,Layoffs.fyi
L00811,Enphase Energy,SF Bay Area,United States,Energy,Post-IPO,,,350.0,200-999,2023-12-18,2023,Q4,12,December,51,False,False,,https://enphase.com/blog/employees/dec-2023-message-from-our-ceo,Layoffs.fyi
L00812,Udaan,"Bengaluru,Non-U.S.",India,Retail,Unknown,,,100.0,50-199,2023-12-18,2023,Q4,12,December,51,False,False,,https://startupstorymedia.com/insights-udaan-despite-340-million-funding-implements-layoffs-cuts-10-of-workforce/,Layoffs.fyi
L00816,eBay,"Tel Aviv,Non-U.S.",United States,Retail,Post-IPO,,,20.0,1-49,2023-12-17,2023,Q4,12,December,50,False,False,,https://www.calcalistech.com/ctechnews/article/h1d3zchia,Layoffs.fyi
L00817,Glowforge,Seattle,United States,Manufacturing,Series E,,,30.0,1-49,2023-12-15,2023,Q4,12,December,50,False,False,,https://www.geekwire.com/2023/glowforge-lays-off-30-employees-as-maker-of-3d-laser-engravers-gets-ready-for-whats-next/,Layoffs.fyi
L00820,Cruise,SF Bay Area,United States,Transportation,Acquired,,,900.0,200-999,2023-12-14,2023,Q4,12,December,50,False,False,,https://techcrunch.com/2023/12/14/cruise-slashes-24-of-self-driving-car-workforce-in-sweeping-layoffs/,Layoffs.fyi
L00821,Solarisbank,"Berlin,Non-U.S.",Germany,Finance,Unknown,,,20.0,1-49,2023-12-14,2023,Q4,12,December,50,False,False,,https://finanz-szene.de/fintech/solarisbank-entlaesst-mehr-als-20-beschaeftigte-auch-drei-manager-gehen/,Layoffs.fyi
L00829,Analog Devices,SF Bay Area,United States,Manufacturing,Post-IPO,,,111.0,50-199,2023-12-13,2023,Q4,12,December,50,False,False,,https://www.bizjournals.com/sanjose/news/2023/12/13/layoffs-come-to-analog-devices-as-111.html,Layoffs.fyi
L00828,Etsy,New York City,United States,Retail,Post-IPO,,,225.0,200-999,2023-12-13,2023,Q4,12,December,50,False,False,,https://www.cnbc.com/2023/12/13/etsy-laying-off-11percent-of-staff-citing-competitive-environment.html,Layoffs.fyi
L00831,Flex,SF Bay Area,United States,Manufacturing,Unknown,,,31.0,1-49,2023-12-13,2023,Q4,12,December,50,False,False,,https://www.siliconvalley.com/2023/12/13/tech-job-cut-layoff-san-jose-economy-sports-google-facebook-nextdoor/,Layoffs.fyi
L00830,ForgeRock,SF Bay Area,United States,Other,Acquired,,,109.0,50-199,2023-12-13,2023,Q4,12,December,50,False,False,,https://www.sfchronicle.com/bayarea/article/bay-area-tech-layoffs-pac-12-forgerock-analog-18552853.php,Layoffs.fyi
L00827,Invitae,SF Bay Area,United States,Healthcare,Post-IPO,,,235.0,200-999,2023-12-13,2023,Q4,12,December,50,False,False,,https://sfstandard.com/2023/12/19/tech-layoffs-san-francisco-invitae/,Layoffs.fyi
L00834,TomTom,"Lodz,Non-U.S.",Poland,Transportation,Post-IPO,,,45.0,1-49,2023-12-12,2023,Q4,12,December,50,False,False,,https://businessinsider.com.pl/wiadomosci/tomtom-oglosil-zwolnienia-grupowe-wszystko-przez-sztuczna-inteligencje/czlqpyz,Layoffs.fyi
L00835,Chipper Cash,SF Bay Area,United States,Finance,Series C,,,15.0,1-49,2023-12-11,2023,Q4,12,December,50,False,False,,https://techcabal.com/2023/12/11/chipper-cash-cuts-15-jobs/,Layoffs.fyi
L00839,Zulily,Seattle,United States,Retail,Acquired,,,839.0,200-999,2023-12-08,2023,Q4,12,December,49,False,False,,https://www.geekwire.com/2023/zulilys-closure-of-ohio-fulfillment-center-will-impact-274-workers/,Layoffs.fyi
L00842,Rivian,Detroit,United States,Transportation,Post-IPO,,,20.0,1-49,2023-12-07,2023,Q4,12,December,49,False,False,,https://www.theinformation.com/articles/exclusive-from-the-electric-rivian-becomes-the-latest-to-lay-off-battery-workers,Layoffs.fyi
L00841,Simplilearn,"Bengaluru,Non-U.S.",India,Education,Acquired,,,200.0,200-999,2023-12-07,2023,Q4,12,December,49,False,False,,https://startupstorymedia.com/insights-simplilearn-backed-by-blackstone-terminates-200-employees-citing-performance-issues/,Layoffs.fyi
L00844,Navan,SF Bay Area,United States,Travel,Unknown,,,145.0,50-199,2023-12-06,2023,Q4,12,December,49,False,False,,https://skift.com/2023/12/06/navan-lays-off-145-people-to-reach-profitability/,Layoffs.fyi
L00845,Tidal,New York City,United States,Consumer,Acquired,,,40.0,1-49,2023-12-06,2023,Q4,12,December,49,False,False,,https://www.bloomberg.com/news/articles/2023-12-06/dorsey-s-ax-hits-tidal-music-service-over-10-of-staff-let-go,Layoffs.fyi
L00848,Incredibuild,"Tel Aviv,Non-U.S.",Israel,Product,Series B,,,40.0,1-49,2023-12-05,2023,Q4,12,December,49,False,False,,https://www.calcalistech.com/ctechnews/article/b14g5i3rt,Layoffs.fyi
L00847,Navan,SF Bay Area,United States,Finance,Unknown,,,145.0,50-199,2023-12-05,2023,Q4,12,December,49,False,False,,https://www.theinformation.com/briefings/ipo-candidate-navan-lays-off-145-in-profitability-push,Layoffs.fyi
L00846,ZestMoney,"Bengaluru,Non-U.S.",India,Finance,Series C,,,150.0,50-199,2023-12-05,2023,Q4,12,December,49,False,False,,https://techcrunch.com/2023/12/05/goldman-sachs-backed-zestmoney-once-valued-at-450m-to-shut-down/,Layoffs.fyi
L00856,Meow Wolf,Santa Fe,United States,Media,Unknown,,,8.0,1-49,2023-12-04,2023,Q4,12,December,49,False,False,,https://finance.yahoo.com/news/meow-wolf-lays-off-eight-003400761.html,Layoffs.fyi
L00854,Spotify,"Stockholm,Non-U.S.",Sweden,Media,Post-IPO,,,1500.0,"1,000-4,999",2023-12-04,2023,Q4,12,December,49,True,False,,https://www.cnbc.com/2023/12/04/spotify-to-lay-off-17percent-of-employees-ceo-daniel-ek-says.html,Layoffs.fyi
L00855,TuSimple,San Diego,United States,Transportation,Post-IPO,,,150.0,50-199,2023-12-04,2023,Q4,12,December,49,False,False,,https://www.morningstar.com/news/marketwatch/20231204801/autonomous-truck-company-tusimple-to-wind-down-us-operations-slash-jobs,Layoffs.fyi
L00860,Loco,"Mumbai,Non-U.S.",India,Consumer,Acquired,,,40.0,1-49,2023-11-30,2023,Q4,11,November,48,False,False,,https://inc42.com/buzz/krafton-backed-loco-joins-layoff-spree-trims-36-headcount/,Layoffs.fyi
L00861,Zepz,"London,Non-U.S.",United Kingdom,Finance,Series E,,,30.0,1-49,2023-11-30,2023,Q4,11,November,48,False,False,,https://www.cnbc.com/2023/11/30/zepz-a-5-billion-fintech-unicorn-is-laying-off-more-staff.html,Layoffs.fyi
L00867,Dataminr,New York City,United States,AI,Series F,,,150.0,50-199,2023-11-28,2023,Q4,11,November,48,False,False,,https://techcrunch.com/2023/11/28/dataminr-the-4b-big-data-startup-is-laying-off-20-of-staff-today-or-150-people-as-it-preps-to-double-down-on-ai/,Layoffs.fyi
L00866,Unity,SF Bay Area,United States,Other,Post-IPO,,,265.0,200-999,2023-11-28,2023,Q4,11,November,48,False,False,,https://www.reuters.com/technology/unity-software-cut-38-staff-company-reset-2023-11-28/,Layoffs.fyi
L00871,Bytedance,"Shanghai,Non-U.S.",China,Consumer,Unknown,,,1000.0,"1,000-4,999",2023-11-27,2023,Q4,11,November,48,True,False,,https://asia.nikkei.com/Business/China-tech/TikTok-parent-ByteDance-to-cut-1-000-gaming-jobs-in-strategic-shift,Layoffs.fyi
L00872,Our Next Energy,Detroit,United States,Transportation,Series B,,,128.0,50-199,2023-11-27,2023,Q4,11,November,48,False,False,,https://www.reuters.com/business/autos-transportation/ev-battery-startup-one-cuts-workforce-by-25-2023-11-27/,Layoffs.fyi
L00870,VMware,SF Bay Area,United States,Infrastructure,Acquired,,,2837.0,"1,000-4,999",2023-11-27,2023,Q4,11,November,48,True,False,,https://arstechnica.com/information-technology/2023/12/broadcom-cuts-at-least-2800-vmware-jobs-following-69-billion-acquisition/,Layoffs.fyi
L00875,Alerzo,"Ibadan,Non-U.S.",Nigeria,Retail,Series B,,,100.0,50-199,2023-11-21,2023,Q4,11,November,47,False,False,,https://techpoint.africa/2023/11/21/alerzo-has-laid-off-100-employees-due-to-warehouse-automation/,Layoffs.fyi
L00876,McMakler,"Berlin,Non-U.S.",Germany,Real Estate,Unknown,,,60.0,50-199,2023-11-21,2023,Q4,11,November,47,False,False,,https://www.businessinsider.de/gruenderszene/business/naechste-entlassungswelle-bei-mcmakler-58-personen-verlieren-ihren-job/,Layoffs.fyi
L00877,Tulip Retail,"Toronto,Non-U.S.",Canada,Retail,Series C,,,25.0,1-49,2023-11-21,2023,Q4,11,November,47,False,False,,https://www.linkedin.com/posts/aliasaria_yesterday-was-a-difficult-day-at-tulip-we-activity-7133191110356566016-8eiX/,Layoffs.fyi
L00878,Jodo,"Bengaluru,Non-U.S.",India,Finance,Series A,,,100.0,50-199,2023-11-20,2023,Q4,11,November,47,False,False,,https://inc42.com/buzz/exclusive-tiger-global-backed-jodo-sacks-100-employees-as-business-outlook-falters/,Layoffs.fyi
L00881,Physics Wallah,"Noida,Non-U.S.",India,Education,Series A,,,120.0,50-199,2023-11-19,2023,Q4,11,November,46,False,False,,https://entrackr.com/2023/11/exclusive-physicswallah-lays-off-over-100-employees/,Layoffs.fyi
L00882,NextGen Healthcare,St. Louis,United States,Healthcare,Acquired,,,84.0,50-199,2023-11-17,2023,Q4,11,November,46,False,False,,https://www.bizjournals.com/stlouis/news/2023/11/17/health-care-tech-firm-lay-off-84-st-louis-workers.html,Layoffs.fyi
L00888,Paystack,"Lagos,Non-U.S.",Nigeria,Finance,Acquired,,,33.0,1-49,2023-11-16,2023,Q4,11,November,46,False,False,,https://techcrunch.com/2023/11/16/paystack-reduces-operations-outside-of-africa-affecting-33-employees-in-europe-and-dubai/,Layoffs.fyi
L00887,Sierra Space,Boulder,United States,Aerospace,Series B,,,115.0,50-199,2023-11-16,2023,Q4,11,November,46,False,False,,https://www.cnbc.com/2023/11/16/sierra-space-layoffs.html,Layoffs.fyi
L00898,Cake Group,"Singapore,Non-U.S.",Singapore,Crypto,Unknown,,,50.0,50-199,2023-11-14,2023,Q4,11,November,46,False,False,,https://www.linkedin.com/posts/julianhosp_cake-group-ceos-message-to-employees-activity-7130117237218156545-oPjI/,Layoffs.fyi
L00896,Chewy,Miami,United States,Retail,Post-IPO,,,200.0,200-999,2023-11-14,2023,Q4,11,November,46,False,False,,https://techcrunch.com/2023/11/14/online-pet-goods-retailer-chewy-lays-off-200-employees/,Layoffs.fyi
L00897,Sarcos,Pittsburgh,United States,Aerospace,Post-IPO,,,150.0,50-199,2023-11-14,2023,Q4,11,November,46,False,False,,https://www.bizjournals.com/pittsburgh/inno/stories/profiles/2023/11/14/sarcos-robotics-to-close-pittsburgh-office.html,Layoffs.fyi
L00902,Amazon,Seattle,United States,Retail,Post-IPO,,,180.0,50-199,2023-11-13,2023,Q4,11,November,46,False,False,,https://www.cnbc.com/2023/11/13/amazon-cuts-more-than-180-jobs-in-gaming-division.html,Layoffs.fyi
L00903,TripAdvisor,Boston,United States,Travel,Post-IPO,,,125.0,50-199,2023-11-12,2023,Q4,11,November,45,False,False,,https://skift.com/2023/11/12/tripadvisor-laid-off-4-of-its-workforce-and-more-cuts-are-on-the-way/,Layoffs.fyi
L00908,Snap,Los Angeles,United States,Consumer,Post-IPO,,,20.0,1-49,2023-11-08,2023,Q4,11,November,45,False,False,,https://www.theinformation.com/articles/snap-lays-off-product-managers-as-spiegel-revamps-workforce,Layoffs.fyi
L00913,Oportun,SF Bay Area,United States,Finance,Post-IPO,,,185.0,50-199,2023-11-07,2023,Q4,11,November,45,False,False,,https://finance.yahoo.com/news/oportun-lay-off-18-corporate-021807823.html,Layoffs.fyi
L00914,Zillow,Seattle,United States,Real Estate,Post-IPO,,,23.0,1-49,2023-11-07,2023,Q4,11,November,45,False,False,,https://www.realestatenews.com/2023/11/07/zillow-confirms-layoffs-affecting-a-small-number-of-roles,Layoffs.fyi
L00921,F5,Seattle,United States,Security,Post-IPO,,,120.0,50-199,2023-11-03,2023,Q4,11,November,44,False,False,,https://www.geekwire.com/2023/seattle-cloud-giant-f5-lays-off-120-employees/,Layoffs.fyi
L00925,Beyond Meat,Los Angeles,United States,Food,Post-IPO,,,65.0,50-199,2023-11-02,2023,Q4,11,November,44,False,False,,https://investors.beyondmeat.com/news-releases/news-release-details/beyond-meatr-provides-select-third-quarter-financial-results,Layoffs.fyi
L00924,Viasat,San Diego,United States,Other,Post-IPO,,,800.0,200-999,2023-11-02,2023,Q4,11,November,44,False,False,,https://news.bloomberglaw.com/bankruptcy-law/viasat-to-cut-global-workforce-by-approximately-10,Layoffs.fyi
L00931,Faire,SF Bay Area,United States,Retail,Series G,,,250.0,200-999,2023-11-01,2023,Q4,11,November,44,False,False,,https://www.businessinsider.com/wholesale-startup-faire-lays-off-another-250-employees-2023-11,Layoffs.fyi
L00929,Informatica,SF Bay Area,United States,Data,Post-IPO,,,545.0,200-999,2023-11-01,2023,Q4,11,November,44,False,False,,https://www.barrons.com/articles/informatica-buyback-earnings-6cc15b80,Layoffs.fyi
L00932,Sana Benefits,Austin,United States,HR,Series B,,,73.0,50-199,2023-11-01,2023,Q4,11,November,44,False,False,,https://www.sanabenefits.com/blog/changes-at-sana/,Layoffs.fyi
L00930,Splunk,SF Bay Area,United States,Data,Post-IPO,,,500.0,200-999,2023-11-01,2023,Q4,11,November,44,False,False,,https://www.cnbc.com/2023/11/01/splunk-layoffs-7percent-of-workforce-to-be-cut-ahead-of-cisco-acquisition.html,Layoffs.fyi
L00935,Hubilo,SF Bay Area,United States,Other,Series B,,,50.0,50-199,2023-10-30,2023,Q4,10,October,44,False,False,,https://meetings.skift.com/hubilo-lays-off-at-least-50-staffers-hints-at-desperate-times-for-virtual-platforms/?utm_content=270020146&utm_medium=social&utm_source=linkedin&hss_channel=lcp-6921677,Layoffs.fyi
L00934,StepStone,"Berlin,Non-U.S.",Germany,Recruiting,Acquired,,,215.0,200-999,2023-10-30,2023,Q4,10,October,44,False,False,,https://aimgroup.com/2023/10/30/recruitment-giant-stepstone-lays-off-more-than-200-people/,Layoffs.fyi
L00938,Graphy,"Bengaluru,Non-U.S.",India,Education,Subsidiary,,,50.0,50-199,2023-10-26,2023,Q4,10,October,43,False,False,,https://inc42.com/buzz/exclusive-unacademys-graphy-cuts-20-30-jobs-to-focus-on-offline-ops/,Layoffs.fyi
L00937,Hippo Insurance,SF Bay Area,United States,Finance,Post-IPO,,,120.0,50-199,2023-10-26,2023,Q4,10,October,43,False,False,,https://www.theinsurer.com/news/hippo-undertakes-another-round-of-job-cuts-impacting-70-roles/,Layoffs.fyi
L00940, F-Secure ,"Helsinki,Non-U.S.",Finland,Security,Post-IPO,,,70.0,50-199,2023-10-25,2023,Q4,10,October,43,False,False,,https://yle.fi/a/74-20056883,Layoffs.fyi
L00939,Salsify,Boston,United States,Retail,Unknown,,,110.0,50-199,2023-10-25,2023,Q4,10,October,43,False,False,,https://www.bizjournals.com/boston/inno/stories/news/2023/10/25/salsify-cuts-over-100-jobs-moves-roles-abroad.html,Layoffs.fyi
L00941,Virgio,"Bengaluru,Non-U.S.",India,Retail,Series A,,,20.0,1-49,2023-10-25,2023,Q4,10,October,43,False,False,,https://inc42.com/buzz/after-pivoting-accel-backed-virgio-lays-off-33-workforce/,Layoffs.fyi
L00945,SiFive,SF Bay Area,United States,Hardware,Series F,,,130.0,50-199,2023-10-24,2023,Q4,10,October,43,False,False,,https://www.theinformation.com/articles/semiconductor-firm-sifive-on-sidelines-of-ai-chip-boom-lays-off-130-workers,Layoffs.fyi
L00948,Parity Technologies,"London,Non-U.S.",United Kingdom,Crypto,Unknown,,,100.0,50-199,2023-10-23,2023,Q4,10,October,43,False,False,,https://www.bloomberg.com/news/articles/2023-10-23/polkadot-blockchain-developer-parity-to-eliminate-about-30-of-staff?embedded-checkout=true,Layoffs.fyi
L00949,Roblox China,"Shenzen,Non-U.S.",China,Consumer,Subsidiary,,,15.0,1-49,2023-10-23,2023,Q4,10,October,43,False,False,,https://techcrunch.com/2023/10/23/roblox-china-tencent-layoff/,Layoffs.fyi
L00950,Nomad Health,New York City,United States,Healthcare,Unknown,,,119.0,50-199,2023-10-20,2023,Q4,10,October,42,False,False,,https://www.forbes.com/sites/katiejennings/2023/02/09/staffing-marketplace-nomad-health-lays-off-20-of-workforce-employees-say/?sh=71b4037a1557,Layoffs.fyi
L00951,Tropic,New York City,United States,Finance,Series B,,,26.0,1-49,2023-10-20,2023,Q4,10,October,42,False,False,,https://www.linkedin.com/posts/davidtropic_today-weve-made-the-sad-decision-to-let-activity-7121182074861957120-UzOF/,Layoffs.fyi
L00954,Bullhorn,Boston,United States,Sales,Acquired,,,140.0,50-199,2023-10-19,2023,Q4,10,October,42,False,False,,https://www.bizjournals.com/boston/news/2023/10/20/bullhorn-cuts-downturn.html,Layoffs.fyi
L00953,Convoy,Seattle,United States,Logistics,Series E,,,500.0,200-999,2023-10-19,2023,Q4,10,October,42,False,False,,https://www.geekwire.com/2023/convoy-collapse-read-ceos-memo-detailing-sudden-shutdown-of-seattle-trucking-startup/,Layoffs.fyi
L00955,LegalZoom,Austin,United States,Legal,Post-IPO,,,100.0,50-199,2023-10-19,2023,Q4,10,October,42,False,False,,https://www.bizjournals.com/austin/news/2023/10/19/legal-zoom-layoffs-williamson-county-warn-notice.html,Layoffs.fyi
L00956,StellarAlgo,"Calgary,Non-U.S.",Canada,Data,Series A,,,21.0,1-49,2023-10-19,2023,Q4,10,October,42,False,False,,https://betakit.com/cooler-financing-environment-leads-stellaralgo-to-restructure-and-make-layoffs/,Layoffs.fyi
L00958,Google,SF Bay Area,United States,Consumer,Post-IPO,,,40.0,1-49,2023-10-18,2023,Q4,10,October,42,False,False,,https://www.cnbc.com/2023/10/18/google-cuts-dozens-of-jobs-in-news-division-.html,Layoffs.fyi
L00957,ManoMano,"Paris,Non-U.S.",France,Retail,Series F,,,230.0,200-999,2023-10-18,2023,Q4,10,October,42,False,False,,https://www.lesechos.fr/industrie-services/conso-distribution/face-a-la-deprime-du-bricolage-manomano-reduit-ses-effectifs-dun-quart-1987873,Layoffs.fyi
L00960,Plume,Denver,United States,Healthcare,Series B,,,24.0,1-49,2023-10-18,2023,Q4,10,October,42,False,False,,https://techcrunch.com/2023/10/18/trans-healthcare-startup-plume-lays-off-dozens-of-workers/,Layoffs.fyi
L00959,WeTransfer,"Amsterdam,Non-U.S.",Netherlands,Other,Series A,,,35.0,1-49,2023-10-18,2023,Q4,10,October,42,False,False,,https://fd.nl/tech-en-innovatie/1493394/wetransfer-schrapt-10-van-de-banen,Layoffs.fyi
L00964,Expedia,Seattle,United States,Travel,Post-IPO,,,100.0,50-199,2023-10-17,2023,Q4,10,October,42,False,False,,https://skift.com/2023/10/17/expedia-laid-off-around-100-employees-in-second-round-of-job-cuts/,Layoffs.fyi
L00970,Bandcamp,SF Bay Area,United States,Other,Acquired,,,58.0,50-199,2023-10-16,2023,Q4,10,October,42,False,False,,https://www.sfgate.com/tech/article/bandcamp-layoffs-oakland-songtradr-epic-18429463.php,Layoffs.fyi
L00968,C2FO,Kansas City,United States,Finance,Series H,,,80.0,50-199,2023-10-16,2023,Q4,10,October,42,False,False,,https://www.bizjournals.com/kansascity/news/2022/12/09/c2fo-layoff-recession-efficiency-profitability.html,Layoffs.fyi
L00967,CityMall,"Gurugram,Non-U.S.",India,Retail,Series C,,,90.0,50-199,2023-10-16,2023,Q4,10,October,42,False,False,,https://inc42.com/buzz/exclusive-norwest-backed-social-commerce-startup-citymall-fires-90-employees/,Layoffs.fyi
L00969,Kayak / OpenTable,Stamford,United States,Travel,Acquired,,,80.0,50-199,2023-10-16,2023,Q4,10,October,42,False,False,,https://skift.com/blog/kayak-and-opentable-laid-off-80-employees/,Layoffs.fyi
L00966,LinkedIn,SF Bay Area,United States,Recruiting,Acquired,,,660.0,200-999,2023-10-16,2023,Q4,10,October,42,False,False,,https://techcrunch.com/2023/10/16/linkedin-layoffs-2/,Layoffs.fyi
L00973,Adda247,"Gurugram,Non-U.S.",India,Education,Series B,,,300.0,200-999,2023-10-14,2023,Q4,10,October,41,False,False,,https://entrackr.com/2023/10/exclusive-edtech-startup-adda247-fires-300-employees/,Layoffs.fyi
L00977,Lending Club,SF Bay Area,United States,Finance,Post-IPO,,,172.0,50-199,2023-10-12,2023,Q4,10,October,41,False,False,,https://www.bloomberg.com/news/articles/2023-10-12/lendingclub-plans-to-cut-172-jobs-reports-preliminary-results?embedded-checkout=true,Layoffs.fyi
L00978,MariaDB,SF Bay Area,United States,Data,Post-IPO,,,84.0,50-199,2023-10-12,2023,Q4,10,October,41,False,False,,https://www.sec.gov/ix?doc=/Archives/edgar/data/0001929589/000155837023016381/mrdb-20231012x8k.htm,Layoffs.fyi
L00976,Qualcomm,San Diego,United States,Hardware,Post-IPO,,,1258.0,"1,000-4,999",2023-10-12,2023,Q4,10,October,41,True,False,,https://www.cnbc.com/2023/10/12/qualcomm-to-cut-roughly-1258-jobs-in-california.html,Layoffs.fyi
L00979,Deepgram,SF Bay Area,United States,AI,Series B,,,20.0,1-49,2023-10-11,2023,Q4,10,October,41,False,False,,https://www.theinformation.com/articles/ai-startup-lays-off-workers-again-in-fresh-sign-of-sector-belt-tightening,Layoffs.fyi
L00981,Neon,"Sao Paulo,Non-U.S.",Brazil,Finance,Series D,,,180.0,50-199,2023-10-10,2023,Q4,10,October,41,False,False,,https://valorinveste.globo.com/mercados/renda-variavel/empresas/noticia/2023/10/10/banco-neon-promove-demissao-em-massa-e-corta-cerca-de-200-funcionarios.ghtml,Layoffs.fyi
L00984,Blue Origin,Seattle,United States,Aerospace,Unknown,,,40.0,1-49,2023-10-09,2023,Q4,10,October,41,False,False,,https://www.theinformation.com/briefings/blue-origin-lays-off-around-40-people,Layoffs.fyi
L00983,Carbon Health,SF Bay Area,United States,Healthcare,Series D,,,114.0,50-199,2023-10-09,2023,Q4,10,October,41,False,False,,https://www.beckershospitalreview.com/digital-health/carbon-health-lays-off-114-employees.html,Layoffs.fyi
L00982,Stitch Fix,Dallas,United States,Retail,Post-IPO,,,558.0,200-999,2023-10-09,2023,Q4,10,October,41,False,False,,https://www.retaildive.com/news/stitch-fix-layoffs-dallas-distribution-center-closures/695985/,Layoffs.fyi
L00987,VTrips,Jacksonville,United States,Travel,Private Equity,,,75.0,50-199,2023-10-07,2023,Q4,10,October,40,False,False,,https://skift.com/2023/10/07/a-trimmed-down-vtrips-laid-off-9-of-its-employees/,Layoffs.fyi
L00989,InvestCloud,Los Angeles,United States,Finance,Private Equity,,,80.0,50-199,2023-10-06,2023,Q4,10,October,40,False,False,,https://citywire.com/ria/news/investcloud-lays-off-5-of-staff/a2427557,Layoffs.fyi
L00988,Juniper Networks,SF Bay Area,United States,Hardware,Post-IPO,,,440.0,200-999,2023-10-06,2023,Q4,10,October,40,False,False,,https://www.lightreading.com/finance/juniper-networks-to-layoff-440-employees-at-a-cost-of-59m,Layoffs.fyi
L00995,Bizongo,"Mumbai,Non-U.S.",India,Retail,Series E,,,50.0,50-199,2023-10-05,2023,Q4,10,October,40,False,False,,https://inc42.com/buzz/a-day-after-50-mn-fundraise-bizongo-lays-off-50-employees/,Layoffs.fyi
L00994,Enovix,SF Bay Area,United States,Energy,Post-IPO,,,185.0,50-199,2023-10-05,2023,Q4,10,October,40,False,False,,https://www.theinformation.com/articles/the-electric-enovix-lays-off-185-engineers-and-shifts-most-of-its-operations-to-malaysia,Layoffs.fyi
L00996,SchoolMint,SF Bay Area,United States,Education,Acquired,,,29.0,1-49,2023-10-05,2023,Q4,10,October,40,False,False,,https://www.businessinsider.com/schoolmint-layoffs-edtech-school-choice-slowdown-2023-10,Layoffs.fyi
L00997,SeekOut,Seattle,United States,Recruiting,Series C,,,16.0,1-49,2023-10-05,2023,Q4,10,October,40,False,False,,https://www.claytoncountyregister.com/news2/seekout-lays-off-7-of-staff-in-restructuring-but-plans-to-grow-headcount-this-year/539529/,Layoffs.fyi
L01001,Hopper,"Montreal,Non-U.S.",Canada,Travel,Unknown,,,250.0,200-999,2023-10-04,2023,Q4,10,October,40,False,False,,https://skift.com/2023/10/04/hopper-cuts-30-of-staff-in-bid-to-get-profitable/,Layoffs.fyi
L01000,Qualtrics,Salt Lake City,United States,Other,Acquired,,,780.0,200-999,2023-10-04,2023,Q4,10,October,40,False,False,,https://www.geekwire.com/2023/qualtrics-cuts-780-jobs-about-14-of-workforce-citing-complexity-from-rapid-hiring/,Layoffs.fyi
L01008,Chainalysis,New York City,United States,Crypto,Series F,,,150.0,50-199,2023-10-02,2023,Q4,10,October,40,False,False,,https://www.forbes.com/sites/stevenehrlich/2023/10/02/chainalysis-idling-150-employees-as-chill-of-crypto-winter-persists/?sh=5e9464256bc8,Layoffs.fyi
L01010,Chia Network,SF Bay Area,United States,Crypto,Series D,,,26.0,1-49,2023-10-02,2023,Q4,10,October,40,False,False,,https://www.coindesk.com/policy/2023/10/02/chia-network-lays-off-third-of-its-staff-as-loss-of-banker-delayed-going-public/,Layoffs.fyi
L01009,Synapse,SF Bay Area,United States,Finance,Series B,,,86.0,50-199,2023-10-02,2023,Q4,10,October,40,False,False,,https://techcrunch.com/2023/10/06/a16z-backed-fintech-synapse-lays-off-40-of-its-staff/,Layoffs.fyi
L01015,Andgo,"Saskatoon,Non-U.S.",Canada,HR,Series A,,,9.0,1-49,2023-09-29,2023,Q3,9,September,39,False,False,,https://betakit.com/saskatoon-software-startups-vendasta-7shifts-andgo-systems-make-layoffs/,Layoffs.fyi
L01013,Cowbell,SF Bay Area,United States,Finance,Series B,,,28.0,1-49,2023-09-29,2023,Q3,9,September,39,False,False,,https://cowbell.insure/blog/letter-from-the-ceo/,Layoffs.fyi
L01014,N26,"Berlin,Non-U.S.",Germany,Finance,Series E,,,14.0,1-49,2023-09-29,2023,Q3,9,September,39,False,False,,https://financefwd.com/de/n26-sparkurs/,Layoffs.fyi
L01017,Epic Games,Raleigh,United States,Consumer,Unknown,,,870.0,200-999,2023-09-28,2023,Q3,9,September,39,False,False,,https://techcrunch.com/2023/09/28/fortnite-maker-epic-games-is-laying-off-16-of-its-workforce/,Layoffs.fyi
L01018,Lululemon Studio,New York City,United States,Fitness,Acquired,,,120.0,50-199,2023-09-28,2023,Q3,9,September,39,False,False,,https://www.businessinsider.com/lululemon-lays-off-workers-discontinues-mirror-amid-peloton-deal-2023-9,Layoffs.fyi
L01022,Fi.Money,"Bengaluru,Non-U.S.",India,Finance,Series C,,,30.0,1-49,2023-09-27,2023,Q3,9,September,39,False,False,,https://entrackr.com/2023/09/neobank-fi-lays-off-10-of-workforce/,Layoffs.fyi
L01021,Snap,Los Angeles,United States,Consumer,Post-IPO,,,170.0,50-199,2023-09-27,2023,Q3,9,September,39,False,False,,https://newsroom.snap.com/ar-enterprise-strategic-review,Layoffs.fyi
L01023,Dunzo,"Bengaluru,Non-U.S.",India,Food,Unknown,,,150.0,50-199,2023-09-26,2023,Q3,9,September,39,False,False,,https://www.entrepreneur.com/en-in/news-and-trends/dunzo-announces-fresh-round-of-layoffs/459709,Layoffs.fyi
L01024,Flexe,Seattle,United States,Logistics,Series D,,,131.0,50-199,2023-09-26,2023,Q3,9,September,39,False,False,,https://www.geekwire.com/2023/seattle-warehousing-startup-flexe-lays-off-33-of-workforce-amid-freight-industry-slowdown/,Layoffs.fyi
L01026,Lucid Software,Salt Lake City,United States,Other,Series E,,,75.0,50-199,2023-09-25,2023,Q3,9,September,39,False,False,,https://lucid.co/blog/a-message-to-lucid-employees,Layoffs.fyi
L01028,Appsmith,SF Bay Area,United States,,Series B,,,35.0,1-49,2023-09-22,2023,Q3,9,September,38,False,False,,https://inc42.com/buzz/exclusive-insight-partners-backed-appsmith-lays-off-25-of-its-workforce/,Layoffs.fyi
L01027,Eat Just,SF Bay Area,United States,Food,Unknown,,,40.0,1-49,2023-09-22,2023,Q3,9,September,38,False,False,,https://news.bloomberglaw.com/daily-labor-report/vegan-egg-maker-eat-just-cuts-jobs-after-raising-money-1,Layoffs.fyi
L01029,Roblox,New York City,United States,Consumer,Post-IPO,,,30.0,1-49,2023-09-22,2023,Q3,9,September,38,False,False,,https://techcrunch.com/2023/09/21/roblox-cuts-30-on-talent-acquisition-team-as-hiring-slows/,Layoffs.fyi
L01032,DealShare,"Bengaluru,Non-U.S.",India,Retail,Series E,,,130.0,50-199,2023-09-21,2023,Q3,9,September,38,False,False,,https://yourstory.com/2023/09/dealshare-shuts-b2b-business-lays-off-employees,Layoffs.fyi
L01033,Merative,"Dublin,Non-U.S.",United States,Healthcare,Acquired,,,100.0,50-199,2023-09-21,2023,Q3,9,September,38,False,False,,https://www.irishexaminer.com/business/companies/arid-41230633.html,Layoffs.fyi
L01039,Cisco,SF Bay Area,United States,Infrastructure,Post-IPO,,,350.0,200-999,2023-09-17,2023,Q3,9,September,37,False,False,,https://www.marketwatch.com/story/cisco-to-cut-350-jobs-in-latest-round-of-layoffs-f9084451,Layoffs.fyi
L01042,7shifts,"Saskatoon,Non-U.S.",Canada,Food,Series C,,,30.0,1-49,2023-09-15,2023,Q3,9,September,37,False,False,,https://www.linkedin.com/feed/update/urn:li:activity:7108084382132801536/,Layoffs.fyi
L01041,Sage Therapeutics copy,Boston,United States,Healthcare,Post-IPO,,,290.0,200-999,2023-09-15,2023,Q3,9,September,37,False,False,,https://www.bizjournals.com/boston/news/2023/09/15/sage-therapeutics-cambridge-layoffs.html,Layoffs.fyi
L01044,Airtable,SF Bay Area,United States,Product,Series F,,,237.0,200-999,2023-09-14,2023,Q3,9,September,37,False,False,,https://www.forbes.com/sites/stevenbertoni/2023/09/14/unicorn-startup-airtable-lays-off-27-of-firm-shifts-focus-to-big-clients/?sh=171151534589,Layoffs.fyi
L01045,Project44,Chicago,United States,Logistics,Unknown,,,116.0,50-199,2023-09-14,2023,Q3,9,September,37,False,False,,https://www.freightwaves.com/news/freighttech-industry-isnt-what-it-was-a-year-ago,Layoffs.fyi
L01046,VideoAmp,Los Angeles,United States,Marketing,Series F,,,40.0,1-49,2023-09-14,2023,Q3,9,September,37,False,False,,https://www.axios.com/2023/09/14/videoamp-layoffs,Layoffs.fyi
L01048,Google,SF Bay Area,United States,Consumer,Post-IPO,,,75.0,50-199,2023-09-13,2023,Q3,9,September,37,False,False,,https://www.eastbaytimes.com/2023/10/31/google-tech-job-cut-layoff-bay-area-economy-office-lease-alphabet/,Layoffs.fyi
L01054,At-Bay,SF Bay Area,United States,Security,Unknown,,,27.0,1-49,2023-09-12,2023,Q3,9,September,37,False,False,,https://www.calcalistech.com/ctechnews/article/sypw6110a3,Layoffs.fyi
L01051,Binance.US,SF Bay Area,United States,Crypto,Subsidiary,,,100.0,50-199,2023-09-12,2023,Q3,9,September,37,False,False,,https://www.bloomberg.com/news/articles/2023-09-12/binance-us-cuts-100-positions-as-crackdown-erodes-crypto-business#xj4y7vzkg,Layoffs.fyi
L01050,Evolve,Denver,United States,Travel,Series F,,,175.0,50-199,2023-09-12,2023,Q3,9,September,37,False,False,,https://skift.com/2023/09/13/property-manager-evolve-lays-off-20-of-its-workforce/amp/,Layoffs.fyi
L01053,Homeday,"Berlin,Non-U.S.",Germany,Real Estate,Unknown,,,40.0,1-49,2023-09-12,2023,Q3,9,September,37,False,False,,https://www.businessinsider.de/gruenderszene/business/mcmakler-rivale-homeday-verkauft-gruender-und-viele-mitarbeiter-weg/,Layoffs.fyi
L01052,Paper,"Montreal,Non-U.S.",Canada,Education,Series D,,,87.0,50-199,2023-09-12,2023,Q3,9,September,37,False,False,,https://paper.co/inside-paper/a-message-from-paper-founders-0,Layoffs.fyi
L01056,Chargebee,SF Bay Area,United States,Finance,Series H,,,100.0,50-199,2023-09-11,2023,Q3,9,September,37,False,False,,https://inc42.com/buzz/tiger-global-backed-chargebee-fires-10-workforce-in-2nd-round-of-layoffs/,Layoffs.fyi
L01057,Divvy Homes,SF Bay Area,United States,Real Estate,Series B,,,94.0,50-199,2023-09-11,2023,Q3,9,September,37,False,False,,https://techcrunch.com/2023/09/11/divvy-homes-goes-from-2b-valuation-to-third-layoff-in-a-year/,Layoffs.fyi
L01055,Eurora,"Tallinn,Non-U.S.",Estonia,Other,Series A,,,111.0,50-199,2023-09-11,2023,Q3,9,September,37,False,False,,https://www.aripaev.ee/uudised/2023/09/11/maksuvolga-jaanud-idufirma-eurora-koondab-ule-100-tootaja,Layoffs.fyi
L01058,Grabango,SF Bay Area,United States,Food,Unknown,,,34.0,1-49,2023-09-11,2023,Q3,9,September,37,False,False,,https://docs.google.com/spreadsheets/d/1WvO3p93hUJjOCJHn4Ig3tu-nbPfGpJfiEURsY5zBRWI/edit#gid=827597978,Layoffs.fyi
L01064,Drift,Boston,United States,Marketing,Acquired,,,100.0,50-199,2023-09-07,2023,Q3,9,September,36,False,False,,https://www.bizjournals.com/boston/news/2023/09/07/drift-second-round-layoffs.html,Layoffs.fyi
L01067,ForeScout,"Tel Aviv,Non-U.S.",United States,Security,Acquired,,,40.0,1-49,2023-09-06,2023,Q3,9,September,36,False,False,,https://www.calcalistech.com/ctechnews/article/sjdyqira3,Layoffs.fyi
L01066,Roku,SF Bay Area,United States,Media,Post-IPO,,,360.0,200-999,2023-09-06,2023,Q3,9,September,36,False,False,,https://www.cnbc.com/2023/09/06/roku-to-lay-off-10percent-of-workforce-stock-jumps.html,Layoffs.fyi
L01072,Absci,Portland,United States,Healthcare,Post-IPO,,,30.0,1-49,2023-09-05,2023,Q3,9,September,36,False,False,,https://www.geekwire.com/2023/biotech-company-absci-lays-off-30-employees-about-15-of-staff/,Layoffs.fyi
L01073,Hodinkee,New York City,United States,Retail,Seed,,,24.0,1-49,2023-09-05,2023,Q3,9,September,36,False,False,,"https://ww.fashionnetwork.com/news/Lvmh-backed-luxury-watch-site-hodinkee-cuts-a-fifth-of-jobs,1552691.html",Layoffs.fyi
L01071,MaxMilhas,"Belo Horizonte,Non-U.S.",Brazil,Travel,Unknown,,,82.0,50-199,2023-09-05,2023,Q3,9,September,36,False,False,,https://g1.globo.com/mg/minas-gerais/noticia/2023/09/05/maxmilhas-do-grupo-da-123-milhas-anuncia-corte-de-18percent-dos-funcionarios.ghtml,Layoffs.fyi
L01077,Nexar,New York City,United States,Transportation,Series D,,,17.0,1-49,2023-09-04,2023,Q3,9,September,36,False,False,,https://www.calcalistech.com/ctechnews/article/rktq3gqc3,Layoffs.fyi
L01076,Xolo,"Tallinn,Non-U.S.",Estonia,Finance,Series A,,,24.0,1-49,2023-09-04,2023,Q3,9,September,36,False,False,,https://arileht.delfi.ee/artikkel/120229031/vabakutseliste-platvorm-xolo-koondab-tootajaid-eesmark-on-jouda-kasumisse,Layoffs.fyi
L01075,mPharma,"Accra,Non-U.S.",Ghana,Healthcare,Series D,,,150.0,50-199,2023-09-04,2023,Q3,9,September,36,False,False,,https://techcabal.com/2023/09/04/exclusive-mpharma-lays-off-150-employees-due-to-tightening-macroenomic-conditions/,Layoffs.fyi
L01078,Khatabook,"Bengaluru,Non-U.S.",India,Finance,Series C,,,42.0,1-49,2023-09-01,2023,Q3,9,September,35,False,False,,https://entrackr.com/2023/09/peak-xv-backed-khatabook-lays-off-over-40-employees/,Layoffs.fyi
L01083,Biofourmis,Boston,United States,Healthcare,Series D,,,120.0,50-199,2023-08-31,2023,Q3,8,August,35,False,False,,https://www.peoplematters.in/news/leadership/biofourmis-ceo-resigns-abruptly-after-layoffs-firm-begins-new-ceo-search-38874,Layoffs.fyi
L01084,Malwarebytes,SF Bay Area,United States,Security,Series B,,,100.0,50-199,2023-08-31,2023,Q3,8,August,35,False,False,,https://techcrunch.com/2023/08/31/malwarebytes-layoffs-business-split/,Layoffs.fyi
L01082,Pegasystems,Boston,United States,HR,Post-IPO,,,240.0,200-999,2023-08-31,2023,Q3,8,August,35,False,False,,https://www.bizjournals.com/boston/news/2023/08/31/pegasystems-layoffs-second-round.html,Layoffs.fyi
L01090,Huma,"London,Non-U.S.",United Kingdom,Healthcare,Unknown,,,45.0,1-49,2023-08-30,2023,Q3,8,August,35,False,False,,https://sifted.eu/articles/uk-healthtech-huma-layoffs,Layoffs.fyi
L01089,Kenko Health,"Mumbai,Non-U.S.",India,Healthcare,Series A,,,50.0,50-199,2023-08-30,2023,Q3,8,August,35,False,False,,https://www.businessinsider.in/business/startups/news/healthcare-startup-kenko-health-lays-off-20-of-workforce-across-functions/articleshow/103201380.cms,Layoffs.fyi
L01088,Omuni,"Bengaluru,Non-U.S.",India,Retail,Acquired,,,60.0,50-199,2023-08-30,2023,Q3,8,August,35,False,False,,https://inc42.com/buzz/exclusive-shiprocket-owned-omuni-fires-nearly-35-workforce-ceo-cto-to-exit/,Layoffs.fyi
L01087,SkyKick,Seattle,United States,Other,Unknown,,,140.0,50-199,2023-08-30,2023,Q3,8,August,35,False,False,,https://www.geekwire.com/2023/cloud-automation-startup-skykick-lays-off-181-employees-in-washington-state/,Layoffs.fyi
L01091,Zeplin,SF Bay Area,United States,Product,Seed,,,37.0,1-49,2023-08-30,2023,Q3,8,August,35,False,False,,https://sfstandard.com/2023/08/30/san-francisco-software-startup-lays-off-one-third-of-workforce/,Layoffs.fyi
L01092,Kenko Health,"Mumbai,Non-U.S.",India,Healthcare,Unknown,,,50.0,50-199,2023-08-29,2023,Q3,8,August,35,False,False,,https://entrackr.com/2023/08/exclusive-kenko-health-lays-off-20-of-workforce/,Layoffs.fyi
L01095,CoinSwitch,"Bengaluru,Non-U.S.",India,Crypto,Series C,,,44.0,1-49,2023-08-28,2023,Q3,8,August,35,False,False,,https://entrackr.com/2023/08/crypto-firm-coinswitch-kuber-lays-off-44-employees/,Layoffs.fyi
L01094,Zebra Technologies,Chicago,United States,Manufacturing,Post-IPO,,,700.0,200-999,2023-08-28,2023,Q3,8,August,35,False,False,,https://www.chicagobusiness.com/technology/zebra-technologies-cuts-700-jobs-or-7-percent-bar-code-maker-workforce,Layoffs.fyi
L01098,HackerRank,SF Bay Area,United States,Recruiting,Series D,,,53.0,50-199,2023-08-27,2023,Q3,8,August,34,False,False,,https://telecom.economictimes.indiatimes.com/news/internet/hackerrank-lays-off-53-employees-amid-economic-uncertainty/103102308,Layoffs.fyi
L01099,Cuemath,"Bengaluru,Non-U.S.",India,Education,Unknown,,,100.0,50-199,2023-08-26,2023,Q3,8,August,34,False,False,,https://inc42.com/buzz/edtech-startup-cuemath-fires-another-100-employees-to-cut-costs/,Layoffs.fyi
L01101,Captiv8,SF Bay Area,United States,Marketing,Unknown,,,8.0,1-49,2023-08-24,2023,Q3,8,August,34,False,False,,https://www.prweek.com/article/1835107/influencer-marketing-platform-captiv8-lays-off-eight-employees-3-staff,Layoffs.fyi
L01103,Atlas,Chicago,United States,HR,Series B,,,150.0,50-199,2023-08-23,2023,Q3,8,August,34,False,False,,https://www.forbes.com/sites/angelicamarideoliveira/2023/08/24/hrtech-atlas-announces-layoffs-six-months-post-brazil-launch/?sh=31ea27cb6b7d,Layoffs.fyi
L01105,BlackLine,Los Angeles,United States,Finance,Post-IPO,,,95.0,50-199,2023-08-23,2023,Q3,8,August,34,False,False,,https://beststocks.com/blackline-announces-workforce-reduction-to-st/,Layoffs.fyi
L01106,Rivos,SF Bay Area,United States,Hardware,Unknown,,,24.0,1-49,2023-08-23,2023,Q3,8,August,34,False,False,,https://www.theinformation.com/articles/chip-startup-sued-by-apple-has-struggled-to-raise-capital,Layoffs.fyi
L01104,Veriff,"Tallinn,Non-U.S.",Estonia,Security,Series C,,,101.0,50-199,2023-08-23,2023,Q3,8,August,34,False,False,,https://digipro.geenius.ee/rubriik/uudis/veriff-koondab-taas-sel-korral-peab-lahkuma-viiendik-tootajaist/,Layoffs.fyi
L01109,Getir,"London,Non-U.S.",United Kingdom,Food,Series E,,,2500.0,"1,000-4,999",2023-08-22,2023,Q3,8,August,34,True,False,,https://www.reuters.com/world/middle-east/turkeys-getir-cut-11-workers-global-restructuring-2023-08-22/,Layoffs.fyi
L01116,Twiga,"Nairobi,Non-U.S.",Kenya,Food,Series C,,,283.0,200-999,2023-08-20,2023,Q3,8,August,33,False,False,,https://techcabal.com/2023/08/20/twiga-foods-lays-off-283-employees/,Layoffs.fyi
L01117,Spartan Poker,"Kolkata,Non-U.S.",India,Consumer,Unknown,,,125.0,50-199,2023-08-19,2023,Q3,8,August,33,False,False,,https://inc42.com/buzz/after-mpl-hike-spartan-poker-follows-suit-lays-off-40-of-workforce/,Layoffs.fyi
L01119,Detectify,"Stockholm,Non-U.S.",Sweden,Security,Unknown,,,30.0,1-49,2023-08-18,2023,Q3,8,August,33,False,False,,https://www.breakit.se/artikel/37377/sakrade-kapital-nu-far-annu-fler-ga-fran-detectify,Layoffs.fyi
L01118,Times Internet ,"Gurugram,Non-U.S.",India,Media,Subsidiary,,,100.0,50-199,2023-08-18,2023,Q3,8,August,33,False,False,,Times Internet ,Layoffs.fyi
L01123,AppFolio,Santa Barbara,United States,Real Estate,Post-IPO,,,149.0,50-199,2023-08-17,2023,Q3,8,August,33,False,False,,https://www.pacbiztimes.com/2023/08/17/appfolio-lays-off-9-of-workforce-in-second-round-of-2023-cuts/,Layoffs.fyi
L01122,Illumina,San Diego,United States,Healthcare,Post-IPO,,,151.0,50-199,2023-08-17,2023,Q3,8,August,33,False,False,,https://www.sandiegouniontribune.com/business/story/2023-08-17/illumina-lays-off-151-san-diego-workers,Layoffs.fyi
L01124,Intel,SF Bay Area,United States,Hardware,Post-IPO,,,140.0,50-199,2023-08-17,2023,Q3,8,August,33,False,False,,https://www.tomshardware.com/news/intel-to-make-further-workforce-cuts-in-us-report,Layoffs.fyi
L01125,StreamElements,"Tel Aviv,Non-U.S.",Israel,Media,Series B,,,60.0,50-199,2023-08-17,2023,Q3,8,August,33,False,False,,https://www.calcalistech.com/ctechnews/article/s1xjtrs22,Layoffs.fyi
L01127,FlexCar,Boston,United States,Transportation,Unknown,,,20.0,1-49,2023-08-16,2023,Q3,8,August,33,False,False,,https://www.bizjournals.com/boston/news/2023/08/16/flexcar-layoffs-2023.html,Layoffs.fyi
L01131,Easee,"Sandnes,Non-U.S.",Norway,Energy,Unknown,,,200.0,200-999,2023-08-14,2023,Q3,8,August,33,False,False,,https://www.dn.no/teknologi/easee/jonas-helmikstol/kjetil-nasje/easee-med-masseoppsigelser-grunder-og-toppsjef-jonas-helmikstol-gar-av/2-1-1500472,Layoffs.fyi
L01130,SecureWorks,Atlanta,United States,Security,Post-IPO,,,300.0,200-999,2023-08-14,2023,Q3,8,August,33,False,False,,https://techcrunch.com/2023/08/14/secureworks-second-round-layoffs-this-year/,Layoffs.fyi
L01137,Hike,"New Delhi,Non-U.S.",India,Consumer,Unknown,,,55.0,50-199,2023-08-10,2023,Q3,8,August,32,False,False,,https://economictimes.indiatimes.com/tech/startups/hike-lays-off-around-55-people-after-gst-hike-on-online-gaming/articleshow/102608819.cms?from=mdr,Layoffs.fyi
L01136,SHINE Technologies,Milwaukee,United States,Other,Series C,,,59.0,50-199,2023-08-10,2023,Q3,8,August,32,False,False,,https://www.nbc15.com/2023/08/10/janesville-based-shine-announces-layoffs-days-after-announcing-nuclear-fusion-breakthrough/,Layoffs.fyi
L01135,Shutterfly,Minneapolis,United States,Manufacturing,Post-IPO,,,246.0,200-999,2023-08-10,2023,Q3,8,August,32,False,False,,https://www.cbsnews.com/minnesota/news/shutterfly-closing-shakopee-plant/,Layoffs.fyi
L01141,Babylon Health,"London,Non-U.S.",United Kingdom,Healthcare,Post-IPO,,,94.0,50-199,2023-08-09,2023,Q3,8,August,32,False,False,,https://www.fiercehealthcare.com/digital-health/babylon-closes-us-business-lays-employees-after-mindmaze-take-private-deal-collapses,Layoffs.fyi
L01139,Blend,SF Bay Area,United States,Finance,Post-IPO,,,150.0,50-199,2023-08-09,2023,Q3,8,August,32,False,False,,http://archive.fast-edgar.com/20230809/A7L2K22CZ22282Z2222G22ZZMTBIQQB2A252/,Layoffs.fyi
L01142,Dealtale,"Tel Aviv,Non-U.S.",United States,Sales,Acquired,,,70.0,50-199,2023-08-09,2023,Q3,8,August,32,False,False,,https://www.calcalistech.com/ctechnews/article/rkn8dlz32,Layoffs.fyi
L01140,Niantic,Los Angeles,United States,Other,Series D,,,100.0,50-199,2023-08-09,2023,Q3,8,August,32,False,False,,https://www.bizjournals.com/losangeles/news/2023/08/09/niantic-100-layoffs-los-angeles.html,Layoffs.fyi
L01151,23andMe,SF Bay Area,United States,Healthcare,Post-IPO,,,71.0,50-199,2023-08-08,2023,Q3,8,August,32,False,False,,https://www.streetinsider.com/Corporate+News/23andMe+Holding+%28ME%29+Announces+11%25+Workforce+Cut/22014370.html,Layoffs.fyi
L01152,Caliva,SF Bay Area,United States,Retail,Series B,,,54.0,50-199,2023-08-08,2023,Q3,8,August,32,False,False,,https://www.bizjournals.com/sanfrancisco/news/2023/08/08/gold-flora-tpco-caliva-jay-z-cannabis-layoff-sj.html,Layoffs.fyi
L01150,Doximity,SF Bay Area,United States,Healthcare,Post-IPO,,,100.0,50-199,2023-08-08,2023,Q3,8,August,32,False,False,,https://www.fiercehealthcare.com/health-tech/doximity-lays-10-workforce-stock-sinks-company-downgrades-revenue-guidance,Layoffs.fyi
L01149,MPL,"Bengaluru,Non-U.S.",India,Consumer,Unknown,,,350.0,200-999,2023-08-08,2023,Q3,8,August,32,False,False,,https://www.moneycontrol.com/europe/?url=https://www.moneycontrol.com/news/business/mpl-to-lay-off-350-employees-after-gst-councils-new-28-tax-proposal-11126951.html,Layoffs.fyi
L01148,Rapid7,Boston,United States,Security,Post-IPO,,,470.0,200-999,2023-08-08,2023,Q3,8,August,32,False,False,,https://www.bizjournals.com/boston/news/2023/08/08/rapid7-layoffs-q2-earnings.html,Layoffs.fyi
L01147,Thoughtworks,Chicago,United States,Other,Post-IPO,,,579.0,200-999,2023-08-08,2023,Q3,8,August,32,False,False,,https://www.chicagobusiness.com/employment/thoughtworks-cut-hundreds-jobs,Layoffs.fyi
L01157,CodeClan,"Edinburgh,Non-U.S.",United Kingdom,Education,Seed,,,57.0,50-199,2023-08-04,2023,Q3,8,August,31,False,False,,https://www.edinburghnews.scotsman.com/news/people/codeclan-crowdfunder-launched-to-help-students-after-tech-training-academy-goes-into-administration-4245811,Layoffs.fyi
L01156,Qomplx,Washington D.C.,United States,AI,Series A,,,60.0,50-199,2023-08-04,2023,Q3,8,August,31,False,False,,https://www.bizjournals.com/washington/news/2023/08/04/tysons-qomplx-layoffs-spac.html,Layoffs.fyi
L01158,Top Hat,"Toronto,Non-U.S.",Canada,Education,Series E,,,42.0,1-49,2023-08-04,2023,Q3,8,August,31,False,False,,https://betakit.com/canadian-startup-struggles-continue-as-silofit-closes-up-shop-top-hat-and-fable-cut-staff/,Layoffs.fyi
L01162,Bardee,"Melbourne,Non-U.S.",Australia,Food,Seed,,,30.0,1-49,2023-08-03,2023,Q3,8,August,31,False,False,,https://www.businessnewsaustralia.com/articles/bardee-lets-go-staff-to-make-its-food-waste-revolution-profitable.html,Layoffs.fyi
L01161,Discord,SF Bay Area,United States,Consumer,Series H,,,37.0,1-49,2023-08-03,2023,Q3,8,August,31,False,False,,https://www.theinformation.com/briefings/discord-lays-off-4-of-workforce,Layoffs.fyi
L01169,Augury,New York City,United States,Manufacturing,Series E,,,70.0,50-199,2023-08-02,2023,Q3,8,August,31,False,False,,https://www.calcalistech.com/ctechnews/article/ryoxde00j3,Layoffs.fyi
L01168,BetterUp,SF Bay Area,United States,HR,Series E,,,100.0,50-199,2023-08-02,2023,Q3,8,August,31,False,False,,https://www.thedailybeast.com/prince-harrys-silicon-valley-gig-betterup-chops-16-of-staff-amid-tumult,Layoffs.fyi
L01173,FamPay,"Bengaluru,Non-U.S.",India,Finance,Series A,,,18.0,1-49,2023-08-02,2023,Q3,8,August,31,False,False,,https://www.moneycontrol.com/europe/?url=https://www.moneycontrol.com/news/business/announcements/peak-xv-backed-fampay-undertakes-layoffs-cuts-18-jobs-11083941.html,Layoffs.fyi
L01170,Gem,SF Bay Area,United States,Recruiting,Series C,,,70.0,50-199,2023-08-02,2023,Q3,8,August,31,False,False,,https://www.linkedin.com/feed/update/urn:li:activity:7092626063834443776/,Layoffs.fyi
L01171,Gupy,"Sao Paulo,Non-U.S.",Brazil,HR,Series B,,,58.0,50-199,2023-08-02,2023,Q3,8,August,31,False,False,,https://startups.com.br/noticias/gupy-reorganiza-a-casa-e-faz-demissoes-humanizadas/,Layoffs.fyi
L01172,Salesforce,"Dublin,Non-U.S.",Ireland,Sales,Post-IPO,,,50.0,50-199,2023-08-02,2023,Q3,8,August,31,False,False,,https://www.bloomberg.com/news/articles/2023-08-02/salesforce-cuts-more-jobs-after-10-reduction-earlier-this-year?in_source=embedded-checkout-banner#xj4y7vzkg,Layoffs.fyi
L01166,Spinny,"Gurugram,Non-U.S.",India,Transportation,Series E,,,300.0,200-999,2023-08-02,2023,Q3,8,August,31,False,False,,https://www.moneycontrol.com/europe/?url=https://www.moneycontrol.com/news/business/tiger-global-backed-spinny-fires-300-employees-ahead-of-business-rejig-11085751.html,Layoffs.fyi
L01167,Tekion,"Bengaluru,Non-U.S.",India,Other,Series D,,,300.0,200-999,2023-08-02,2023,Q3,8,August,31,False,False,,https://inc42.com/buzz/exclusive-tekion-lays-off-around-200-indian-employees/,Layoffs.fyi
L01183,Archipelago,SF Bay Area,United States,Real Estate,Series B,,,40.0,1-49,2023-08-01,2023,Q3,8,August,31,False,False,,https://www.theinsurer.com/news/ai-driven-property-risk-insurtech-archipelago-analytics-cuts-30-of-workforce/,Layoffs.fyi
L01182,Paper,"Montreal,Non-U.S.",Canada,Education,Series D,,,106.0,50-199,2023-08-01,2023,Q3,8,August,31,False,False,,https://paper.co/inside-paper/a-message-from-paper-founders,Layoffs.fyi
L01181,Planet,SF Bay Area,United States,Aerospace,Post-IPO,,,117.0,50-199,2023-08-01,2023,Q3,8,August,31,False,False,,https://www.cnbc.com/2023/08/01/planet-pl-lays-off-about-10percent-company-restructures.html,Layoffs.fyi
L01180,Vesttoo,"Tel Aviv,Non-U.S.",Israel,Finance,Series C,,,150.0,50-199,2023-08-01,2023,Q3,8,August,31,False,False,,https://www.calcalistech.com/ctechnews/article/ryuwahiih,Layoffs.fyi
L01189,Fable,"Toronto,Non-U.S.",Canada,Other,Series A,,,13.0,1-49,2023-07-31,2023,Q3,7,July,31,False,False,,https://betakit.com/canadian-startup-struggles-continue-as-silofit-closes-up-shop-top-hat-and-fable-cut-staff/,Layoffs.fyi
L01190,Nexar,New York City,United States,Transportation,Series D,,,12.0,1-49,2023-07-31,2023,Q3,7,July,31,False,False,,https://www.calcalistech.com/ctechnews/article/rktq3gqc3,Layoffs.fyi
L01188,Qoala,"Jakarta,Non-U.S.",Indonesia,Finance,Series B,,,80.0,50-199,2023-07-31,2023,Q3,7,July,31,False,False,,https://www.techinasia.com/id-insurtech-qoala-confirms-laying-80-employee,Layoffs.fyi
L01192,Kape Technologies,"London,Non-U.S.",United Kingdom,Security,Post-IPO,,,200.0,200-999,2023-07-30,2023,Q3,7,July,30,False,False,,https://techreport.com/news/cybersecurity-firm-kape-technologies-lay-off-around-200-employees/,Layoffs.fyi
L01193,Eroad,"Auckland,Non-U.S.",New Zealand,Transportation,Unknown,,,200.0,200-999,2023-07-28,2023,Q3,7,July,30,False,False,,https://businessdesk.co.nz/article/markets/eroad-investors-grill-management-on-buyout-offer,Layoffs.fyi
L01194,Kape,"London,Non-U.S.",United Kingdom,Security,Post-IPO,,,180.0,50-199,2023-07-28,2023,Q3,7,July,30,False,False,,https://www.pcmag.com/news/tough-times-for-vpns-expressvpn-parent-company-lays-off-30-of-staff,Layoffs.fyi
L01199,Akseleran,"Jakarta,Non-U.S.",Indonesia,Finance,Series A,,,60.0,50-199,2023-07-27,2023,Q3,7,July,30,False,False,,https://www.techinasia.com/indonesias-akseleran-lays-60-employees-delaying-ipo,Layoffs.fyi
L01196,Milkbasket,"Gurugram,Non-U.S.",India,Food,Acquired,,,400.0,200-999,2023-07-27,2023,Q3,7,July,30,False,False,,https://entrackr.com/2023/07/reliance-pulls-plug-on-milkbasket-brand-mass-layoffs-to-follow/,Layoffs.fyi
L01198,Point,SF Bay Area,United States,Real Estate,Series C,,,61.0,50-199,2023-07-27,2023,Q3,7,July,30,False,False,,https://www.bizjournals.com/sanfrancisco/inno/stories/news/2023/09/05/finance-startup-slashes-28-percent-of-us-staff.html,Layoffs.fyi
L01200,Verbit,New York City,United States,Data,Series E,,,60.0,50-199,2023-07-27,2023,Q3,7,July,30,False,False,,https://www.calcalistech.com/ctechnews/article/b1butaacn,Layoffs.fyi
L01197,Wish,SF Bay Area,United States,Retail,Post-IPO,,,255.0,200-999,2023-07-27,2023,Q3,7,July,30,False,False,,https://ir.wish.com/node/10081/html,Layoffs.fyi
L01205,Calendly,Atlanta,United States,Other,Series B,,,60.0,50-199,2023-07-26,2023,Q3,7,July,30,False,False,,https://www.theinformation.com/briefings/calendly-cuts-roughly-10-of-staff,Layoffs.fyi
L01203,Copia,"Nairobi,Non-U.S.",Kenya,Retail,Series C,,,350.0,200-999,2023-07-26,2023,Q3,7,July,30,False,False,,https://techcabal.com/2023/07/26/copia-lays-off-350-employees/,Layoffs.fyi
L01204,Figure,SF Bay Area,United States,Crypto,Unknown,,,90.0,50-199,2023-07-26,2023,Q3,7,July,30,False,False,,https://www.bloomberg.com/news/articles/2023-07-28/mike-cagney-s-figure-lays-off-20-of-staff-amid-ipo-plans#xj4y7vzkg,Layoffs.fyi
L01206,Myntra,"Bengaluru,Non-U.S.",India,Retail,Acquired,,,50.0,50-199,2023-07-26,2023,Q3,7,July,30,False,False,,https://economictimes.indiatimes.com/tech/technology/myntra-plans-makeover-in-private-label-strategy-layoffs-likely-to-hit-50-employees/articleshow/102114887.cms,Layoffs.fyi
L01209,Deep Instict,New York City,United States,Security,Unknown,,,46.0,1-49,2023-07-25,2023,Q3,7,July,30,False,False,,https://www.calcalistech.com/ctechnews/article/sj5p0va9n,Layoffs.fyi
L01214,PathAI,Boston,United States,Healthcare,Series C,,,87.0,50-199,2023-07-21,2023,Q3,7,July,29,False,False,,https://www.bizjournals.com/boston/inno/stories/news/2023/07/21/pathai-layoffs-healthtech-company.html,Layoffs.fyi
L01217,Stoa,Phoenix,United States,Real Estate,Unknown,,,80.0,50-199,2023-07-20,2023,Q3,7,July,29,False,False,,https://www.calcalistech.com/ctechnews/article/sjl3blvcn,Layoffs.fyi
L01216,Viaplay,"Stockholm,Non-U.S.",Sweden,Media,Unknown,,,450.0,200-999,2023-07-20,2023,Q3,7,July,29,False,False,,https://deadline.com/2023/07/viaplay-layoffs-strategic-review-pulls-out-of-uk-mulls-a-sale-1235442717/,Layoffs.fyi
L01222,AgentSync,Denver,United States,Finance,Series B,,,67.0,50-199,2023-07-19,2023,Q3,7,July,29,False,False,,Internal memo,Layoffs.fyi
L01223,Inspirato,Denver,United States,Travel,Post-IPO,,,50.0,50-199,2023-07-19,2023,Q3,7,July,29,False,False,,https://skift.com/2023/07/20/inspirato-lays-off-6-of-workforce-second-round-of-cuts-this-year/,Layoffs.fyi
L01224,Tilia,SF Bay Area,United States,Finance,Unknown,,,28.0,1-49,2023-07-19,2023,Q3,7,July,29,False,False,,Internal memo,Layoffs.fyi
L01227,Cameo,Chicago,United States,Consumer,Unknown,,,80.0,50-199,2023-07-18,2023,Q3,7,July,29,False,False,,https://www.theinformation.com/articles/cameo-cuts-staff-to-fewer-than-50-after-financial-stumble,Layoffs.fyi
L01226,Microsoft,Seattle,United States,Other,Post-IPO,,,1000.0,"1,000-4,999",2023-07-18,2023,Q3,7,July,29,True,False,,https://www.businessinsider.com/microsoft-layoffs-more-than-1000-jobs-sales-customer-service-2023-7?IR=T,Layoffs.fyi
L01229,Sarcos,Salt Lake City,United States,Aerospace,Post-IPO,,,75.0,50-199,2023-07-17,2023,Q3,7,July,29,False,False,,https://www.therobotreport.com/sarcos-plans-to-layoff-around-75-workers-as-part-of-optimization-plan/,Layoffs.fyi
L01234,Binance,Cayman Islands,Cayman Islands,Crypto,Unknown,,,1000.0,"1,000-4,999",2023-07-14,2023,Q3,7,July,28,True,False,,https://www.wsj.com/articles/binance-lays-off-over-1-000-employees-d59ff6ad,Layoffs.fyi
L01235,PayScale,Seattle,United States,HR,Acquired,,,14.0,1-49,2023-07-14,2023,Q3,7,July,28,False,False,,https://www.bizjournals.com/seattle/news/2023/07/14/payscale-layoffs-seattle-office.html,Layoffs.fyi
L01238,Amazon,Seattle,United States,Retail,Post-IPO,,,80.0,50-199,2023-07-13,2023,Q3,7,July,28,False,False,,https://news.yahoo.com/amazon-lays-off-80-workers-230451163.html?guccounter=1,Layoffs.fyi
L01239,AudioCodes,"Tel Aviv,Non-U.S.",Israel,Other,Post-IPO,,,80.0,50-199,2023-07-13,2023,Q3,7,July,28,False,False,,https://www.calcalistech.com/ctechnews/article/bkrcqqaf3,Layoffs.fyi
L01243,Centr,"Sydney,Non-U.S.",Australia,Fitness,Unknown,,,22.0,1-49,2023-07-13,2023,Q3,7,July,28,False,False,,https://www.news.com.au/finance/business/chris-hemsworths-fitness-app-centr-reportedly-sacks-australian-staff/news-story/8e6dacc01c9d4b4569401e997e303ca6,Layoffs.fyi
L01242,Deepwatch,Tampa Bay,United States,Security,Series C,,,30.0,1-49,2023-07-13,2023,Q3,7,July,28,False,False,,https://www.deepwatch.com/blog/a-message-from-deepwatchs-ceo/,Layoffs.fyi
L01244,Factorial,"Barcelona,Non-U.S.",Spain,HR,Series C,,,20.0,1-49,2023-07-13,2023,Q3,7,July,28,False,False,,https://www.businessinsider.es/factorial-despide-veintena-trabajadores-1274860,Layoffs.fyi
L01236,Navi Technologies,"Bengaluru,Non-U.S.",India,Finance,Unknown,,,200.0,200-999,2023-07-13,2023,Q3,7,July,28,False,False,,https://economictimes.indiatimes.com/tech/startups/sachin-bansals-navi-technologies-lays-off-around-200-employees/articleshow/101713488.cms,Layoffs.fyi
L01245,Peloton,New York City,United States,Fitness,Post-IPO,,,11.0,1-49,2023-07-13,2023,Q3,7,July,28,False,False,,https://dol.ny.gov/system/files/documents/2023/07/warn-peloton-interactive-nyc-2023-0006-7-14-2023.pdf,Layoffs.fyi
L01237,Skill Lync,"Chennai,Non-U.S.",India,Education,Series A,,,200.0,200-999,2023-07-13,2023,Q3,7,July,28,False,False,,https://entrackr.com/2023/07/edtech-company-skill-lync-fires-over-200-employees/,Layoffs.fyi
L01240,Tempo Automation,SF Bay Area,United States,Other,Post-IPO,,,62.0,50-199,2023-07-13,2023,Q3,7,July,28,False,False,,https://investors.tempoautomation.com/static-files/f021231f-65a6-4ae2-8680-3bc48a51a028,Layoffs.fyi
L01241,Uber Freight,SF Bay Area,United States,Logistics,Subsidiary,,,40.0,1-49,2023-07-13,2023,Q3,7,July,28,False,False,,https://www.freightwaves.com/news/uber-freight-lays-off-as-many-as-50-brokerage-employees,Layoffs.fyi
L01251,Dapper Labs,Vancouver,Canada,Crypto,Unknown,,,51.0,50-199,2023-07-12,2023,Q3,7,July,28,False,False,,https://twitter.com/roham/status/1679301700669296640,Layoffs.fyi
L01252,DeepVerge,"Dublin,Non-U.S.",Ireland,Healthcare,Post-IPO,,,50.0,50-199,2023-07-12,2023,Q3,7,July,28,False,False,,https://www.standard.co.uk/business/life-science-ai-firm-deepverge-lays-off-staff-tech-collapse-jobs-redundancy-skin-water-technology-b1093932.html,Layoffs.fyi
L01253,Freightos,Miami,United States,Logistics,Post-IPO,,,50.0,50-199,2023-07-12,2023,Q3,7,July,28,False,False,,https://sourcingjournal.com/topics/logistics/freightos-layoffs-13-percent-persistently-weak-freight-market-job-cuts-costs-445086/,Layoffs.fyi
L01250,Stitch Fix,Philadelphia,United States,Retail,Post-IPO,,,400.0,200-999,2023-07-12,2023,Q3,7,July,28,False,False,,https://www.inquirer.com/jobs/labor/stitch-fix-layoffs-closure-bethlehem-lehigh-valley-warehouse-20230712.html,Layoffs.fyi
L01260,Everquote,Evansville,United States,Finance,Post-IPO,,,100.0,50-199,2023-07-11,2023,Q3,7,July,28,False,False,,https://www.insurancejournal.com/news/national/2023/07/11/729444.htm,Layoffs.fyi
L01259,Matterport,SF Bay Area,United States,Data,Post-IPO,,,170.0,50-199,2023-07-11,2023,Q3,7,July,28,False,False,,https://investors.matterport.com/static-files/9d9ec717-3e67-410b-92cb-8cb27218fbe4,Layoffs.fyi
L01261,Sisense,New York City,United States,Data,Series F,,,100.0,50-199,2023-07-11,2023,Q3,7,July,28,False,False,,https://www.calcalistech.com/ctechnews/article/hyqikock2,Layoffs.fyi
L01258,WayCool,"Chennai,Non-U.S.",India,Food,Unknown,,,300.0,200-999,2023-07-11,2023,Q3,7,July,28,False,False,,https://timesofindia.indiatimes.com/business/india-business/with-focus-on-profitability-agritech-waycool-to-lay-off-300/articleshow/101652858.cms,Layoffs.fyi
L01267,Rad Power Bikes,Seattle,United States,Transportation,Series D,,,40.0,1-49,2023-07-10,2023,Q3,7,July,28,False,False,,https://www.theverge.com/2023/7/10/23785871/rad-power-bikes-uk-europe-shut-down-ebike,Layoffs.fyi
L01272,Medsaf,"Lagos,Non-U.S.",Nigeria,Healthcare,Unknown,,,30.0,1-49,2023-07-07,2023,Q3,7,July,27,False,False,,https://techcabal.com/2023/07/07/medsaf-laid-off-full-time-employees/,Layoffs.fyi
L01276,Amdocs,St. Louis,United States,Support,Post-IPO,,,2000.0,"1,000-4,999",2023-07-06,2023,Q3,7,July,27,True,False,,https://www.calcalistech.com/ctechnews/article/sjfzud4f3,Layoffs.fyi
L01277,FNZ,"London,Non-U.S.",United Kingdom,Finance,Private Equity,,,1000.0,"1,000-4,999",2023-07-06,2023,Q3,7,July,27,True,False,,https://citywire.com/new-model-adviser/news/exclusive-fnz-to-make-1000-redundancies-globally/a2421080,Layoffs.fyi
L01278,Perfect Day,SF Bay Area,United States,Food,Series D,,,134.0,50-199,2023-07-06,2023,Q3,7,July,27,False,False,,https://www.nosh.com/news/2023/perfect-day-lays-off-15-of-workforce-shutters-consumer-biz-coolhaus/,Layoffs.fyi
L01279,Solidigm,Sacramento,United States,Hardware,Unknown,,,98.0,50-199,2023-07-06,2023,Q3,7,July,27,False,False,,https://www.bizjournals.com/sacramento/inno/stories/news/2023/07/06/solidigm-layoffs-rancho-cordova-headquarters.html,Layoffs.fyi
L01280,TytoCare,New York City,United States,Healthcare,Series D,,,20.0,1-49,2023-07-06,2023,Q3,7,July,27,False,False,,https://www.calcalistech.com/ctechnews/article/byu1xnefn,Layoffs.fyi
L01285,Athennian,"Calgary,Non-U.S.",Canada,Legal,Series B,,,30.0,1-49,2023-07-05,2023,Q3,7,July,27,False,False,,https://betakit.com/legaltech-scaleup-athennian-navigates-growing-pains-with-layoffs-leadership-changes/,Layoffs.fyi
L01287,Highsnobiety,"Berlin,Non-U.S.",Germany,Media,Acquired,,,24.0,1-49,2023-07-03,2023,Q3,7,July,27,False,False,,https://www.businessoffashion.com/articles/news-analysis/highsnobiety-lays-off-10-percent-of-its-staff/,Layoffs.fyi
L01288,Zip,"Sydney,Non-U.S.",Australia,Finance,Post-IPO,,,300.0,200-999,2023-07-02,2023,Q3,7,July,26,False,False,,https://www.theaustralian.com.au/business/dataroom/zip-co-sacks-staff-as-buy-now-pay-later-sector-struggles/news-story/6ab956577a322e3f12e4146444e1cb64?amp&nk=842499914bf8dcecd67ffaacf7550303-1688513490,Layoffs.fyi
L01295,Artsy,New York City,United States,Retail,Series D,,,35.0,1-49,2023-06-29,2023,Q2,6,June,26,False,False,,https://www.artnews.com/art-news/news/artsy-lays-off-35-employees-across-divisions-1234672920/,Layoffs.fyi
L01296,Candy Digital,New York City,United States,Crypto,Series A,,,30.0,1-49,2023-06-29,2023,Q2,6,June,26,False,False,,https://decrypt.co/146734/candy-digital-confirms-layoffs-reveals-merger-palm-nft-studio,Layoffs.fyi
L01294,Headspace,Los Angeles,United States,Healthcare,Unknown,,,181.0,50-199,2023-06-29,2023,Q2,6,June,26,False,False,,https://www.latimes.com/business/story/2023-06-29/headspace-meditation-app-lays-off-15-of-employees,Layoffs.fyi
L01299,Insider Intelligence,New York City,United States,Media,Subsidiary,,,20.0,1-49,2023-06-29,2023,Q2,6,June,26,False,False,,https://www.theinformation.com/briefings/insider-intelligence-to-lay-off-20-outsource-to-philippines,Layoffs.fyi
L01293,Niantic,SF Bay Area,United States,Other,Series D,,,230.0,200-999,2023-06-29,2023,Q2,6,June,26,False,False,,https://www.cnbc.com/2023/06/29/pokemon-go-maker-niantic-lays-off-230-employees-cancels-games-.html,Layoffs.fyi
L01298,Torii,"Ra'anana,Non-U.S.",Israel,Other,Series B,,,28.0,1-49,2023-06-29,2023,Q2,6,June,26,False,False,,https://www.calcalistech.com/ctechnews/article/hjqdc1i00h,Layoffs.fyi
L01297,Xiaomi India,"Bengaluru,Non-U.S.",India,Other,Subsidiary,,,30.0,1-49,2023-06-29,2023,Q2,6,June,26,False,False,,https://economictimes.indiatimes.com/industry/cons-products/electronics/xiaomi-india-to-rejig-operations-bring-headcount-to-below-1000/articleshow/101347837.cms?from=mdr,Layoffs.fyi
L01304,ClickUp,San Diego,United States,Other,Series C,,,90.0,50-199,2023-06-28,2023,Q2,6,June,26,False,False,,https://techcrunch.com/2023/07/04/clickup-layoffs/,Layoffs.fyi
L01306,Karat,Seattle,United States,HR,Unknown,,,47.0,1-49,2023-06-28,2023,Q2,6,June,26,False,False,,https://www.geekwire.com/2023/technical-recruiting-startup-karat-lays-off-47-employees-for-the-second-time-this-year/,Layoffs.fyi
L01305,Ludia,"Montreal,Non-U.S.",United States,Consumer,Acquired,,,55.0,50-199,2023-06-28,2023,Q2,6,June,26,False,False,,https://mobilegamer.biz/up-to-55-staff-laid-off-at-jurassic-world-alive-maker-ludia/,Layoffs.fyi
L01307,Plex,SF Bay Area,United States,Media,Unknown,,,37.0,1-49,2023-06-28,2023,Q2,6,June,26,False,False,,https://www.theverge.com/2023/6/28/23777418/plex-layoffs-20-percent-staff,Layoffs.fyi
L01311,New Relic,SF Bay Area,United States,Infrastructure,Post-IPO,,,255.0,200-999,2023-06-27,2023,Q2,6,June,26,False,False,,https://www.oregonlive.com/silicon-forest/2023/06/new-relic-will-lay-off-another-255-in-latest-restructuring.html,Layoffs.fyi
L01310,Selina,"London,Non-U.S.",United Kingdom,Travel,Post-IPO,,,350.0,200-999,2023-06-27,2023,Q2,6,June,26,False,False,,https://www.calcalistech.com/ctechnews/article/hjprald00n,Layoffs.fyi
L01312,Tibber,"Førde,Non-U.S.",Norway,Energy,Series C,,,50.0,50-199,2023-06-27,2023,Q2,6,June,26,False,False,,https://www.shifter.no/nyheter/inntil-50-ma-ga-i-tibber/281838,Layoffs.fyi
L01321,Convoy,Seattle,United States,Logistics,Series E,,,30.0,1-49,2023-06-26,2023,Q2,6,June,26,False,False,,https://www.geekwire.com/2023/trucking-marketplace-convoy-makes-more-layoffs-citing-customer-service-efficiency-gains/,Layoffs.fyi
L01319,Payoneer,New York City,United States,Finance,Post-IPO,,,200.0,200-999,2023-06-26,2023,Q2,6,June,26,False,False,,https://www.calcalistech.com/ctechnews/article/sjctoolon,Layoffs.fyi
L01320,Robinhood,SF Bay Area,United States,Finance,Post-IPO,,,150.0,50-199,2023-06-26,2023,Q2,6,June,26,False,False,,https://www.wsj.com/articles/robinhood-lays-off-about-7-of-its-full-time-employees-2111cb48,Layoffs.fyi
L01325,Anaplan,SF Bay Area,United States,Other,Acquired,,,300.0,200-999,2023-06-21,2023,Q2,6,June,25,False,False,,https://nypost.com/2023/06/23/software-giant-anaplan-begins-layoffs-after-thoma-bravos-10-4b-buyout-deal/,Layoffs.fyi
L01328,Ritual,"Toronto,Non-U.S.",Canada,Food,Series C,,,38.0,1-49,2023-06-21,2023,Q2,6,June,25,False,False,,https://www.theglobeandmail.com/business/article-food-ordering-service-ritual-lays-off-nearly-half-of-employees/,Layoffs.fyi
L01327,Tackle.io,Boise,United States,Infrastructure,Series C,,,75.0,50-199,2023-06-21,2023,Q2,6,June,25,False,False,,https://tackle.io/blog/tackle-company-update/,Layoffs.fyi
L01326,Uber,SF Bay Area,United States,Transportation,Post-IPO,,,200.0,200-999,2023-06-21,2023,Q2,6,June,25,False,False,,https://www.nasdaq.com/articles/uber-to-lay-off-200-employees-in-recruitment-division,Layoffs.fyi
L01334,AvantStay,Los Angeles,United States,Travel,Private Equity,,,37.0,1-49,2023-06-20,2023,Q2,6,June,25,False,False,,https://skift.com/2023/06/20/property-manager-avantstay-lays-off-10-of-staff-third-round-of-job-cuts-in-a-year/,Layoffs.fyi
L01332,Grab,"Singapore,Non-U.S.",Singapore,Transportation,Post-IPO,,,1000.0,"1,000-4,999",2023-06-20,2023,Q2,6,June,25,True,False,,https://www.reuters.com/technology/singapores-grab-informs-staff-1000-layoffs-2023-06-20/,Layoffs.fyi
L01333,OLX Group,"Amsterdam,Non-U.S.",Netherlands,Marketing,Acquired,,,800.0,200-999,2023-06-20,2023,Q2,6,June,25,False,False,,https://techcrunch.com/2023/06/20/olx-group-layoffs/,Layoffs.fyi
L01336,Chingari,"Bengaluru,Non-U.S.",India,Media,Unknown,,,48.0,1-49,2023-06-19,2023,Q2,6,June,25,False,False,,https://inc42.com/buzz/exclusive-weeks-after-cofounders-exit-short-video-app-chingari-lays-off-20-workforce/,Layoffs.fyi
L01339,Mojocare,"Bengaluru,Non-U.S.",India,Healthcare,Series A,,,170.0,50-199,2023-06-17,2023,Q2,6,June,24,False,False,,https://entrackr.com/2023/06/exclusive-mojocare-lays-off-around-170-employees-within-a-year-of-fundraise/,Layoffs.fyi
L01340,Nikola,Phoenix,United States,Transportation,Post-IPO,,,270.0,200-999,2023-06-16,2023,Q2,6,June,24,False,False,,https://www.reuters.com/business/autos-transportation/electric-truck-maker-nikola-laying-off-270-employees-2023-06-16/,Layoffs.fyi
L01342,Pilot,SF Bay Area,United States,Finance,Unknown,,,45.0,1-49,2023-06-16,2023,Q2,6,June,24,False,False,,Internal memo,Layoffs.fyi
L01341,Qualcomm,SF Bay Area,United States,Hardware,Post-IPO,,,84.0,50-199,2023-06-16,2023,Q2,6,June,24,False,False,,https://www.bizjournals.com/sanjose/news/2023/06/16/qualcomm-laying-off-dozens-in-santa-clara.html,Layoffs.fyi
L01345,CareRev,Los Angeles,United States,Healthcare,Series A,,,100.0,50-199,2023-06-15,2023,Q2,6,June,24,False,False,,https://www.theinformation.com/articles/carerev-plans-to-cut-roughly-a-third-of-staff,Layoffs.fyi
L01346,TADA,"Seoul,Non-U.S.",South Korea,Transportation,Subsidiary,,,45.0,1-49,2023-06-15,2023,Q2,6,June,24,False,False,,https://techcrunch.com/2023/06/15/socars-ride-hailing-platform-tada-adds-to-growing-list-of-tech-layoffs/,Layoffs.fyi
L01350,Bitwise,SF Bay Area,United States,Crypto,Series B,,,900.0,200-999,2023-06-14,2023,Q2,6,June,24,False,False,,https://www.bakersfield.com/news/bitwise-lays-off-entire-staff/article_57c2a40c-0b12-11ee-84ca-f7e6d77ee2e9.html,Layoffs.fyi
L01354,Mamaearth,"Gurugram,Non-U.S.",India,Retail,Unknown,,,80.0,50-199,2023-06-14,2023,Q2,6,June,24,False,False,,https://inc42.com/buzz/exclusive-ipo-bound-mamaearth-to-shut-momspressos-mymoney-brand-marketing-vertical/,Layoffs.fyi
L01353,Olo,New York City,United States,Food,Post-IPO,,,81.0,50-199,2023-06-14,2023,Q2,6,June,24,False,False,,https://www.restaurantbusinessonline.com/technology/olo-lays-81-people-part-reorganization,Layoffs.fyi
L01351,Sonos,New York City,United States,Consumer,Post-IPO,,,130.0,50-199,2023-06-14,2023,Q2,6,June,24,False,False,,https://www.cnbc.com/2023/06/14/sonos-layoffs-company-cuts-7percent-or-about-130-employees.html,Layoffs.fyi
L01352,TrueCar,Los Angeles,United States,Transportation,Post-IPO,,,102.0,50-199,2023-06-14,2023,Q2,6,June,24,False,False,,https://techcrunch.com/2023/06/14/truecar-lays-off-102-employees-taps-new-ceo-amid-restructure/,Layoffs.fyi
L01357,JupiterOne,Raleigh,United States,Security,Series C,,,8.0,1-49,2023-06-13,2023,Q2,6,June,24,False,False,,https://www.bizjournals.com/triangle/news/2023/06/13/pendo-layoffs-raleigh-jupiterone-tech-job-cuts.html,Layoffs.fyi
L01356,Western Digital,SF Bay Area,United States,Hardware,Post-IPO,,,211.0,200-999,2023-06-13,2023,Q2,6,June,24,False,False,,https://www.bizjournals.com/sanjose/news/2023/06/13/western-digital-to-cut-more-silicon-valley-workers.html,Layoffs.fyi
L01362,Chegg,SF Bay Area,United States,Education,Post-IPO,,,80.0,50-199,2023-06-12,2023,Q2,6,June,24,False,False,,https://www.bloomberg.com/news/articles/2023-06-12/chegg-slashes-4-of-workforce-following-shift-to-embrace-ai#xj4y7vzkg,Layoffs.fyi
L01360,GoCardless,"London,Non-U.S.",United Kingdom,Finance,Series G,,,150.0,50-199,2023-06-12,2023,Q2,6,June,24,False,False,,https://sifted.eu/articles/gocardless-lays-off-15-of-staff-news,Layoffs.fyi
L01359,Grubhub,SF Bay Area,United States,Food,Acquired,,,400.0,200-999,2023-06-12,2023,Q2,6,June,24,False,False,,https://www.cnbc.com/2023/06/12/grubhub-layoffs-400-employees-or-15percent-of-corporate-workforce.html,Layoffs.fyi
L01361,Pendo,Raleigh,United States,Product,Series F,,,100.0,50-199,2023-06-12,2023,Q2,6,June,24,False,False,,https://www.bizjournals.com/triangle/news/2023/06/13/pendo-layoffs-raleigh-jupiterone-tech-job-cuts.html,Layoffs.fyi
L01364,TaxBit,SF Bay Area,United States,Crypto,Unknown,,,80.0,50-199,2023-06-11,2023,Q2,6,June,23,False,False,,https://www.theinformation.com/briefings/crypto-tax-software-startup-cuts-nearly-40-of-staff,Layoffs.fyi
L01367,23andMe,SF Bay Area,United States,Healthcare,Post-IPO,,,75.0,50-199,2023-06-09,2023,Q2,6,June,23,False,False,,https://www.genomeweb.com/business-news/23andme-laying-9-percent-workforce-cut-operating-costs,Layoffs.fyi
L01368,Expel,Washington D.C.,United States,Security,Series E,,,60.0,50-199,2023-06-09,2023,Q2,6,June,23,False,False,,https://expel.com/blog/a-message-from-expels-co-founders/,Layoffs.fyi
L01366,Trybe,"Sao Paulo,Non-U.S.",Brazil,Education,Series B,,,128.0,50-199,2023-06-09,2023,Q2,6,June,23,False,False,,https://www.estadao.com.br/link/inovacao/startup-trybe-demite-128-pessoas-em-nova-rodada-de-cortes-na-companhia/,Layoffs.fyi
L01369,Branch,Columbus,United States,Finance,Series C,,,186.0,50-199,2023-06-08,2023,Q2,6,June,23,False,False,,https://coverager.com/layoffs-at-branch/,Layoffs.fyi
L01370,Cityblock Health,New York City,United States,Healthcare,Series D,,,155.0,50-199,2023-06-08,2023,Q2,6,June,23,False,False,,https://www.fiercehealthcare.com/providers/cityblock-restructures-operations-cuts-12-workforce-it-plots-plans-growth-profitability,Layoffs.fyi
L01371,Highspot,Seattle,United States,Sales,Series F,,,140.0,50-199,2023-06-08,2023,Q2,6,June,23,False,False,,https://www.geekwire.com/2023/sales-software-startup-highspot-lays-off-15-of-workforce-its-second-cut-this-year/,Layoffs.fyi
L01375,Byju's,"Bengaluru,Non-U.S.",India,Education,Private Equity,,,1000.0,"1,000-4,999",2023-06-07,2023,Q2,6,June,23,True,False,,https://themorningcontext.com/internet/byjus-to-lay-off-1000-employees,Layoffs.fyi
L01378,Flatiron Health,New York City,United States,Healthcare,Acquired,,,39.0,1-49,2023-06-07,2023,Q2,6,June,23,False,False,,https://www.beckershospitalreview.com/oncology/cancer-care-startup-to-lay-off-employees.html,Layoffs.fyi
L01376,Nubank,"Sao Paulo,Non-U.S.",Brazil,Finance,Post-IPO,,,296.0,200-999,2023-06-07,2023,Q2,6,June,23,False,False,,https://brazilian.report/liveblog/politics-insider/2023/06/07/nubank-layoffs-restructuring/,Layoffs.fyi
L01377,Sumo Logic,SF Bay Area,United States,Data,Acquired,,,79.0,50-199,2023-06-07,2023,Q2,6,June,23,False,False,,https://www.sfchronicle.com/tech/article/sumo-logic-tech-layoffs-18150619.php,Layoffs.fyi
L01382,Coherent,SF Bay Area,United States,Manufacturing,Post-IPO,,,196.0,50-199,2023-06-06,2023,Q2,6,June,23,False,False,,https://www.mercurynews.com/2023/06/06/tech-layoff-fremont-job-coherent-flex-unity-google-facebook-twitter/,Layoffs.fyi
L01386,Dragos,Baltimore,United States,Security,Series D,,,50.0,50-199,2023-06-06,2023,Q2,6,June,23,False,False,,https://www.dragos.com/blog/industry-news/dragos-ceos-email-to-employees-on-layoff/,Layoffs.fyi
L01383,Edgio,Phoenix,United States,Infrastructure,Post-IPO,,,134.0,50-199,2023-06-06,2023,Q2,6,June,23,False,False,,https://investors.edg.io/static-files/829cb878-ba70-4965-bb63-3c4629781a41https://seekingalpha.com/news/3978762-edgio-to-cut-12-of-its-workforce-to-reduce-cost,Layoffs.fyi
L01385,Linktree,"Melbourne,Non-U.S.",Australia,Consumer,Unknown,,,60.0,50-199,2023-06-06,2023,Q2,6,June,23,False,False,,https://www.startupdaily.net/topic/business/link-in-bio-startup-linktree-slashes-local-jobs-again-shedding-27-of-anz-workforce/,Layoffs.fyi
L01388,Mara,"Nairobi,Non-U.S.",Kenya,Crypto,Seed,,,6.0,1-49,2023-06-06,2023,Q2,6,June,23,False,False,,https://techcabal.com/2023/06/06/web3-startup-mara-fires-its-marketing-department-as-it-shifts-focus-from-acquiring-new-users/,Layoffs.fyi
L01384,Reddit,SF Bay Area,United States,Consumer,Series F,,,90.0,50-199,2023-06-06,2023,Q2,6,June,23,False,False,,https://www.wsj.com/articles/reddit-is-cutting-about-5-of-its-workforce-and-slowing-hiring-amid-restructuring-63cfade9?mod=djemalertNEWS,Layoffs.fyi
L01387,Unity,SF Bay Area,United States,Other,Post-IPO,,,50.0,50-199,2023-06-06,2023,Q2,6,June,23,False,False,,https://www.mercurynews.com/2023/06/06/tech-layoff-fremont-job-coherent-flex-unity-google-facebook-twitter/,Layoffs.fyi
L01390,Spotify,"Stockholm,Non-U.S.",Sweden,Media,Post-IPO,,,200.0,200-999,2023-06-05,2023,Q2,6,June,23,False,False,,https://www.cnbc.com/2023/06/05/spotify-layoffs-200-employees-or-about-2percent-of-its-workforce-cut.html,Layoffs.fyi
L01395,Staffbase,"Chemnitz,Non-U.S.",Germany,Other,Series E,,,90.0,50-199,2023-06-02,2023,Q2,6,June,22,False,False,,https://www.businessinsider.de/gruenderszene/technologie/entlassungswelle-trifft-chemnitzer-software-unicorn-staffbase/?tpcc=offsite_gs_linkedin-facebook&fbclid=IwAR11HXLrgoy2GqefJu9xkrAtdqlHzdyBFXw1sYqgFmUJoacmBtcZSXNxmDw,Layoffs.fyi
L01394,ZoomInfo,Vancouver,United States,Sales,Post-IPO,,,120.0,50-199,2023-06-02,2023,Q2,6,June,22,False,False,,https://www.bizjournals.com/portland/inno/stories/news/2023/06/02/zoominfo-layoffs.html,Layoffs.fyi
L01399,Glamyo Health,"New Delhi,Non-U.S.",India,Healthcare,Series B,,,160.0,50-199,2023-06-01,2023,Q2,6,June,22,False,False,,https://inc42.com/buzz/glamyo-health-stares-at-potential-shut-down-lays-off-160-employees/,Layoffs.fyi
L01397,Haven Technologies,New York City,United States,Finance,Subsidiary,,,280.0,200-999,2023-06-01,2023,Q2,6,June,22,False,False,,https://coverager.com/haven-technologies-shrinks-workforce/,Layoffs.fyi
L01398,Mural,SF Bay Area,United States,Product,Series C,,,170.0,50-199,2023-06-01,2023,Q2,6,June,22,False,False,,Internal memo,Layoffs.fyi
L01400,Outbrain,New York City,United States,Marketing,Post-IPO,,,90.0,50-199,2023-06-01,2023,Q2,6,June,22,False,False,,https://www.calcalistech.com/ctechnews/article/syxin3hl3,Layoffs.fyi
L01411,Away,New York City,United States,Retail,Series D,,,22.0,1-49,2023-05-31,2023,Q2,5,May,22,False,False,,https://pitchbook.com/news/articles/away-direct-to-consumer-layoffs-venture-capital,Layoffs.fyi
L01409,McMakler,"Berlin,Non-U.S.",Germany,Real Estate,Unknown,,,60.0,50-199,2023-05-31,2023,Q2,5,May,22,False,False,,https://www.businessinsider.de/gruenderszene/business/wieder-entlassungen-bei-immobilien-startup-mcmakler/,Layoffs.fyi
L01410,Mux,SF Bay Area,United States,Infrastructure,Series D,,,40.0,1-49,2023-05-31,2023,Q2,5,May,22,False,False,,Internal memo,Layoffs.fyi
L01408,Vendr,Boston,United States,Other,Series B,,,100.0,50-199,2023-05-31,2023,Q2,5,May,22,False,False,,https://www.theinformation.com/briefings/software-cost-management-startup-vendr-lays-off-25,Layoffs.fyi
L01406,Zendesk,SF Bay Area,United States,Support,Acquired,,,320.0,200-999,2023-05-31,2023,Q2,5,May,22,False,False,,https://www.zendesk.com/newsroom/articles/zendesk-workforce-reduction/,Layoffs.fyi
L01407,ZipRecruiter,Los Angeles,United States,Recruiting,Post-IPO,,,270.0,200-999,2023-05-31,2023,Q2,5,May,22,False,False,,https://www.sec.gov/ix?doc=/Archives/edgar/data/1617553/000161755323000028/zip-20230531.htm,Layoffs.fyi
L01413,Mensa Brands,"Bengaluru,Non-U.S.",India,Retail,Unknown,,,30.0,1-49,2023-05-30,2023,Q2,5,May,22,False,False,,https://inc42.com/buzz/layoffs-continue-mensa-brands-fires-employees-from-recently-acquired-india-lifestyle-network/,Layoffs.fyi
L01412,Taxfix,"Berlin,Non-U.S.",Germany,Finance,Series D,,,120.0,50-199,2023-05-30,2023,Q2,5,May,22,False,False,,https://techcrunch.com/2023/05/30/taxfix-layoffs/,Layoffs.fyi
L01417,Evolve,Denver,United States,Travel,Series F,,,164.0,50-199,2023-05-29,2023,Q2,5,May,22,False,False,,https://skift.com/blog/evolve-lays-off-14-percent-of-its-staff/,Layoffs.fyi
L01419,DHI Group,New York City,United States,Recruiting,Post-IPO,,,53.0,50-199,2023-05-26,2023,Q2,5,May,21,False,False,,https://aimgroup.com/2023/05/26/dhi-group-to-cut-workforce-by-10/,Layoffs.fyi
L01418,Project44,Chicago,United States,Logistics,Unknown,,,130.0,50-199,2023-05-26,2023,Q2,5,May,21,False,False,,https://www.freightwaves.com/news/project44-cuts-workforce-warns-of-changing-freighttech-investor-sentiment,Layoffs.fyi
L01421,Airmeet,"Bengaluru,Non-U.S.",India,Marketing,Series B,,,75.0,50-199,2023-05-25,2023,Q2,5,May,21,False,False,,https://inc42.com/buzz/exclusive-prosus-backed-airmeet-lays-off-30-of-its-workforce/,Layoffs.fyi
L01420,BenevolentAI,"London,Non-U.S.",United Kingdom,Healthcare,Private Equity,,,180.0,50-199,2023-05-25,2023,Q2,5,May,21,False,False,,https://endpts.com/benevolentai-lays-off-around-180-staffers-cuts-pipeline-programs-in-reorg/,Layoffs.fyi
L01422,Circus Kitchens,"Hamburg,Non-U.S.",Germany,Food,Seed,,,35.0,1-49,2023-05-25,2023,Q2,5,May,21,False,False,,https://www.businessinsider.de/gruenderszene/food/massenentlassung-beim-lieferdienst-startup-circus-kitchens/,Layoffs.fyi
L01423,Jellysmack,"Paris,Non-U.S.",France,Media,Series C,,,13.0,1-49,2023-05-25,2023,Q2,5,May,21,False,False,,https://www.businessinsider.com/creator-economy-startup-jellysmack-laid-off-us-france-staff-layoffs-2023-5,Layoffs.fyi
L01427,Flink,"Berlin,Non-U.S.",Germany,Food,Series B,,,100.0,50-199,2023-05-24,2023,Q2,5,May,21,False,False,,https://www.businessinsider.de/gruenderszene/food/uebernahme-durch-getir-vom-tisch-flink-findet-neues-investorengeld-bewertung-sinkt-massiv/,Layoffs.fyi
L01425,Guild,Denver,United States,Education,Series F,,,172.0,50-199,2023-05-24,2023,Q2,5,May,21,False,False,,https://www.bizjournals.com/denver/news/2023/05/25/guild-layoffs.html,Layoffs.fyi
L01428,Western Digital,"Kfar Saba,Non-U.S.",Israel,Hardware,Post-IPO,,,60.0,50-199,2023-05-24,2023,Q2,5,May,21,False,False,,https://www.calcalistech.com/ctechnews/article/sk4mliohh,Layoffs.fyi
L01426,WillowTree,Charlottesville,United States,Marketing,Acquired,,,120.0,50-199,2023-05-24,2023,Q2,5,May,21,False,False,,https://www.nbc29.com/2023/05/24/23-charlottesville-area-employees-laid-off-willowtree/,Layoffs.fyi
L01432,Qualcomm,"Haifa,Non-U.S.",Israel,Hardware,Post-IPO,,,30.0,1-49,2023-05-23,2023,Q2,5,May,21,False,False,,https://www.calcalistech.com/ctechnews/article/hkfdle9s3,Layoffs.fyi
L01431,Reliance JioMart,"Mumbai,Non-U.S.",India,Food,Subsidiary,,,1000.0,"1,000-4,999",2023-05-23,2023,Q2,5,May,21,True,False,,https://economictimes.indiatimes.com/tech/technology/reliances-wholesale-format-fires-1000-a-bigger-layoff-round-likely/articleshow/100428603.cms,Layoffs.fyi
L01435,AppFolio,Santa Barbara,United States,Real Estate,Post-IPO,,,62.0,50-199,2023-05-22,2023,Q2,5,May,21,False,False,,https://www.pacbiztimes.com/2023/05/22/appfolio-lays-off-62-people/,Layoffs.fyi
L01440,Moss,"Berlin,Non-U.S.",Germany,Finance,Series B,,,30.0,1-49,2023-05-19,2023,Q2,5,May,20,False,False,,https://financefwd.com/de/moss-mitarbeiter-entlassungen-2/,Layoffs.fyi
L01441,Pie Insurance,Washington D.C.,United States,Finance,Series D,,,63.0,50-199,2023-05-18,2023,Q2,5,May,20,False,False,,https://media.pieinsurance.com/press-releases/a-message-from-pies-ceo/,Layoffs.fyi
L01447,Stash,New York City,United States,Finance,Unknown,,,40.0,1-49,2023-05-17,2023,Q2,5,May,20,False,False,,https://www.axios.com/pro/fintech-deals/2023/05/17/stash-lays-off-10-percent-reorganization,Layoffs.fyi
L01449,Cerner,Kansas City,United States,Healthcare,Acquired,,,3000.0,"1,000-4,999",2023-05-16,2023,Q2,5,May,20,True,False,,https://www.businessinsider.com/oracle-halted-raises-layoffs-after-cerner-deal-2023-5,Layoffs.fyi
L01451,Lemonade,New York City,United States,Finance,Post-IPO,,,45.0,1-49,2023-05-16,2023,Q2,5,May,20,False,False,,https://www.calcalistech.com/ctechnews/article/s18wcz11r2,Layoffs.fyi
L01450,Zepz,"London,Non-U.S.",United Kingdom,Finance,Series E,,,420.0,200-999,2023-05-16,2023,Q2,5,May,20,False,False,,https://www.cnbc.com/2023/05/16/fintech-unicorn-zepz-owner-of-worldremit-lays-off-26percent-of-staff.html,Layoffs.fyi
L01457,Happay,"Bengaluru,Non-U.S.",India,Finance,Acquired,,,160.0,50-199,2023-05-12,2023,Q2,5,May,19,False,False,,https://inc42.com/buzz/exclusive-cred-owned-happay-trims-35-workforce/,Layoffs.fyi
L01455,Nuro,SF Bay Area,United States,Transportation,Series D,,,340.0,200-999,2023-05-12,2023,Q2,5,May,19,False,False,,https://techcrunch.com/2023/05/12/autonomous-delivery-startup-nuro-to-lay-off-30-of-workforce/,Layoffs.fyi
L01458,Slickdeals,Las Vegas,United States,Retail,Unknown,,,79.0,50-199,2023-05-12,2023,Q2,5,May,19,False,False,,Company exec,Layoffs.fyi
L01456,Telenav,"Cluj-Napoca,Non-U.S.",Romania,Transportation,Post-IPO,,,172.0,50-199,2023-05-12,2023,Q2,5,May,19,False,False,,https://www.romania-insider.com/telenav-closes-cluj-office-may-2023,Layoffs.fyi
L01459,Toothsi,"Mumbai,Non-U.S.",India,Healthcare,Series C,,,20.0,1-49,2023-05-12,2023,Q2,5,May,19,False,False,,https://www.moneycontrol.com/news/business/startup/dental-tech-startup-toothsi-lays-off-20-30-employees-amid-funding-crunch-10574111.html,Layoffs.fyi
L01462,Cornershop,"Santiago,Non-U.S.",Chile,Food,Acquired,,,250.0,200-999,2023-05-11,2023,Q2,5,May,19,False,False,,https://www.bloomberg.com/news/articles/2023-05-11/uber-owned-online-grocer-cornershop-eliminates-11-of-staff#xj4y7vzkg?leadSource=uverify%20wall,Layoffs.fyi
L01463,Varo,SF Bay Area,United States,Finance,Series E,,,97.0,50-199,2023-05-11,2023,Q2,5,May,19,False,False,,https://www.varomoney.com/press/05112023-message-from-colin/,Layoffs.fyi
L01465,Microsoft,Seattle,United States,Other,Post-IPO,,,158.0,50-199,2023-05-10,2023,Q2,5,May,19,False,False,,https://www.geekwire.com/2023/microsoft-cutting-more-jobs-in-seattle-region-beyond-global-layoffs-announced-in-january/,Layoffs.fyi
L01466,Redbubble,"Melbourne,Non-U.S.",Australia,Retail,Post-IPO,,,70.0,50-199,2023-05-10,2023,Q2,5,May,19,False,False,,https://www.afr.com/technology/redbubble-axes-75-roles-in-a-new-cost-cutting-round-20230510-p5d762,Layoffs.fyi
L01467,Similarweb,New York City,United States,Other,Post-IPO,,,60.0,50-199,2023-05-10,2023,Q2,5,May,19,False,False,,https://www.calcalistech.com/ctechnews/article/sya4wmt4h,Layoffs.fyi
L01468,Stack Overflow,New York City,United States,Recruiting,Acquired,,,58.0,50-199,2023-05-10,2023,Q2,5,May,19,False,False,,https://stackoverflow.blog/2023/05/10/a-message-from-prashanth-chandrasekar-ceo-stack-overflow/,Layoffs.fyi
L01469,Akamai,Boston,United States,Security,Post-IPO,,,290.0,200-999,2023-05-09,2023,Q2,5,May,19,False,False,,https://www.bizjournals.com/boston/news/2023/05/09/akamai-cuts-global-workforce-2023.html,Layoffs.fyi
L01471,AudioCodes,"Tel Aviv,Non-U.S.",Israel,Other,Post-IPO,,,80.0,50-199,2023-05-09,2023,Q2,5,May,19,False,False,,https://www.calcalistech.com/ctechnews/article/hjnggpd43,Layoffs.fyi
L01470,Sonatype,Baltimore,United States,Security,Acquired,,,100.0,50-199,2023-05-09,2023,Q2,5,May,19,False,False,,https://www.theregister.com/2023/05/10/sonatype_job_cuts/,Layoffs.fyi
L01475,Cuemath,"Bengaluru,Non-U.S.",India,Education,Unknown,,,100.0,50-199,2023-05-08,2023,Q2,5,May,19,False,False,,https://entrackr.com/2023/05/cuemath-lays-off-around-100-employees/,Layoffs.fyi
L01477,Glean AI,New York City,United States,Finance,Seed,,,5.0,1-49,2023-05-08,2023,Q2,5,May,19,False,False,,Company exec,Layoffs.fyi
L01474,LinkedIn,SF Bay Area,United States,Recruiting,Acquired,,,716.0,200-999,2023-05-08,2023,Q2,5,May,19,False,False,,https://www.reuters.com/technology/linkedin-cut-716-jobs-phase-out-china-local-jobs-app-2023-05-09/,Layoffs.fyi
L01476,Momentis Surgical,"Tel Aviv,Non-U.S.",Israel,Healthcare,Series D,,,70.0,50-199,2023-05-08,2023,Q2,5,May,19,False,False,,https://www.calcalistech.com/ctechnews/article/bk11kl2i43,Layoffs.fyi
L01480,Meesho,"Bengaluru,Non-U.S.",India,Retail,Series F,,,251.0,200-999,2023-05-05,2023,Q2,5,May,18,False,False,,https://www.moneycontrol.com/news/business/meesho-to-fire-251-employees-says-it-made-judgement-errors-in-over-hiring-ahead-of-the-curve-10531531.html,Layoffs.fyi
L01481,Teachmint,"Bengaluru,Non-U.S.",India,Education,Series B,,,70.0,50-199,2023-05-05,2023,Q2,5,May,18,False,False,,https://inc42.com/buzz/exclusive-teachmint-lays-off-over-70-employees-in-2nd-round-of-layoffs/,Layoffs.fyi
L01479,Twist Bioscience,SF Bay Area,United States,Healthcare,Post-IPO,,,270.0,200-999,2023-05-05,2023,Q2,5,May,18,False,False,,https://www.biospace.com/article/releases/twist-bioscience-reports-fiscal-second-quarter-2023-financial-results/,Layoffs.fyi
L01486,Autograph,Los Angeles,United States,Crypto,Series B,,,30.0,1-49,2023-05-04,2023,Q2,5,May,18,False,False,,https://www.businessinsider.com/tom-bradys-nft-startup-autograph-layoffs-crypto-2023-5?IR=T,Layoffs.fyi
L01487,Earnix,"Tel Aviv,Non-U.S.",Israel,Finance,Unknown,,,30.0,1-49,2023-05-04,2023,Q2,5,May,18,False,False,,https://www.calcalistech.com/ctechnews/article/hymylgzvh,Layoffs.fyi
L01488,Karma,"Tel Aviv,Non-U.S.",Israel,Retail,Series A,,,20.0,1-49,2023-05-04,2023,Q2,5,May,18,False,False,,https://www.calcalistech.com/ctechnews/article/bj11xzuw43,Layoffs.fyi
L01484,Sabre,Dallas,United States,Travel,Post-IPO,,,1100.0,"1,000-4,999",2023-05-04,2023,Q2,5,May,18,True,False,,https://skift.com/2023/05/04/sabre-is-cutting-15-percent-of-its-workforce-roughly-1100-jobs/,Layoffs.fyi
L01485,Scribe Media,Austin,United States,Marketing,Unknown,,,90.0,50-199,2023-05-04,2023,Q2,5,May,18,False,False,,https://www.bizjournals.com/austin/inno/stories/news/2023/05/30/scribe-media-shuts-down-and-lays-off-90-employees.html,Layoffs.fyi
L01483,Shopify,"Ottawa,Non-U.S.",Canada,Retail,Post-IPO,,,2300.0,"1,000-4,999",2023-05-04,2023,Q2,5,May,18,True,False,,https://www.cbc.ca/news/business/shopify-layoffs-1.6831842,Layoffs.fyi
L01493,Brightcove,Boston,United States,Marketing,Post-IPO,,,70.0,50-199,2023-05-03,2023,Q2,5,May,18,False,False,,https://www.bizjournals.com/boston/news/2023/05/03/brightcove-cuts-across-organization.html,Layoffs.fyi
L01492,Cars24,"Jakarta,Non-U.S.",Indonesia,Transportation,Series G,,,100.0,50-199,2023-05-03,2023,Q2,5,May,18,False,False,,https://inc42.com/buzz/cars24-shuts-shop-in-indonesia-saudi-arabia-to-focus-on-india-ops/?utm_source=ActiveCampaign&utm_medium=email&utm_content=Profit++Karo++On+Paytm+s+Mind%21+%7C+Two+Bengaluru+Unicorns+Cut+Jobs+%7C+Tim+Cook+s+%E2%9D%A4%EF%B8%8F+For+India&utm_campaign=Morning+Newsletter+-+New+Template+06+May&vgo_ee=vZ%2BZfbikRuPiTdEJPl5%2BEYyCJFrocn5no%2Bm25FjbMJUy9Zuq7w%3D%3D%3AAqF8bsXWMtjx1ZHWtxqmJxDrH43MqNRa,Layoffs.fyi
L01494,Healthy.io,"Tel Aviv,Non-U.S.",United States,Healthcare,Series D,,,70.0,50-199,2023-05-03,2023,Q2,5,May,18,False,False,,https://www.calcalistech.com/ctechnews/article/b11800cknh,Layoffs.fyi
L01496,TheSkimm,New York City,United States,Media,Series C,,,22.0,1-49,2023-05-03,2023,Q2,5,May,18,False,False,,https://www.businessinsider.com/newsletter-publisher-theskimm-laid-off-13-percent-second-round-2023-2023-5,Layoffs.fyi
L01490,Unity,SF Bay Area,United States,Other,Post-IPO,,,600.0,200-999,2023-05-03,2023,Q2,5,May,18,False,False,,https://www.wsj.com/articles/unity-conducts-its-third-and-largest-round-of-layoffs-in-a-year-48fdafe1,Layoffs.fyi
L01491,Upwork,SF Bay Area,United States,Other,Post-IPO,,,137.0,50-199,2023-05-03,2023,Q2,5,May,18,False,False,,https://www.upwork.com/press/releases/a-message-from-our-ceo,Layoffs.fyi
L01495,Zymergen,SF Bay Area,United States,Other,Acquired,,,27.0,1-49,2023-05-03,2023,Q2,5,May,18,False,False,,https://www.biospace.com/article/biospace-layoff-tracker-2023-athenex-shutters-facility-cuts-staff/,Layoffs.fyi
L01498,Bishop Fox,Phoenix,United States,Security,Series B,,,50.0,50-199,2023-05-02,2023,Q2,5,May,18,False,False,,https://techcrunch.com/2023/05/03/bishop-fox-lays-off-employees-days-after-throwing-conference-party/,Layoffs.fyi
L01499,Zoomo,"Sydney,Non-U.S.",Australia,Transportation,Series B,,,27.0,1-49,2023-05-02,2023,Q2,5,May,18,False,False,,https://www.businessnewsaustralia.com/articles/sydney-e-bike-provider-zoomo-cuts-8-per-cent-of-its-workforce.html,Layoffs.fyi
L01502,Lev,New York City,United States,Real Estate,Series B,,,34.0,1-49,2023-05-01,2023,Q2,5,May,18,False,False,,https://therealdeal.com/new-york/2023/05/01/cre-finance-platform-lev-lays-off-more-staff/,Layoffs.fyi
L01501,SAS,Raleigh,United States,Data,Unknown,,,250.0,200-999,2023-05-01,2023,Q2,5,May,18,False,False,,https://wraltechwire.com/2023/05/01/sas-to-close-some-international-offices-making-selective-hires-in-prepping-for-stock-offering/,Layoffs.fyi
L01504,Vah Vah!,"Bengaluru,Non-U.S.",India,Education,Seed,,,150.0,50-199,2023-04-30,2023,Q2,4,April,17,False,False,,https://inc42.com/features/how-former-zynga-india-head-silently-shut-his-startup-after-slashing-150-jobs/,Layoffs.fyi
L01505,Cogito,"New Delhi,Non-U.S.",India,Data,Unknown,,,177.0,50-199,2023-04-29,2023,Q2,4,April,17,False,False,,https://inc42.com/buzz/protests-erupt-data-startup-cogito-fires-177-indian-employees/,Layoffs.fyi
L01506,Cue Health,San Diego,United States,Healthcare,Post-IPO,,,326.0,200-999,2023-04-28,2023,Q2,4,April,17,False,False,,https://www.sec.gov/Archives/edgar/data/1628945/000162894523000085/hlth-20230428.htm,Layoffs.fyi
L01508,Embark Vet,Boston,United States,Healthcare,Series B,,,28.0,1-49,2023-04-28,2023,Q2,4,April,17,False,False,,https://docs.google.com/spreadsheets/d/12HLkzExDs4cXgF8FGl8M6D3Zilpr4iWMJHVGfGy4szk/edit#gid=113211201,Layoffs.fyi
L01507,N26,"Berlin,Non-U.S.",United States,Finance,Series E,,,71.0,50-199,2023-04-28,2023,Q2,4,April,17,False,False,,https://www.businessinsider.de/gruenderszene/fintech/folgen-der-krise-n26-entlaesst-mitarbeiter/,Layoffs.fyi
L01518,Airtasker,"Sydney,Non-U.S.",Australia,Retail,Series C,,,45.0,1-49,2023-04-27,2023,Q2,4,April,17,False,False,,https://www.businessnewsaustralia.com/articles/airtasker-makes-20pc-of-employees-redundant.html,Layoffs.fyi
L01512,Alteryx,Los Angeles,United States,Data,Post-IPO,,,320.0,200-999,2023-04-27,2023,Q2,4,April,17,False,False,,https://siliconangle.com/2023/04/27/alteryx-delivers-mixed-earnings-results-plans-cut-11-staff/,Layoffs.fyi
L01519,Chief,New York City,United States,Other,Series B,,,43.0,1-49,2023-04-27,2023,Q2,4,April,17,False,False,,https://techcrunch.com/2023/04/27/chief-a-professional-network-for-women-leaders-cuts-staff-amid-restructuring-effort/,Layoffs.fyi
L01511,Dropbox,SF Bay Area,United States,Other,Post-IPO,,,500.0,200-999,2023-04-27,2023,Q2,4,April,17,False,False,,https://blog.dropbox.com/topics/company/a-message-from-drew,Layoffs.fyi
L01514,Greenhouse,New York City,United States,Recruiting,Private Equity,,,100.0,50-199,2023-04-27,2023,Q2,4,April,17,False,False,,https://www.greenhouse.com/blog/navigating-market-uncertainty,Layoffs.fyi
L01517,Megaport,"Brisbane,Non-U.S.",Australia,Infrastructure,Post-IPO,,,50.0,50-199,2023-04-27,2023,Q2,4,April,17,False,False,,https://cdn-api.markitdigital.com/apiman-gateway/ASX/asx-research/1.0/file/2924-02659300-2A1446019?access_token=83ff96335c2d45a094df02a206a39ff4,Layoffs.fyi
L01516,Poppulo,Denver,United States,HR,Acquired,,,85.0,50-199,2023-04-27,2023,Q2,4,April,17,False,False,,https://www.rte.ie/news/business/2023/0427/1379567-poppulo-to-lay-off-21-staff-in-ireland-to-cut-costs/,Layoffs.fyi
L01515,Rebellion Defense,Washington D.C.,United States,Data,Series B,,,90.0,50-199,2023-04-27,2023,Q2,4,April,17,False,False,,https://blog.rebelliondefense.com/a-difficult-decision-for-rebellion-5fe0fbc927e4,Layoffs.fyi
L01520,Tickertape,"Bengaluru,Non-U.S.",India,Finance,Seed,,,29.0,1-49,2023-04-27,2023,Q2,4,April,17,False,False,,https://entrackr.com/2023/04/smallcase-backed-tickertape-layoff-30-workforce/,Layoffs.fyi
L01513,Vroom,New York City,United States,Transportation,Post-IPO,,,120.0,50-199,2023-04-27,2023,Q2,4,April,17,False,False,,https://www.hrkatha.com/news/layoff/vroom-to-let-go-11-workforce/,Layoffs.fyi
L01524,Extramarks,"Noida,Non-U.S.",India,Education,Unknown,,,300.0,200-999,2023-04-26,2023,Q2,4,April,17,False,False,,https://inc42.com/buzz/exclusive-reliance-backed-edtech-startup-extramarks-fires-over-300-employees-to-shut-b2c-biz/,Layoffs.fyi
L01525,Teampay,New York City,United States,Finance,Series B,,,30.0,1-49,2023-04-26,2023,Q2,4,April,17,False,False,,https://www.axios.com/pro/fintech-deals/2023/04/26/corporate-card-teampay-layoffs-30-percent,Layoffs.fyi
L01528,Rapid,SF Bay Area,United States,Finance,Series D,,,115.0,50-199,2023-04-25,2023,Q2,4,April,17,False,False,,https://techcrunch.com/2023/04/25/rapidapi-valued-at-1-billion-last-year-cuts-staff-by-50/,Layoffs.fyi
L01529,Rapid,SF Bay Area,United States,Finance,Series D,,,70.0,50-199,2023-04-25,2023,Q2,4,April,17,False,False,,https://techcrunch.com/2023/05/05/rapidapi-headcount-down-82-from-fresh-layoffs-less-than-two-weeks-after-cutting-50-of-staff/,Layoffs.fyi
L01527,Skill Lync,"Chennai,Non-U.S.",India,Education,Series A,,,400.0,200-999,2023-04-25,2023,Q2,4,April,17,False,False,,https://inc42.com/buzz/exclusive-iron-pillar-backed-edtech-startup-skill-lync-fires-over-400-employees/,Layoffs.fyi
L01532,BigPanda,SF Bay Area,United States,Infrastructure,Series E,,,40.0,1-49,2023-04-24,2023,Q2,4,April,17,False,False,,https://www.calcalistech.com/ctechnews/article/hjmakgn73,Layoffs.fyi
L01530,Flink,"Berlin,Non-U.S.",Germany,Food,Series B,,,8000.0,"5,000+",2023-04-24,2023,Q2,4,April,17,True,True,,https://www.manager-magazin.de/unternehmen/tech/flink-lieferdienst-hat-still-und-leise-8000-jobs-abgeschafft-a-caa29cb9-82b5-4d1e-83ca-a29efaccd25d,Layoffs.fyi
L01531,Red Hat,Raleigh,United States,Other,Acquired,,,760.0,200-999,2023-04-24,2023,Q2,4,April,17,False,False,,https://abc11.com/jobs-red-hat-careers-layoffs-raleigh-nc/13180340/,Layoffs.fyi
L01534,Benchling,SF Bay Area,United States,Other,Series F,,,74.0,50-199,2023-04-21,2023,Q2,4,April,16,False,False,,https://www.reuters.com/technology/life-sciences-software-startup-benchling-lays-off-9-workforce-2023-04-21/,Layoffs.fyi
L01533,Lyft,SF Bay Area,United States,Transportation,Post-IPO,,,1072.0,"1,000-4,999",2023-04-21,2023,Q2,4,April,16,True,False,,https://www.cnbc.com/2023/04/27/lyft-layoffs-company-to-cut-1072-employees-or-26percent-of-its-workforce.html,Layoffs.fyi
L01536,BuzzFeed,New York City,United States,Media,Post-IPO,,,180.0,50-199,2023-04-20,2023,Q2,4,April,16,False,False,,https://variety.com/2023/digital/news/buzzfeed-news-shutting-down-layoffs-1235589751/,Layoffs.fyi
L01539,Gloat,New York City,United States,HR,Series D,,,35.0,1-49,2023-04-20,2023,Q2,4,April,16,False,False,,https://www.calcalistech.com/ctechnews/article/ry8dgb1x3,Layoffs.fyi
L01537,Koo,"Bengaluru,Non-U.S.",India,Consumer,Series B,,,78.0,50-199,2023-04-20,2023,Q2,4,April,16,False,False,,https://economictimes.indiatimes.com/tech/startups/twitters-rival-koo-fires-30-staff-on-funding-crunch/articleshow/99632488.cms,Layoffs.fyi
L01538,Open,"Bengaluru,Non-U.S.",India,Finance,Series D,,,47.0,1-49,2023-04-20,2023,Q2,4,April,16,False,False,,https://entrackr.com/2023/04/exclusive-neobank-open-lays-off-around-50-employees/,Layoffs.fyi
L01543,F5,Seattle,United States,Security,Post-IPO,,,623.0,200-999,2023-04-19,2023,Q2,4,April,16,False,False,,https://www.reuters.com/technology/software-firm-f5-layoff-9-staff-trims-fiscal-revenue-guidance-2023-04-19/,Layoffs.fyi
L01544,WalkMe,SF Bay Area,United States,Other,Post-IPO,,,112.0,50-199,2023-04-19,2023,Q2,4,April,16,False,False,,https://www.calcalistech.com/ctechnews/article/byc3z4pgn,Layoffs.fyi
L01547,Culture Amp,"Melbourne,Non-U.S.",Australia,HR,Series F,,,90.0,50-199,2023-04-18,2023,Q2,4,April,16,False,False,,https://www.startupdaily.net/topic/business/hr-unicorn-culture-amp-is-the-latest-tech-company-to-shed-jobs-cutting-90-roles/,Layoffs.fyi
L01546,Noon,"Riyadh,Non-U.S.",Saudi Arabia,Retail,Unknown,,,340.0,200-999,2023-04-18,2023,Q2,4,April,16,False,False,,https://www.bloomberg.com/news/articles/2023-04-18/amazon-s-middle-east-rival-noon-cuts-10-of-jobs-to-pare-costs?leadSource=uverify%20wall,Layoffs.fyi
L01545,Opendoor,SF Bay Area,United States,Real Estate,Post-IPO,,,560.0,200-999,2023-04-18,2023,Q2,4,April,16,False,False,,https://www.inman.com/2023/04/18/opendoor-lays-off-22-of-its-workforce-in-latest-round-of-cuts/,Layoffs.fyi
L01548,TRM Labs,SF Bay Area,United States,Crypto,Series B,,,16.0,1-49,2023-04-18,2023,Q2,4,April,16,False,False,,https://blockworks.co/news/crypto-hiring-custodian-copper,Layoffs.fyi
L01551,Clearcover,Chicago,United States,Finance,Series D,,,81.0,50-199,2023-04-17,2023,Q2,4,April,16,False,False,,https://coverager.com/layoffs-at-clearcover/,Layoffs.fyi
L01552,Paper,"Montreal,Non-U.S.",Canada,Education,Series D,,,81.0,50-199,2023-04-17,2023,Q2,4,April,16,False,False,,https://paper.co/inside-paper/a-message-from-papers-ceo-and-founder-philip-cutler,Layoffs.fyi
L01550,Ten Square Games,"Wrocław,Non-U.S.",Poland,Consumer,Seed,,,120.0,50-199,2023-04-17,2023,Q2,4,April,16,False,False,,https://economictimes.indiatimes.com/tech/technology/ten-square-games-to-lay-off-25-of-staff-suspend-two-major-projects/articleshow/99558794.cms,Layoffs.fyi
L01553,Ynsect,"Paris,Non-U.S.",France,Food,Series D,,,17.0,1-49,2023-04-17,2023,Q2,4,April,16,False,False,,https://pitchbook.com/news/articles/agtech-ynsect-funding-layoffs,Layoffs.fyi
L01559,Community Gaming,New York City,United States,Crypto,Series A,,,17.0,1-49,2023-04-14,2023,Q2,4,April,15,False,False,,https://decrypt.co/136786/web3-startup-community-gaming-confirms-layoffs-amid-esports-downturn,Layoffs.fyi
L01558,Drip Capital,SF Bay Area,United States,Finance,Series C,,,75.0,50-199,2023-04-14,2023,Q2,4,April,15,False,False,,https://inc42.com/buzz/exclusive-trade-financing-startup-drip-capital-lays-off-20-employees/,Layoffs.fyi
L01564,Astronomer,Cincinnati,United States,Data,Series C,,,100.0,50-199,2023-04-13,2023,Q2,4,April,15,False,False,,Internal memo,Layoffs.fyi
L01563,Snyk,Boston,United States,Security,Series F,,,128.0,50-199,2023-04-13,2023,Q2,4,April,15,False,False,,https://snyk.io/blog/snyk-evolution-april-13/,Layoffs.fyi
L01571,Medtronic,SF Bay Area,United States,Healthcare,Post-IPO,,,59.0,50-199,2023-04-12,2023,Q2,4,April,15,False,False,,https://www.massdevice.com/medtronic-layoffs-california/,Layoffs.fyi
L01570,Science 37,Los Angeles,United States,Healthcare,Post-IPO,,,140.0,50-199,2023-04-12,2023,Q2,4,April,15,False,False,,https://www.bizjournals.com/triangle/news/2023/04/12/science-37-cutting-140-jobs-us-europe-asia-growth.html,Layoffs.fyi
L01569,Viasat,San Diego,United States,Other,Post-IPO,,,300.0,200-999,2023-04-12,2023,Q2,4,April,15,False,False,,https://www.sandiegouniontribune.com/business/story/2023-04-12/viasat-trims-global-workforce,Layoffs.fyi
L01575,Examedi,"Santiago,Non-U.S.",Chile,Healthcare,Unknown,,,45.0,1-49,2023-04-11,2023,Q2,4,April,15,False,False,,https://contxto.com/en/startups-es/this-week-in-startups-softbank-shakeups-krans-funding-round-and-layoffs-at-examedi/,Layoffs.fyi
L01572,Milkrun,"Sydney,Non-U.S.",Australia,Food,Series A,,,400.0,200-999,2023-04-11,2023,Q2,4,April,15,False,False,,https://www.forbes.com.au/news/investing/milkrun-collapses-as-400-staff-made-redundant/,Layoffs.fyi
L01574,Permutive,"London,Non-U.S.",United Kingdom,Marketing,Series C,,,80.0,50-199,2023-04-11,2023,Q2,4,April,15,False,False,,https://www.businessinsider.com/permutive-announces-second-round-of-layoffs-2023-4?IR=T,Layoffs.fyi
L01573,Redfin,Seattle,United States,Real Estate,Post-IPO,,,201.0,200-999,2023-04-11,2023,Q2,4,April,15,False,False,,https://www.geekwire.com/2023/redfin-lays-off-201-employees-as-housing-market-continues-to-retrench/,Layoffs.fyi
L01579,Flock Freight,San Diego,United States,Logistics,Series D,,,45.0,1-49,2023-04-10,2023,Q2,4,April,15,False,False,,https://www.freightwaves.com/news/flock-freight-under-fire-insiders-recount-toxic-work-culture-leadership-failures,Layoffs.fyi
L01580,Nori,Seattle,United States,Energy,Unknown,,,10.0,1-49,2023-04-10,2023,Q2,4,April,15,False,False,,https://www.geekwire.com/2023/carbon-removal-startup-nori-lays-off-10-employees-citing-market-concerns/,Layoffs.fyi
L01581,Simpl,"Bengaluru,Non-U.S.",India,Finance,Series B,,,150.0,50-199,2023-04-09,2023,Q2,4,April,14,False,False,,https://entrackr.com/2023/04/exclusive-bnpl-startup-simpl-layoffs-over-150-employees/,Layoffs.fyi
L01582,Practo,"Bengaluru,Non-U.S.",India,Healthcare,Series D,,,41.0,1-49,2023-04-08,2023,Q2,4,April,14,False,False,,https://inc42.com/buzz/practo-fires-41-employees-over-performance-issues/?utm_source=ActiveCampaign&utm_medium=email&utm_content=Insurance-Dekho+s+LIC+Playbook+%7C+Layoffs+At+Practo%2C+ZestMoney+%7C+Online+Betting+Ads+Under+Govt+s+Radar&utm_campaign=Morning+Newsletter+-+New+Template+8+April&vgo_ee=PV2n3HwtkpF6%2FSWkTE%2BLbU2PnrHTL7zklbRFWZn49c8%2FivNE%2BQ%3D%3D%3AjFxYJjNMz0p5NucAgOKx1lsiGYMyZigG,Layoffs.fyi
L01583,Pear Therapeutics,Boston,United States,Healthcare,Post-IPO,,,170.0,50-199,2023-04-07,2023,Q2,4,April,14,False,False,,https://www.statnews.com/2023/04/07/pear-therapeutics-bankruptcy-stock-sale/,Layoffs.fyi
L01584,Workit Health,Ann Arbor,United States,Healthcare,Series C,,,100.0,50-199,2023-04-07,2023,Q2,4,April,14,False,False,,https://bhbusiness.com/2023/04/07/virtual-sud-provider-workit-lays-off-100-employees-in-anticipation-of-dea-crackdown/,Layoffs.fyi
L01585,ZestMoney,"Bengaluru,Non-U.S.",India,Finance,Series C,,,100.0,50-199,2023-04-07,2023,Q2,4,April,14,False,False,,https://www.moneycontrol.com/news/business/announcements/zestmoney-weighs-layoffs-as-deal-with-phonepe-falls-through-10342251.html,Layoffs.fyi
L01586,Absolute Software,"Vancouver,Non-U.S.",Canada,Security,Post-IPO,,,40.0,1-49,2023-04-06,2023,Q2,4,April,14,False,False,,https://www.absolute.com/company/press-releases/2023/absolute-software-announces-workforce-restructuring/,Layoffs.fyi
L01587,Avocargo,"Berlin,Non-U.S.",Germany,Transportation,Seed,,,16.0,1-49,2023-04-06,2023,Q2,4,April,14,False,False,,https://www.businessinsider.de/gruenderszene/automotive-mobility/lastenrad-startup-avocargo-stellt-betrieb-ein/,Layoffs.fyi
L01589,Amplitude,SF Bay Area,United States,Data,Post-IPO,,,99.0,50-199,2023-04-05,2023,Q2,4,April,14,False,False,,https://amplitude.com/blog/team-update,Layoffs.fyi
L01588,Dunzo,"Bengaluru,Non-U.S.",India,Food,Unknown,,,300.0,200-999,2023-04-05,2023,Q2,4,April,14,False,False,,https://economictimes.indiatimes.com/tech/newsletters/morning-dispatch/scoop-dunzo-secures-75m-via-convertible-notes-fires-30-staff-tim-cook-may-visit-india-as-apple-opens-first-company-owned-store/articleshow/99281436.cms,Layoffs.fyi
L01590,Talent.com,"Montreal,Non-U.S.",Canada,Recruiting,Series B,,,86.0,50-199,2023-04-05,2023,Q2,4,April,14,False,False,,https://aimgroup.com/2023/04/05/talent-com-cuts-25-of-staff-source-says/,Layoffs.fyi
L01591,1K Kirana,"Gurugram,Non-U.S.",India,Retail,Series B,,,600.0,200-999,2023-04-04,2023,Q2,4,April,14,False,False,,https://www.moneycontrol.com/news/business/startup/info-edge-ventures-backed-1k-kirana-lays-off-40-workforce-to-restructure-business-10359421.html,Layoffs.fyi
L01594,Boost,New York City,United States,Finance,Series B,,,15.0,1-49,2023-04-04,2023,Q2,4,April,14,False,False,,https://boostinsurance.com/blog/a-message-from-boost-ceo-alex-maffeo/,Layoffs.fyi
L01593,Finder,"Sydney,Non-U.S.",Australia,Retail,Unknown,,,40.0,1-49,2023-04-04,2023,Q2,4,April,14,False,False,,https://www.smh.com.au/technology/finder-cuts-staff-for-the-second-time-in-three-months-20230404-p5cxwr.html,Layoffs.fyi
L01592,Foundation Medicine,Boston,United States,Healthcare,Acquired,,,135.0,50-199,2023-04-04,2023,Q2,4,April,14,False,False,,https://www.foundationmedicine.com/blog/a-strong-foundation-for-the-future,Layoffs.fyi
L01598,Guideline,SF Bay Area,United States,Finance,Series E,,,48.0,1-49,2023-04-03,2023,Q2,4,April,14,False,False,,https://layoffstracker.com/guideline-to-lay-off-48-employees-11-workforce/,Layoffs.fyi
L01596,Hyland Software,Cleveland,United States,Other,Acquired,,,1000.0,"1,000-4,999",2023-04-03,2023,Q2,4,April,14,True,False,,https://www.cleveland.com/news/2023/04/westlake-based-hyland-software-will-layoff-1000-employees-20-of-workforce.html?outputType=amp,Layoffs.fyi
L01599,Textio,Seattle,United States,Recruiting,Unknown,,,15.0,1-49,2023-04-03,2023,Q2,4,April,14,False,False,,https://www.geekwire.com/2020/textio-lays-off-30-amid-covid-19-seattle-startup-hopes-ai-writing-tech-will-aid-job-seekers/,Layoffs.fyi
L01597,View,SF Bay Area,United States,Other,Post-IPO,,,170.0,50-199,2023-04-03,2023,Q2,4,April,14,False,False,,https://therealdeal.com/national/2023/04/03/view-cuts-23-of-staff-seeks-funds-to-survive-2023/,Layoffs.fyi
L01602,Domestika,"Madrid,Non-U.S.",Spain,Education,Series D,,,89.0,50-199,2023-03-31,2023,Q1,3,March,13,False,False,,https://www.lavanguardia.com/economia/20230331/8869692/domestika-prepara-ere-despedir-89-personas-espana.html,Layoffs.fyi
L01609,Crossbeam,Philadelphia,United States,Sales,Series C,,,17.0,1-49,2023-03-30,2023,Q1,3,March,13,False,False,,https://technical.ly/startups/crossbeam-layoffs-2023/ ,Layoffs.fyi
L01607,FanClash,"Gurugram,Non-U.S.",India,Consumer,Series B,,,100.0,50-199,2023-03-30,2023,Q1,3,March,13,False,False,,https://inc42.com/buzz/exclusive-sequoia-backed-fanclash-fires-75-workforce-within-a-year-of-raising-40-mn/,Layoffs.fyi
L01604,Hulu,"Beijing,Non-U.S.",China,Media,Acquired,,,200.0,200-999,2023-03-30,2023,Q1,3,March,13,False,False,,https://en.pingwest.com/w/11542,Layoffs.fyi
L01606,LendingTree,Charlotte,United States,Finance,Post-IPO,,,150.0,50-199,2023-03-30,2023,Q1,3,March,13,False,False,,https://www.wsoctv.com/news/local/lendingtree-cutting-workforce-by-13-latest-layoff-round/264JH3PRKNE4TH3HUR5WA7T6XU/,Layoffs.fyi
L01608,Loop,Austin,United States,Finance,Series A,,,19.0,1-49,2023-03-30,2023,Q1,3,March,13,False,False,,https://coverager.com/loop-conducts-another-round-of-layoffs/,Layoffs.fyi
L01605,Roku,SF Bay Area,United States,Media,Post-IPO,,,200.0,200-999,2023-03-30,2023,Q1,3,March,13,False,False,,https://www.reuters.com/technology/streaming-device-maker-roku-cut-200-jobs-second-round-layoffs-2023-03-30/,Layoffs.fyi
L01610,Spotify,"Stockholm,Non-U.S.",Sweden,Media,Post-IPO,,,15.0,1-49,2023-03-30,2023,Q1,3,March,13,False,False,,https://www.bloomberg.com/news/newsletters/2023-03-30/tensions-flare-inside-npr-after-staff-layoffs-and-town-halls,Layoffs.fyi
L01617,CoverMyMeds,Columbus,United States,Healthcare,Acquired,,,800.0,200-999,2023-03-29,2023,Q1,3,March,13,False,False,,https://www.dispatch.com/story/business/information-technology/2023/03/29/covermymeds-latest-columbus-tech-firm-to-lay-off-hundreds/70059386007/,Layoffs.fyi
L01620,Drizly,Boston,United States,Retail,Acquired,,,100.0,50-199,2023-03-29,2023,Q1,3,March,13,False,False,,https://www.brewbound.com/news/drizly-employees-affected-by-layoff-tidal-wave/,Layoffs.fyi
L01618,Electronic Arts,SF Bay Area,United States,Consumer,Post-IPO,,,780.0,200-999,2023-03-29,2023,Q1,3,March,13,False,False,,https://www.wsj.com/articles/electronic-arts-says-it-is-laying-off-6-of-workforce-d9c2b7e1?mod=djemalertNEWS,Layoffs.fyi
L01619,Seagate,SF Bay Area,United States,Hardware,Post-IPO,,,480.0,200-999,2023-03-29,2023,Q1,3,March,13,False,False,,https://in.investing.com/news/seagate-unveils-further-round-of-layoffs-citing-economic-uncertainty-3578578,Layoffs.fyi
L01621,iCAD,Nashua,United States,Healthcare,Post-IPO,,,23.0,1-49,2023-03-29,2023,Q1,3,March,13,False,False,,https://www.medtechdive.com/news/iCAD-AI-layoffs-new-ceo/646300/,Layoffs.fyi
L01627,AEye,SF Bay Area,United States,Transportation,Post-IPO,,,46.0,1-49,2023-03-28,2023,Q1,3,March,13,False,False,,https://investors.aeye.ai/node/8921/html,Layoffs.fyi
L01626,Blue Nile,Seattle,United States,Retail,Acquired,,,119.0,50-199,2023-03-28,2023,Q1,3,March,13,False,False,,https://www.retaildive.com/news/blue-nile-to-lay-off-119-workers-close-seattle-fulfillment-center/646172/,Layoffs.fyi
L01625,Lucid Motors,SF Bay Area,United States,Transportation,Post-IPO,,,1300.0,"1,000-4,999",2023-03-28,2023,Q1,3,March,13,True,False,,https://techcrunch.com/2023/03/28/lucid-to-lay-off-1300-employees-in-restructuring/,Layoffs.fyi
L01628,Rackspace,San Antonio,United States,Data,Acquired,,,275.0,200-999,2023-03-27,2023,Q1,3,March,13,False,False,,https://www.bizjournals.com/sanantonio/news/2023/03/27/rackspace-reducing-workforce.html,Layoffs.fyi
L01630,Aspiration,Los Angeles,United States,Finance,Unknown,,,170.0,50-199,2023-03-24,2023,Q1,3,March,12,False,False,,"https://ccwd.hecc.oregon.gov/Layoff/uploads/LOT8534/WARN%208534%20Aspirations,%20OR%20-%20Govt%20Official%20WARN%20letter.pdf",Layoffs.fyi
L01632,Cimpress,"Paris,Non-U.S.",France,Retail,Post-IPO,,,500.0,200-999,2023-03-23,2023,Q1,3,March,12,False,False,,https://www.marketwatch.com/story/cimpress-plans-to-cut-about-500-jobs-768d3efc,Layoffs.fyi
L01634,Glovo,"Barcelona,Non-U.S.",Spain,Food,Acquired,,,140.0,50-199,2023-03-23,2023,Q1,3,March,12,False,False,,https://www.eldiario.es/economia/glovo-acuerda-ere-oficinas-despedir-140-trabajadores_1_10061101.html,Layoffs.fyi
L01636,Slite,"Paris,Non-U.S.",France,Other,Series A,,,10.0,1-49,2023-03-23,2023,Q1,3,March,12,False,False,,https://www.linkedin.com/posts/christophepasquier_we-always-pride-ourselves-to-grow-healthily-activity-7044698064845971456-s_EB/,Layoffs.fyi
L01635,TakeOff,"Kyiv,Non-U.S.",Ukraine,Retail,Unknown,,,50.0,50-199,2023-03-23,2023,Q1,3,March,12,False,False,,https://dou.ua/lenta/news/takeoff-layoff/?,Layoffs.fyi
L01633,Veeam,Columbus,United States,Data,Acquired,,,200.0,200-999,2023-03-23,2023,Q1,3,March,12,False,False,,https://blocksandfiles.com/2023/03/23/200-people-get-laid-off-by-veeam/,Layoffs.fyi
L01639,Glassdoor,SF Bay Area,United States,HR,Acquired,,,140.0,50-199,2023-03-22,2023,Q1,3,March,12,False,False,,https://www.glassdoor.com/about-us/a-message-from-glassdoor-ceo-christian-sutherland-wong/,Layoffs.fyi
L01637,Indeed,Austin,United States,HR,Acquired,,,2200.0,"1,000-4,999",2023-03-22,2023,Q1,3,March,12,True,False,,https://www.indeed.com/press/releases/a-message-from-our-ceo-chris-hyams,Layoffs.fyi
L01638,Logitech,"Geneva,Non-U.S.",Switzerland,Hardware,Post-IPO,,,300.0,200-999,2023-03-22,2023,Q1,3,March,12,False,False,,https://www.bloomberg.com/news/articles/2023-03-22/logitech-cuts-300-jobs-on-post-covid-slump-in-computer-gadgets?srnd=technology-vp#xj4y7vzkg,Layoffs.fyi
L01640,Wejo,"Chester,Non-U.S.",United Kingdom,Transportation,Post-IPO,,,40.0,1-49,2023-03-22,2023,Q1,3,March,12,False,False,,https://wejo.gcs-web.com/node/7461/html,Layoffs.fyi
L01647,FreshBooks,"Toronto,Non-U.S.",Canada,Finance,Unknown,,,80.0,50-199,2023-03-21,2023,Q1,3,March,12,False,False,,https://betakit.com/freshbooks-lays-off-10-percent-of-staff/,Layoffs.fyi
L01644,Just Eat,"London,Non-U.S.",United Kingdom,Food,Acquired,,,1700.0,"1,000-4,999",2023-03-21,2023,Q1,3,March,12,True,False,,https://www.yahoo.com/entertainment/just-eat-lay-off-1-124953457.html,Layoffs.fyi
L01645,Marvell,SF Bay Area,United States,Hardware,Post-IPO,,,320.0,200-999,2023-03-21,2023,Q1,3,March,12,False,False,,https://www.bloomberg.com/news/articles/2023-03-21/marvell-to-cut-4-of-workforce-in-response-to-chip-slowdown?leadSource=uverify%20wall,Layoffs.fyi
L01649,Mr Yum,"Melbourne,Non-U.S.",Australia,Food,Series A,,,40.0,1-49,2023-03-21,2023,Q1,3,March,12,False,False,,https://www.linkedin.com/feed/update/urn:li:activity:7043914147142520832/,Layoffs.fyi
L01650,Smallcase,"Bengaluru,Non-U.S.",India,Finance,Series C,,,15.0,1-49,2023-03-21,2023,Q1,3,March,12,False,False,,https://www.businesstoday.in/entrepreneurship/news/story/startup-layoffs-sequoia-backed-smallcase-lays-off-4-employees-374171-2023-03-20,Layoffs.fyi
L01646,Workhuman,"Dublin,Non-U.S.",Ireland,HR,Unknown,,,130.0,50-199,2023-03-21,2023,Q1,3,March,12,False,False,,https://www.independent.ie/business/technology/irish-tech-unicorn-workhuman-to-lay-off-10pc-of-staff-42397380.html,Layoffs.fyi
L01648,Xing,"Hamburg,Non-U.S.",Germany,HR,Series A,,,68.0,50-199,2023-03-21,2023,Q1,3,March,12,False,False,,https://www.mopo.de/hamburg/wegen-neuer-ausrichtung-hamburgs-job-netzwerk-xing-entlaesst-68-mitarbeiter/,Layoffs.fyi
L01655,Amazon,Seattle,United States,Retail,Post-IPO,,,9000.0,"5,000+",2023-03-20,2023,Q1,3,March,12,True,True,,https://www.cnbc.com/2023/03/20/amazon-layoffs-company-to-cut-off-9000-more-workers.html,Layoffs.fyi
L01657,Livspace,"Bengaluru,Non-U.S.",India,Retail,Series F,,,100.0,50-199,2023-03-17,2023,Q1,3,March,11,False,False,,https://inc42.com/buzz/exclusive-home-decor-unicorn-livspace-lays-off-100-employees/,Layoffs.fyi
L01658,Symend,"Calgary,Non-U.S.",Canada,Other,Series C,,,50.0,50-199,2023-03-17,2023,Q1,3,March,11,False,False,,https://betakit.com/symend-reduces-team-by-25-percent-in-restructuring-four-months-after-54-million-round/,Layoffs.fyi
L01661,Coherent,SF Bay Area,United States,Manufacturing,Post-IPO,,,108.0,50-199,2023-03-16,2023,Q1,3,March,11,False,False,,https://www.siliconvalley.com/2023/03/16/coherent-fremont-job-cut-tech-layoff-google-facebook-twitter-economy/,Layoffs.fyi
L01663,Course Hero,SF Bay Area,United States,Education,Series C,,,42.0,1-49,2023-03-16,2023,Q1,3,March,11,False,False,,https://techcrunch.com/2023/03/16/course-hero-edtech-unicorn-last-valued-at-3-6-billion-conducts-layoffs/,Layoffs.fyi
L01660,Freshworks,SF Bay Area,United States,Support,Post-IPO,,,114.0,50-199,2023-03-16,2023,Q1,3,March,11,False,False,,https://www.moneycontrol.com/news/business/freshworks-undertakes-another-round-of-layoffs-10259901.html,Layoffs.fyi
L01664,Leafly,Seattle,United States,Retail,Post-IPO,,,40.0,1-49,2023-03-16,2023,Q1,3,March,11,False,False,,https://www.geekwire.com/2023/leafly-reportedly-lays-off-employees-for-second-time-in-a-year/,Layoffs.fyi
L01662,Runtastic,"Linz,Non-U.S.",Austria,Fitness,Acquired,,,70.0,50-199,2023-03-16,2023,Q1,3,March,11,False,False,,"https://www.nachrichten.at/wirtschaft/runtastic-streicht-70-von-250-stellen-in-oesterreich;art15,3804088a",Layoffs.fyi
L01668,Boxed,New York City,United States,Retail,Post-IPO,,,32.0,1-49,2023-03-15,2023,Q1,3,March,11,False,False,,https://www.crainsnewyork.com/technology/e-commerce-firm-boxedcom-shed-25-staff-it-looks-buyer,Layoffs.fyi
L01667,Dukaan,"Bengaluru,Non-U.S.",India,Retail,Series A,,,56.0,50-199,2023-03-15,2023,Q1,3,March,11,False,False,,https://inc42.com/buzz/exclusive-lightspeed-backed-dukaan-lays-off-30-workforce/,Layoffs.fyi
L01666,Klaviyo,Boston,United States,Marketing,Unknown,,,140.0,50-199,2023-03-15,2023,Q1,3,March,11,False,False,,https://techcrunch.com/2023/03/15/klaviyo-conducts-company-wide-layoffs/,Layoffs.fyi
L01669,Nubank,"Sao Paulo,Non-U.S.",Brazil,Finance,Post-IPO,,,30.0,1-49,2023-03-15,2023,Q1,3,March,11,False,False,,https://brazilian.report/liveblog/politics-insider/2023/06/07/nubank-layoffs-restructuring/,Layoffs.fyi
L01670,TradeWindow,"Auckland,Non-U.S.",New Zealand,Finance,Series B,,,25.0,1-49,2023-03-15,2023,Q1,3,March,11,False,False,,https://www.nbr.co.nz/investment/tradewindow-to-cut-a-third-of-workforce/,Layoffs.fyi
L01674,Anchorage Digital,SF Bay Area,United States,Crypto,Series D,,,75.0,50-199,2023-03-14,2023,Q1,3,March,11,False,False,,https://www.theinformation.com/briefings/crypto-bank-anchorage-digital-lays-off-20-of-staff,Layoffs.fyi
L01675,Avidbots,"Kitchener,Non-U.S.",Canada,Hardware,Series C,,,50.0,50-199,2023-03-14,2023,Q1,3,March,11,False,False,,https://www.therecord.com/business/2023/03/14/very-difficult-decision-kitchener-robotics-firm-avidbots-confirms-layoffs.html,Layoffs.fyi
L01673,Fetch,Madison,United States,Retail,Series E,,,100.0,50-199,2023-03-14,2023,Q1,3,March,11,False,False,,https://www.theinformation.com/articles/softbank-backed-fetch-rewards-cuts-staff-amid-shopping-slowdown?rc=yjxoek,Layoffs.fyi
L01677,Kaleidoscope,Minneapolis,United States,Finance,Series A,,,15.0,1-49,2023-03-14,2023,Q1,3,March,11,False,False,,https://www.bizjournals.com/twincities/inno/stories/news/2023/03/14/minneapolis-fintech-startup-layoff-kaleidoscope.html,Layoffs.fyi
L01672,Meta,SF Bay Area,United States,Consumer,Post-IPO,,,10000.0,"5,000+",2023-03-14,2023,Q1,3,March,11,True,True,,https://about.fb.com/news/2023/03/mark-zuckerberg-meta-year-of-efficiency/,Layoffs.fyi
L01676,Samsung,SF Bay Area,United States,Hardware,Post-IPO,,,30.0,1-49,2023-03-14,2023,Q1,3,March,11,False,False,,https://www.zeebiz.com/companies/news-samsung-layoffs-2023-south-korean-giant-cuts-3-jobs-at-us-chip-subsidiary-225788,Layoffs.fyi
L01679,Cookpad,"Tokyo,Non-U.S.",Japan,Consumer,Unknown,,,80.0,50-199,2023-03-10,2023,Q1,3,March,10,False,False,,https://www.nikkei.com/article/DGXZQOUC109F70Q3A310C2000000/,Layoffs.fyi
L01678,GoTo Group,"Jakarta,Non-U.S.",Indonesia,Transportation,Post-IPO,,,600.0,200-999,2023-03-10,2023,Q1,3,March,10,False,False,,https://www.reuters.com/technology/indonesia-tech-firm-goto-announces-layoffs-impacts-around-600-roles-statement-2023-03-10/,Layoffs.fyi
L01682,Gopuff,Philadelphia,United States,Food,Series H,,,100.0,50-199,2023-03-09,2023,Q1,3,March,10,False,False,,https://www.bloomberg.com/news/articles/2023-03-09/gopuff-fires-2-of-workforce-in-latest-round-of-job-cuts#xj4y7vzkg,Layoffs.fyi
L01684,Morning Brew,New York City,United States,Media,Acquired,,,40.0,1-49,2023-03-09,2023,Q1,3,March,10,False,False,,https://www.axios.com/2023/03/09/morning-brew-lays-off-40-people,Layoffs.fyi
L01681,Shopee,"Jakarta,Non-U.S.",Indonesia,Food,Unknown,,,200.0,200-999,2023-03-09,2023,Q1,3,March,10,False,False,,https://www.techinasia.com/shopee-conducts-new-layoffs-in-indonesia,Layoffs.fyi
L01683,Wave Financial,"Toronto,Non-U.S.",Canada,Finance,Acquired,,,50.0,50-199,2023-03-09,2023,Q1,3,March,10,False,False,,https://thelogic.co/briefing/fintech-wave-financial-lays-off-50-employees/,Layoffs.fyi
L01680,Xero,"Wellington,Non-U.S.",New Zealand,Finance,Post-IPO,,,800.0,200-999,2023-03-09,2023,Q1,3,March,10,False,False,,https://www.stuff.co.nz/business/300826021/xero-plans-to-cut-up-to-800-jobs,Layoffs.fyi
L01688,Wattpad,"Toronto,Non-U.S.",Canada,Media,Acquired,,,42.0,1-49,2023-03-08,2023,Q1,3,March,10,False,False,,https://betakit.com/wattpad-lays-off-15-percent-of-workforce/,Layoffs.fyi
L01690,Pristyn Care,"Gurugram,Non-U.S.",India,Healthcare,Series E,,,300.0,200-999,2023-03-07,2023,Q1,3,March,10,False,False,,https://yourstory.com/2023/03/sequoia-backed-pristyn-care-lays-off-300-employees-shuts-medical-tourism-vertical,Layoffs.fyi
L01691,Zwift,Los Angeles,United States,Fitness,Series C,,,80.0,50-199,2023-03-07,2023,Q1,3,March,10,False,False,,https://www.dcrainmaker.com/2023/03/zwift-layoffs-announces-reducing-workforce.html,Layoffs.fyi
L01698,Alerzo,"Ibadan,Non-U.S.",Nigeria,Retail,Series B,,,400.0,200-999,2023-03-06,2023,Q1,3,March,10,False,False,,https://techcabal.com/2023/03/06/alerzo-lays-off-900/,Layoffs.fyi
L01696,Atlassian,"Sydney,Non-U.S.",Australia,Other,Post-IPO,,,500.0,200-999,2023-03-06,2023,Q1,3,March,10,False,False,,https://www.cnbc.com/2023/03/06/atlassian-cuts-5percent-of-headcount-as-it-focuses-on-high-priority-areas.html,Layoffs.fyi
L01701,HomeLane,"Bengaluru,Non-U.S.",India,Retail,Series E,,,30.0,1-49,2023-03-06,2023,Q1,3,March,10,False,False,,https://www.thehindubusinessline.com/companies/homelane-lays-off-30-40-employees-in-product-tech-roles/article66587127.ece,Layoffs.fyi
L01697,SiriusXM,New York City,United States,Media,Post-IPO,,,475.0,200-999,2023-03-06,2023,Q1,3,March,10,False,False,,https://variety.com/2023/digital/news/siriusxm-layoffs-465-employees-1235543907/,Layoffs.fyi
L01699,UKG,Miami,United States,HR,Unknown,,,265.0,200-999,2023-03-06,2023,Q1,3,March,10,False,False,,https://www.bizjournals.com/boston/news/2023/03/09/ukg-cuts-over-260-positions-worldwide.html,Layoffs.fyi
L01700,UpGrad,"Mumbai,Non-U.S.",India,Education,Unknown,,,120.0,50-199,2023-03-06,2023,Q1,3,March,10,False,False,,https://www.financialexpress.com/industry/upgrad-lays-off-30-workforce-at-subsidiary/3000299/lite/,Layoffs.fyi
L01703,No Fluff Jobs,"Gydnia,Non-U.S.",Poland,HR,Acquired,,,13.0,1-49,2023-03-04,2023,Q1,3,March,9,False,False,,https://www.wirtualnemedia.pl/artykul/zwolnienia-no-fluff-jobs-praca-oferty,Layoffs.fyi
L01708,Airbnb,SF Bay Area,United States,Travel,Post-IPO,,,30.0,1-49,2023-03-03,2023,Q1,3,March,9,False,False,,https://www.bloomberg.com/news/articles/2023-03-03/airbnb-layoffs-hit-recruiting-staff-even-as-it-selectively-hires,Layoffs.fyi
L01705,Embark Trucks,SF Bay Area,United States,Transportation,Post-IPO,,,230.0,200-999,2023-03-03,2023,Q1,3,March,9,False,False,,https://techcrunch.com/2023/03/03/embark-trucks-lays-off-workers-explores-liquidation-of-self-driving-truck-assets/,Layoffs.fyi
L01706,Lendi,"Sydney,Non-U.S.",Australia,Real Estate,Unknown,,,100.0,50-199,2023-03-03,2023,Q1,3,March,9,False,False,,https://www.theaustralian.com.au/business/financial-services/cbabacked-lendi-cuts-jobs-amid-slowing-home-loan-market/news-story/2c3af53306e8f7142076c19a9b2914bb?amp&nk=0a6e5860a1d2cd2b0ebc810544084b9b-1677884919,Layoffs.fyi
L01704,Loft,"Sao Paulo,Non-U.S.",Brazil,Real Estate,Unknown,,,340.0,200-999,2023-03-03,2023,Q1,3,March,9,False,False,,https://startups.com.br/demissoes/loft/,Layoffs.fyi
L01707,UserTesting,SF Bay Area,United States,Marketing,Acquired,,,63.0,50-199,2023-03-03,2023,Q1,3,March,9,False,False,,https://www.bizjournals.com/sanfrancisco/news/2023/03/03/usertesting-userzoom-thoma-bravo-layoffs-sunstone.html,Layoffs.fyi
L01713,Ambev Tech,"Blumenau,Non-U.S.",Brazil,Food,Acquired,,,50.0,50-199,2023-03-02,2023,Q1,3,March,9,False,False,,https://omunicipioblumenau.com.br/economia-em-pauta-ambev-tech-de-blumenau-demite-50-funcionarios-e-interrompe-abertura-de-vagas/,Layoffs.fyi
L01715,CNET,SF Bay Area,United States,Media,Acquired,,,12.0,1-49,2023-03-02,2023,Q1,3,March,9,False,False,,https://www.theverge.com/2023/3/2/23622231/cnet-layoffs-ai-articles-seo-red-ventures,Layoffs.fyi
L01714,Fittr,"Pune,Non-U.S.",India,Fitness,Series A,,,30.0,1-49,2023-03-02,2023,Q1,3,March,9,False,False,,https://inc42.com/buzz/exclusive-fittr-lays-off-11-of-workforce-after-losses-pile-up/,Layoffs.fyi
L01712,MasterClass,SF Bay Area,United States,Education,Series E,,,79.0,50-199,2023-03-02,2023,Q1,3,March,9,False,False,,https://www.bizjournals.com/sanfrancisco/news/2023/03/02/masterclass-yanka-layoffs-education-tech-celebs.html,Layoffs.fyi
L01711,Zscaler,SF Bay Area,United States,Security,Post-IPO,,,177.0,50-199,2023-03-02,2023,Q1,3,March,9,False,False,,https://www.crn.com/news/security/zscaler-discloses-layoffs-for-3-percent-of-employees,Layoffs.fyi
L01723,Color Health,SF Bay Area,United States,Healthcare,Series E,,,300.0,200-999,2023-03-01,2023,Q1,3,March,9,False,False,,https://www.beckershospitalreview.com/digital-health/color-health-lays-off-300-employees-amid-shift-away-from-covid-19-testing.html,Layoffs.fyi
L01725,PayFit,"Paris,Non-U.S.",France,HR,Series E,,,200.0,200-999,2023-03-01,2023,Q1,3,March,9,False,False,,https://www.lesechos.fr/start-up/next40-vivatech/payfit-se-separe-de-20-de-ses-effectifs-1910932,Layoffs.fyi
L01727,Sonder,SF Bay Area,United States,Travel,Post-IPO,,,100.0,50-199,2023-03-01,2023,Q1,3,March,9,False,False,,https://www.sec.gov/ix?doc=/Archives/edgar/data/0001819395/000181939523000010/son-20230301.htm,Layoffs.fyi
L01721,Thoughtworks,Chicago,United States,Other,Post-IPO,,,500.0,200-999,2023-03-01,2023,Q1,3,March,9,False,False,,https://techcrunch.com/2023/03/01/thoughtworks-layoffs-economic-slowdown/,Layoffs.fyi
L01724,Waymo,SF Bay Area,United States,Transportation,Subsidiary,,,209.0,200-999,2023-03-01,2023,Q1,3,March,9,False,False,,https://www.theinformation.com/articles/alphabets-robotaxi-unit-waymo-says-it-laid-off-8,Layoffs.fyi
L01726,Yellow.ai,SF Bay Area,United States,Support,Series C,,,200.0,200-999,2023-03-01,2023,Q1,3,March,9,False,False,,https://inc42.com/buzz/conversational-ai-startup-yellow-ai-fires-200-employees/,Layoffs.fyi
L01722,iFood,"Sao Paulo,Non-U.S.",Brazil,Food,Subsidiary,,,355.0,200-999,2023-03-01,2023,Q1,3,March,9,False,False,,https://economia.uol.com.br/noticias/redacao/2023/03/01/ifood-demissao-funcionarios.htm,Layoffs.fyi
L01729,Electronic Arts,Baton Rouge,United States,Consumer,Post-IPO,,,200.0,200-999,2023-02-28,2023,Q1,2,February,9,False,False,,https://kotaku.com/ea-apex-legends-bugs-layoffs-respawn-zoom-1850168472,Layoffs.fyi
L01730,Eventbrite,SF Bay Area,United States,Consumer,Post-IPO,,,80.0,50-199,2023-02-28,2023,Q1,2,February,9,False,False,,https://www.reuters.com/markets/us/ticketing-service-provider-eventbrite-lay-off-8-workforce-2023-02-28/,Layoffs.fyi
L01731,Ezoic,San Diego,United States,Infrastructure,Series A,,,10.0,1-49,2023-02-28,2023,Q1,2,February,9,False,False,,https://www.businessinsider.com/an-adtech-employee-stole-a-9m-payment-sent-by-google-and-used-it-to-buy-gold-2023-4,Layoffs.fyi
L01736,Amount,Chicago,United States,Finance,Unknown,,,130.0,50-199,2023-02-27,2023,Q1,2,February,9,False,False,,https://www.chicagobusiness.com/finance-banking/fintech-amount-cuts-about-quarter-its-staff,Layoffs.fyi
L01735,Cerebral,SF Bay Area,United States,Healthcare,Series C,,,285.0,200-999,2023-02-27,2023,Q1,2,February,9,False,False,,https://www.businessinsider.com/cerebral-cuts-15-percent-staff-285-employees-layoffs-february-2023-2,Layoffs.fyi
L01738,Outreach,Seattle,United States,Sales,Series G,,,70.0,50-199,2023-02-27,2023,Q1,2,February,9,False,False,,https://www.geekwire.com/2023/sales-startup-outreach-to-lay-off-70-employees-7-of-workforce-and-slow-office-expansion/,Layoffs.fyi
L01737,Palantir,Denver,United States,Data,Post-IPO,,,75.0,50-199,2023-02-27,2023,Q1,2,February,9,False,False,,https://www.cnbc.com/2023/02/27/palantir-layoffs-75-employees-2percent-of-workforce.html,Layoffs.fyi
L01734,Sono Motors,"Munich,Non-U.S.",Germany,Transportation,Post-IPO,,,300.0,200-999,2023-02-27,2023,Q1,2,February,9,False,False,,https://twitter.com/sonomotors/status/1630246207137419264,Layoffs.fyi
L01739,Stytch,SF Bay Area,United States,Security,Series B,,,19.0,1-49,2023-02-27,2023,Q1,2,February,9,False,False,,https://www.bizjournals.com/sanfrancisco/inno/stories/news/2023/02/27/s-f-startup-stytch-lays-off-25-of-staff.html,Layoffs.fyi
L01740,BitSight,"Tel Aviv,Non-U.S.",Israel,Security,Unknown,,,40.0,1-49,2023-02-26,2023,Q1,2,February,8,False,False,,https://www.calcalistech.com/ctechnews/article/r1zxrmkri,Layoffs.fyi
L01741,Twitter,SF Bay Area,United States,Consumer,Post-IPO,,,200.0,200-999,2023-02-25,2023,Q1,2,February,8,False,False,,https://www.nytimes.com/2023/02/26/technology/twitter-layoffs.html,Layoffs.fyi
L01746,Eat Just,SF Bay Area,United States,Food,Unknown,,,40.0,1-49,2023-02-24,2023,Q1,2,February,8,False,False,,https://www.bloomberg.com/news/articles/2023-02-24/eat-just-to-cut-about-18-of-staff-in-plant-based-egg-division#xj4y7vzkg,Layoffs.fyi
L01742,Ericsson,"Stockholm,Non-U.S.",Sweden,Other,Post-IPO,,,8500.0,"5,000+",2023-02-24,2023,Q1,2,February,8,True,True,,https://www.reuters.com/business/media-telecom/ericsson-lay-off-8500-employees-memo-2023-02-24/,Layoffs.fyi
L01747,Lucira Health,SF Bay Area,United States,Healthcare,Post-IPO,,,26.0,1-49,2023-02-24,2023,Q1,2,February,8,False,False,,https://www.mercurynews.com/2023/02/24/tech-biotech-job-cut-san-jose-san-mateo-pleasanton-layoff-covid/,Layoffs.fyi
L01745,Medallia,SF Bay Area,United States,Support,Acquired,,,59.0,50-199,2023-02-24,2023,Q1,2,February,8,False,False,,https://www.mercurynews.com/2023/02/24/tech-biotech-job-cut-san-jose-san-mateo-pleasanton-layoff-covid/,Layoffs.fyi
L01743,SAP Labs,"Bengaluru,Non-U.S.",India,Other,Subsidiary,,,300.0,200-999,2023-02-24,2023,Q1,2,February,8,False,False,,https://economictimes.indiatimes.com/tech/technology/sap-labs-lays-off-300-staffers-in-india/articleshow/98189199.cms,Layoffs.fyi
L01748,Stax,Orlando,United States,Finance,Series D,,,24.0,1-49,2023-02-24,2023,Q1,2,February,8,False,False,,https://www.bizjournals.com/orlando/inno/stories/news/2023/02/24/florida-2023-tech-jobs-layoffs-stax-technology.html,Layoffs.fyi
L01744,Velodyne Lidar,SF Bay Area,United States,Transportation,Acquired,,,220.0,200-999,2023-02-24,2023,Q1,2,February,8,False,False,,https://www.mercurynews.com/2023/02/24/tech-biotech-job-cut-san-jose-san-mateo-pleasanton-layoff-covid/,Layoffs.fyi
L01754,EVgo,Los Angeles,United States,Transportation,Post-IPO,,,40.0,1-49,2023-02-23,2023,Q1,2,February,8,False,False,,https://www.businesswire.com/news/home/20230223005797/en/EVgo-Inc.-Aligns-Organization-Around-Growing-Its-Charging-Network,Layoffs.fyi
L01751,Merative,Ann Arbor,United States,Healthcare,Acquired,,,200.0,200-999,2023-02-23,2023,Q1,2,February,8,False,False,,https://www.theregister.com/2023/02/23/merative_job_cuts_ibm_watson/,Layoffs.fyi
L01752,OneFootball,"Berlin,Non-U.S.",Germany,Marketing,Series D,,,150.0,50-199,2023-02-23,2023,Q1,2,February,8,False,False,,https://www.businessinsider.de/gruenderszene/business/massenentlassung-onefootball/,Layoffs.fyi
L01755,StrongDM,SF Bay Area,United States,Infrastructure,Series B,,,40.0,1-49,2023-02-23,2023,Q1,2,February,8,False,False,,https://www.strongdm.com/blog/strongdm-company-update-letter-from-ceo-to-staff,Layoffs.fyi
L01753,The Iconic,"Sydney,Non-U.S.",Australia,Retail,Unknown,,,69.0,50-199,2023-02-23,2023,Q1,2,February,8,False,False,,https://insideretail.com.au/business/the-iconic-culls-69-roles-as-it-morphs-from-marketplace-to-platform-202302,Layoffs.fyi
L01759,Synamedia,"London,Non-U.S.",United Kingdom,Media,Unknown,,,200.0,200-999,2023-02-22,2023,Q1,2,February,8,False,False,,https://www.calcalistech.com/ctechnews/article/hk2uvdqcs,Layoffs.fyi
L01760,TaskUs,San Antonio,United States,Support,Post-IPO,,,186.0,50-199,2023-02-22,2023,Q1,2,February,8,False,False,,https://www.expressnews.com/business/article/taskus-layoff-186-employees-san-antonio-17798813.php,Layoffs.fyi
L01769,Basis Technologies,Chicago,United States,Marketing,Series B,,,40.0,1-49,2023-02-21,2023,Q1,2,February,8,False,False,,https://www.mediapost.com/publications/article/382752/basis-technologies-lays-off-employees-as-it-restru.html,Layoffs.fyi
L01770,Bolt,"Lagos,Non-U.S.",Nigeria,Transportation,Series F,,,17.0,1-49,2023-02-21,2023,Q1,2,February,8,False,False,,https://techpoint.africa/2023/02/21/bolt-lays-off-17-of-its-70-workers-in-nigeria/,Layoffs.fyi
L01767,Crunchyroll,"Tokyo,Non-U.S.",Japan,Media,Unknown,,,85.0,50-199,2023-02-21,2023,Q1,2,February,8,False,False,,https://www.animenewsnetwork.com/news/2023-02-21/crunchyroll-lays-off-approximately-85-employees-globally/.195161,Layoffs.fyi
L01768,Ethos Life,SF Bay Area,United States,Finance,Series D,,,50.0,50-199,2023-02-21,2023,Q1,2,February,8,False,False,,https://www.coverager.com/ethos-conducts-another-round-of-layoffs/,Layoffs.fyi
L01765,Green Labs,"Seoul,Non-U.S.",South Korea,Food,Series C,,,350.0,200-999,2023-02-21,2023,Q1,2,February,8,False,False,,https://techcrunch.com/2023/03/30/green-labs-secures-38-4m-in-debt-financing-about-a-month-after-conducting-layoff/,Layoffs.fyi
L01766,Polygon,"Bengaluru,Non-U.S.",India,Crypto,Unknown,,,100.0,50-199,2023-02-21,2023,Q1,2,February,8,False,False,,https://inc42.com/buzz/polygon-lays-off-20-of-its-workforce-as-part-of-consolidation-process/,Layoffs.fyi
L01775,Fireblocks,New York City,United States,Crypto,Series E,,,30.0,1-49,2023-02-20,2023,Q1,2,February,8,False,False,,https://www.calcalistech.com/ctechnews/article/rksbjrxro,Layoffs.fyi
L01776,Kinde,"Sydney,Non-U.S.",Australia,Other,Seed,,,8.0,1-49,2023-02-20,2023,Q1,2,February,8,False,False,,https://www.news.com.au/finance/work/at-work/sydney-technology-company-kinde-lays-off-285-of-staff-as-focus-moves-to-product-team/news-story/618e97ecfe4b7e088a6ff39a70a78bcb,Layoffs.fyi
L01774,MyGate,"Bengaluru,Non-U.S.",India,Other,Series B,,,200.0,200-999,2023-02-20,2023,Q1,2,February,8,False,False,,https://inc42.com/buzz/bengaluru-based-mygate-lays-off-30-workforce-amid-funding-winter/,Layoffs.fyi
L01778,HP,"Tel Aviv,Non-U.S.",Israel,Hardware,Post-IPO,,,100.0,50-199,2023-02-19,2023,Q1,2,February,7,False,False,,https://www.themarker.com/technation/2023-02-19/ty-article/.premium/00000186-692c-d22b-ad9e-7f6e08aa0000,Layoffs.fyi
L01782,Chipper Cash,SF Bay Area,United States,Finance,Series C,,,100.0,50-199,2023-02-17,2023,Q1,2,February,7,False,False,,https://techweez.com/2023/02/18/chipper-cash-fires-a-third-of-its-workforce/,Layoffs.fyi
L01781,Evernote,SF Bay Area,United States,Consumer,Acquired,,,129.0,50-199,2023-02-17,2023,Q1,2,February,7,False,False,,https://techcrunch.com/2023/02/27/bending-spoons-lays-off-129-evernote-staffers/,Layoffs.fyi
L01779,Micron,Boise,United States,Hardware,Post-IPO,,,2400.0,"1,000-4,999",2023-02-17,2023,Q1,2,February,7,True,False,,https://www.ktvb.com/article/money/business/micron-workforce-reduction-15-percent-worldwide-computer-memory-semiconductors-technology/277-d45fa4ac-e85f-4594-8ced-af9f4dc8911a,Layoffs.fyi
L01780,Tencent,"Shenzen,Non-U.S.",China,Consumer,Post-IPO,,,300.0,200-999,2023-02-17,2023,Q1,2,February,7,False,False,,https://brandequity.economictimes.indiatimes.com/news/digital/tencent-says-is-making-personnel-adjustments-after-report-of-layoffs/97998975,Layoffs.fyi
L01785,DocuSign,SF Bay Area,United States,Sales,Post-IPO,,,680.0,200-999,2023-02-16,2023,Q1,2,February,7,False,False,,https://www.cnbc.com/2023/02/16/docusign-layoffs-company-to-cut-10percent-of-workforce.html,Layoffs.fyi
L01786,Pico Interactive,SF Bay Area,United States,Other,Acquired,,,400.0,200-999,2023-02-16,2023,Q1,2,February,7,False,False,,https://pandaily.com/pico-starts-small-scale-layoffs-new-products-to-be-unveiled-in-april/,Layoffs.fyi
L01788,Smartsheet,Seattle,United States,Other,Post-IPO,,,85.0,50-199,2023-02-16,2023,Q1,2,February,7,False,False,,https://www.bizjournals.com/seattle/news/2023/02/16/smartsheet-lays-off-85-employees-globally.html,Layoffs.fyi
L01787,The RealReal,SF Bay Area,United States,Retail,Post-IPO,,,230.0,200-999,2023-02-16,2023,Q1,2,February,7,False,False,,https://www.theinformation.com/briefings/the-realreal-to-cut-7-of-headcount-close-some-stores-and-offices,Layoffs.fyi
L01796,Betterment,New York City,United States,Finance,Series F,,,28.0,1-49,2023-02-15,2023,Q1,2,February,7,False,False,,https://www.businessinsider.com/betterment-layoffs-digital-wealth-management-firm-cuts-costs-2023-2,Layoffs.fyi
L01794,DigitalOcean,New York City,United States,Infrastructure,Post-IPO,,,200.0,200-999,2023-02-15,2023,Q1,2,February,7,False,False,,https://www.theregister.com/2023/02/15/digitalocean_layoffs/,Layoffs.fyi
L01793,Jellysmack,"Paris,Non-U.S.",France,Media,Series C,,,208.0,200-999,2023-02-15,2023,Q1,2,February,7,False,False,,https://www.theinformation.com/articles/jellysmack-aims-to-cut-200-french-workers,Layoffs.fyi
L01792,Neon,"Sao Paulo,Non-U.S.",Brazil,Finance,Series D,,,210.0,200-999,2023-02-15,2023,Q1,2,February,7,False,False,,https://www.seudinheiro.com/2023/empresas/unicornio-neon-banco-digital-demissao-em-massa-lils/,Layoffs.fyi
L01791,ServiceTitan,Los Angeles,United States,Sales,Series G,,,221.0,200-999,2023-02-15,2023,Q1,2,February,7,False,False,,https://www.theinformation.com/briefings/servicetitan-cuts-8-percent-of-workforce,Layoffs.fyi
L01795,Sprinklr,New York City,United States,Support,Post-IPO,,,100.0,50-199,2023-02-15,2023,Q1,2,February,7,False,False,,https://techcrunch.com/2023/02/15/sprinklr-layoffs-2023/,Layoffs.fyi
L01790,Wix,"Tel Aviv,Non-U.S.",Israel,Marketing,Post-IPO,,,370.0,200-999,2023-02-15,2023,Q1,2,February,7,False,False,,https://www.calcalistech.com/ctechnews/article/s1lsqn5as,Layoffs.fyi
L01804,Blackbaud,Charleston,United States,Other,Post-IPO,,,500.0,200-999,2023-02-14,2023,Q1,2,February,7,False,False,,https://www.postandcourier.com/business/sc-tech-employer-blackbaud-has-cut-about-500-jobs-since-last-year/article_ef9dd60a-ac9b-11ed-8c4a-bbbeb9f0cda5.html,Layoffs.fyi
L01805,CommerceHub,Albany,United States,Retail,Acquired,,,371.0,200-999,2023-02-14,2023,Q1,2,February,7,False,False,,https://www.bizjournals.com/albany/news/2023/02/14/commercehub-channeladvisor-tech-layoffs.html,Layoffs.fyi
L01806,Dropp,"Berlin,Non-U.S.",Germany,Retail,Unknown,,,60.0,50-199,2023-02-14,2023,Q1,2,February,7,False,False,,https://www.businessinsider.de/gruenderszene/business/dropp-insolvenz-betrieb-eingestellt-arive/,Layoffs.fyi
L01815,Collective Health,SF Bay Area,United States,Healthcare,Series F,,,54.0,50-199,2023-02-13,2023,Q1,2,February,7,False,False,,https://www.linkedin.com/feed/update/urn:li:activity:7031422708764581888/,Layoffs.fyi
L01812,EMX Digital,New York City,United States,Marketing,Unknown,,,100.0,50-199,2023-02-13,2023,Q1,2,February,7,False,False,,https://www.businessinsider.com/big-village-bankruptcy-emx-digital-employees-furious-about-layoffs-severance-2023-2,Layoffs.fyi
L01811,Electric,New York City,United States,Other,Series D,,,141.0,50-199,2023-02-13,2023,Q1,2,February,7,False,False,,https://www.electric.ai/blog/open-letter-feb-2023,Layoffs.fyi
L01816,Magic Eden,SF Bay Area,United States,Crypto,Series B,,,22.0,1-49,2023-02-13,2023,Q1,2,February,7,False,False,,https://decrypt.co/121253/layoffs-hit-solana-nft-marketplace-magic-eden-sheds-22-employees,Layoffs.fyi
L01813,PetLove,"Sao Paulo,Non-U.S.",Brazil,Retail,Series C,,,94.0,50-199,2023-02-13,2023,Q1,2,February,7,False,False,,https://oglobo.globo.com/blogs/capital/post/2023/02/petlove-demite-quase-cem-funcionarios.ghtml,Layoffs.fyi
L01810,Twilio,SF Bay Area,United States,Other,Post-IPO,,,1500.0,"1,000-4,999",2023-02-13,2023,Q1,2,February,7,True,False,,https://www.cnbc.com/2023/02/13/twilio-layoffs-1500-employees-17percent-of-workforce.html,Layoffs.fyi
L01814,iRobot,Boston,United States,Consumer,Acquired,,,85.0,50-199,2023-02-13,2023,Q1,2,February,7,False,False,,https://www.cnbc.com/2023/02/13/irobot-layoffs-7percent-of-workforce-at-roomba-maker-let-go.html,Layoffs.fyi
L01821,Moladin,"Jakarta,Non-U.S.",Indonesia,Transportation,Series B,,,360.0,200-999,2023-02-12,2023,Q1,2,February,6,False,False,,https://aimgroup.com/2023/02/12/used-car-marketplace-moladin-lays-off-360/,Layoffs.fyi
L01825,Syft Technologies,"Auckland,Non-U.S.",New Zealand,Manufacturing,Private Equity,,,30.0,1-49,2023-02-10,2023,Q1,2,February,6,False,False,,https://www.stuff.co.nz/business/better-business/131199817/christchurch-tech-company-syft-to-shed-20-of-its-workforce,Layoffs.fyi
L01824,TikTok India,"Mumbai,Non-U.S.",India,Consumer,Acquired,,,40.0,1-49,2023-02-10,2023,Q1,2,February,6,False,False,,https://www.livemint.com/technology/tech-news/tiktok-sacks-entire-india-staff-report-11676001745604.html,Layoffs.fyi
L01823,Titan Medical,"Toronto,Non-U.S.",Canada,Healthcare,Post-IPO,,,48.0,1-49,2023-02-10,2023,Q1,2,February,6,False,False,,https://www.fiercebiotech.com/medtech/titan-medical-lays-70-staff-search-buyer-comes-short,Layoffs.fyi
L01822,TripleLift,New York City,United States,Marketing,Acquired,,,100.0,50-199,2023-02-10,2023,Q1,2,February,6,False,False,,https://www.adexchanger.com/online-advertising/triplelift-announces-layoffs-the-latest-in-a-miserable-trend/,Layoffs.fyi
L01835,Bark,New York City,United States,Retail,Post-IPO,,,126.0,50-199,2023-02-09,2023,Q1,2,February,6,False,False,,https://investors.bark.co/news/news-details/2023/BARK-Reports-Third-Quarter-Fiscal-Year-2023-Results/default.aspx,Layoffs.fyi
L01831,Deliveroo,"London,Non-U.S.",United Kingdom,Food,Post-IPO,,,350.0,200-999,2023-02-09,2023,Q1,2,February,6,False,False,,https://news.sky.com/story/deliveroo-to-cut-hundreds-of-jobs-globally-and-uk-to-be-worst-hit-12806890,Layoffs.fyi
L01834,GitLab,SF Bay Area,United States,Product,Post-IPO,,,130.0,50-199,2023-02-09,2023,Q1,2,February,6,False,False,,https://www.cnbc.com/2023/02/09/gitlab-layoffs-company-to-cut-7percent-of-staff-or-about-130-employees.html,Layoffs.fyi
L01830,Misfits Market,Philadelphia,United States,Food,Series C,,,649.0,200-999,2023-02-09,2023,Q1,2,February,6,False,False,,https://www.bizjournals.com/philadelphia/inno/stories/news/2023/02/09/misfits-market-layoffs-delanco-philadelphia.html,Layoffs.fyi
L01832,Olive AI,Columbus,United States,Healthcare,Series H,,,215.0,200-999,2023-02-09,2023,Q1,2,February,6,False,False,,https://www.axios.com/pro/health-tech-deals/2023/02/09/olive-ai-lays-off-third-company,Layoffs.fyi
L01833,Oportun,SF Bay Area,United States,Finance,Post-IPO,,,155.0,50-199,2023-02-09,2023,Q1,2,February,6,False,False,,https://seekingalpha.com/news/3934558-oportun-financial-to-lay-off-10-of-headcount-reports-q4-prelim-results,Layoffs.fyi
L01837,REE Automotive,"Tel Aviv,Non-U.S.",Israel,Transportation,Post-IPO,,,31.0,1-49,2023-02-09,2023,Q1,2,February,6,False,False,,https://www.calcalistech.com/ctechnews/article/s16tkompi,Layoffs.fyi
L01836,Veriff,"Tallinn,Non-U.S.",Estonia,Security,Series C,,,66.0,50-199,2023-02-09,2023,Q1,2,February,6,False,False,,https://digipro.geenius.ee/rubriik/uudis/veriff-koondab-66-tootajat-kotkas-meie-kasvuplaan-oli-oluliselt-ambitsioonikam/,Layoffs.fyi
L01829,Yahoo,SF Bay Area,United States,Consumer,Acquired,,,1600.0,"1,000-4,999",2023-02-09,2023,Q1,2,February,6,True,False,,https://www.axios.com/2023/02/09/yahoo-layoffs-2023-tech-media-companies,Layoffs.fyi
L01842,Affirm,SF Bay Area,United States,Finance,Post-IPO,,,500.0,200-999,2023-02-08,2023,Q1,2,February,6,False,False,,https://www.wsj.com/articles/affirm-cuts-500-employees-19-of-its-workforce-11675897002,Layoffs.fyi
L01845,Beam Benefits,Columbus,United States,Healthcare,Series E,,,31.0,1-49,2023-02-08,2023,Q1,2,February,6,False,False,,https://www.bizjournals.com/columbus/inno/stories/news/2023/02/16/beam-benefits-job-cuts.html,Layoffs.fyi
L01846,Equitybee,SF Bay Area,United States,Finance,Series B,,,24.0,1-49,2023-02-08,2023,Q1,2,February,6,False,False,,https://www.calcalistech.com/ctechnews/article/h1jkvzwpo,Layoffs.fyi
L01841,GoDaddy,Phoenix,United States,Marketing,Post-IPO,,,530.0,200-999,2023-02-08,2023,Q1,2,February,6,False,False,,https://techstartups.com/2023/02/08/godaddy-to-lay-off-8-of-its-workforce-or-about-530-employees-amid-global-economic-slowdown/,Layoffs.fyi
L01844,Gong,SF Bay Area,United States,Sales,Series E,,,80.0,50-199,2023-02-08,2023,Q1,2,February,6,False,False,,https://www.calcalistech.com/ctechnews/article/hjyj6811as,Layoffs.fyi
L01843,Gusto,SF Bay Area,United States,HR,Series E,,,126.0,50-199,2023-02-08,2023,Q1,2,February,6,False,False,,https://gusto.com/company-news/josh-reeves-message-to-all-gusto,Layoffs.fyi
L01856,LearnUpon,"Dublin,Non-U.S.",Ireland,Education,Private Equity,,,27.0,1-49,2023-02-07,2023,Q1,2,February,6,False,False,,https://www.independent.ie/business/technology/learnupon-to-let-27-go-as-tech-layoffs-continue-42331418.html,Layoffs.fyi
L01855,Openpay,"Melbourne,Non-U.S.",Australia,Finance,Post-IPO,,,83.0,50-199,2023-02-07,2023,Q1,2,February,6,False,False,,https://www.9news.com.au/finance/openpay-buy-now-pay-later-collapses-asx-listed-company/1fd1c0d8-4215-4e64-a9ed-9381e0d3f1a5,Layoffs.fyi
L01854,Salesloft,Atlanta,United States,Sales,Acquired,,,100.0,50-199,2023-02-07,2023,Q1,2,February,6,False,False,,https://www.bizjournals.com/atlanta/news/2023/02/07/salesloft-lays-off-workers.amp.html,Layoffs.fyi
L01853,SecureWorks,Atlanta,United States,Security,Post-IPO,,,212.0,200-999,2023-02-07,2023,Q1,2,February,6,False,False,,https://www.marketwatch.com/story/secureworks-to-cut-9-of-its-workforce-as-layoffs-could-affect-more-than-200-employees-01675779796,Layoffs.fyi
L01851,Zoom,SF Bay Area,United States,Other,Post-IPO,,,1300.0,"1,000-4,999",2023-02-07,2023,Q1,2,February,6,True,False,,https://www.cnbc.com/2023/02/07/zoom-to-lay-off-1300-employees-or-about-15percent-of-its-workforce.html,Layoffs.fyi
L01852,eBay,SF Bay Area,United States,Retail,Post-IPO,,,500.0,200-999,2023-02-07,2023,Q1,2,February,6,False,False,,https://www.reuters.com/technology/ebay-lay-off-500-employees-2023-02-07/,Layoffs.fyi
L01860,Catch.com.au,"Melbourne,Non-U.S.",Australia,Retail,Acquired,,,100.0,50-199,2023-02-06,2023,Q1,2,February,6,False,False,,https://www.channelnews.com.au/wesfarmers-axes-100-catch-employees/,Layoffs.fyi
L01864,Clari,SF Bay Area,United States,Sales,Series F,,,20.0,1-49,2023-02-06,2023,Q1,2,February,6,False,False,,https://www.businessinsider.com/tech-layoffs-workato-clari-unicorn-startups-headcount-reduction-job-cuts-2023-2,Layoffs.fyi
L01858,Dell,Austin,United States,Hardware,Post-IPO,,,6650.0,"5,000+",2023-02-06,2023,Q1,2,February,6,True,True,,https://www.bloomberg.com/news/articles/2023-02-06/dell-dell-lays-off-about-6-650-employees-in-latest-tech-cuts#xj4y7vzkg,Layoffs.fyi
L01862,Drift,Boston,United States,Marketing,Acquired,,,59.0,50-199,2023-02-06,2023,Q1,2,February,6,False,False,,https://www.bizjournals.com/boston/news/2023/02/06/drift-layoffs-2023-economic-conditions.html,Layoffs.fyi
L01859,Loggi,"Sao Paulo,Non-U.S.",Brazil,Logistics,Series F,,,300.0,200-999,2023-02-06,2023,Q1,2,February,6,False,False,,https://www.infomoney.com.br/negocios/pela-segunda-vez-loggi-reduz-equipe-com-demissoes-em-massa/,Layoffs.fyi
L01863,Pocket Aces,"Mumbai,Non-U.S.",India,Media,Unknown,,,50.0,50-199,2023-02-06,2023,Q1,2,February,6,False,False,,https://economictimes.indiatimes.com/tech/startups/pocket-aces-lays-off-over-20-of-its-workforce/articleshow/97626118.cms,Layoffs.fyi
L01861,VinFast US,Los Angeles,United States,Transportation,Subsidiary,,,80.0,50-199,2023-02-06,2023,Q1,2,February,6,False,False,,https://www.bloomberg.com/news/articles/2023-02-07/vinfast-cuts-about-80-jobs-in-north-america-including-us-cfo#xj4y7vzkg,Layoffs.fyi
L01868,Kyruus,Boston,United States,Healthcare,Unknown,,,70.0,50-199,2023-02-05,2023,Q1,2,February,5,False,False,,https://www.fiercehealthcare.com/health-tech/workforce-tracker-thirty-madison-latest-digital-health-startup-cut-staff,Layoffs.fyi
L01869,Lightico,"Tel Aviv,Non-U.S.",Israel,Finance,Series B,,,20.0,1-49,2023-02-05,2023,Q1,2,February,5,False,False,,https://www.calcalistech.com/ctechnews/article/bydwq4phj,Layoffs.fyi
L01870,Eightfold AI,SF Bay Area,United States,HR,Series E,,,90.0,50-199,2023-02-03,2023,Q1,2,February,5,False,False,,https://www.nytimes.com/2023/03/13/business/ai-hiring-jobs.html,Layoffs.fyi
L01871,FarEye,"New Delhi,Non-U.S.",India,Logistics,Series E,,,90.0,50-199,2023-02-03,2023,Q1,2,February,5,False,False,,https://inc42.com/buzz/exclusive-microsoft-backed-fareye-fires-90-employees-in-second-round-of-layoffs-within-8-months/,Layoffs.fyi
L01872,Protocol Labs,SF Bay Area,United States,Crypto,Unknown,,,89.0,50-199,2023-02-03,2023,Q1,2,February,5,False,False,,https://www.forbes.com/sites/michaeldelcastillo/2023/02/03/andreessen-horowitz-backed-protocol-labs-fires-21-of-staff-after-raising-record-257-million/?sh=24ba1897b400&utm_campaign=socialflowForbesMainLI&utm_source=ForbesMainLinkedIn&utm_medium=social,Layoffs.fyi
L01885,Articulate,New York City,United States,Education,Series A,,,38.0,1-49,2023-02-02,2023,Q1,2,February,5,False,False,,https://www.linkedin.com/posts/lucysuros_today-im-imploring-my-network-to-be-on-activity-7026985200467263489-X0T8/,Layoffs.fyi
L01877,Autodesk,SF Bay Area,United States,Other,Post-IPO,,,250.0,200-999,2023-02-02,2023,Q1,2,February,5,False,False,,https://www.bloomberg.com/news/articles/2023-02-03/autodesk-layoffs-hit-250-jobs-joining-tech-industry-peers,Layoffs.fyi
L01883,Bittrex,Seattle,United States,Crypto,Unknown,,,80.0,50-199,2023-02-02,2023,Q1,2,February,5,False,False,,https://www.coindesk.com/business/2023/02/02/crypto-exchange-bittrex-laying-off-83-people/,Layoffs.fyi
L01875,Byju's,"Bengaluru,Non-U.S.",India,Education,Private Equity,,,1500.0,"1,000-4,999",2023-02-02,2023,Q1,2,February,5,True,False,,https://www.livemint.com/companies/start-ups/edtech-firm-byju-s-lays-off-nearly-1-500-employees-11675343777644.html,Layoffs.fyi
L01881,Getir,New York City,United States,Food,Series E,,,100.0,50-199,2023-02-02,2023,Q1,2,February,5,False,False,,https://www.businessinsider.com/getir-layoffs-100-us-gorillas-deal-store-closures-possible-2023-2,Layoffs.fyi
L01882,Highspot,Seattle,United States,Sales,Series F,,,100.0,50-199,2023-02-02,2023,Q1,2,February,5,False,False,,https://www.geekwire.com/2023/sales-software-company-highspot-lays-off-100-employees/,Layoffs.fyi
L01878,Mindstrong,SF Bay Area,United States,Healthcare,Series C,,,127.0,50-199,2023-02-02,2023,Q1,2,February,5,False,False,,https://www.bizjournals.com/sanjose/news/2023/02/02/mental-health-startup-closing-menlo-park-hq.html,Layoffs.fyi
L01880,Miro,SF Bay Area,United States,Other,Series C,,,119.0,50-199,2023-02-02,2023,Q1,2,February,5,False,False,,https://miro.com/blog/a-message-from-our-ceo/,Layoffs.fyi
L01879,NCC Group,"Manchester,Non-U.S.",United Kingdom,Security,Post-IPO,,,125.0,50-199,2023-02-02,2023,Q1,2,February,5,False,False,,https://www.businesstimes.com.sg/companies-markets/british-cybersecurity-firm-ncc-group-cut-workforce-7,Layoffs.fyi
L01876,Okta,SF Bay Area,United States,Security,Post-IPO,,,300.0,200-999,2023-02-02,2023,Q1,2,February,5,False,False,,https://www.bloomberg.com/news/articles/2023-02-02/okta-to-lay-off-300-employees-citing-overhiring-execution-challenges,Layoffs.fyi
L01884,Snowplow,"London,Non-U.S.",United States,Data,Series B,,,40.0,1-49,2023-02-02,2023,Q1,2,February,5,False,False,,https://www.linkedin.com/posts/alexdean_today-we-announced-that-we-will-be-saying-activity-7027029986091900928-YHHh/,Layoffs.fyi
L01899,Appgate,Miami,United States,Security,Post-IPO,,,34.0,1-49,2023-02-01,2023,Q1,2,February,5,False,False,,https://seekingalpha.com/filing/7197018,Layoffs.fyi
L01898,Chainalysis,New York City,United States,Crypto,Series F,,,44.0,1-49,2023-02-01,2023,Q1,2,February,5,False,False,,https://www.forbes.com/sites/stevenehrlich/2023/02/01/chainalysis-to-lay-off-48-of-staff-as-crypto-winter-bites-into-private-sector-demand/?sh=471d22826f23,Layoffs.fyi
L01894,Cyren,Washington D.C.,United States,Security,Post-IPO,,,121.0,50-199,2023-02-01,2023,Q1,2,February,5,False,False,,https://ir.cyren.com/websites/cyren/English/5015/press-release.html?airportNewsID=631c3a77-555f-4a78-be5b-ec30c5cdaaac,Layoffs.fyi
L01893,DraftKings,Boston,United States,Consumer,Post-IPO,,,140.0,50-199,2023-02-01,2023,Q1,2,February,5,False,False,,https://www.cnbc.com/2023/02/01/draftkings-cuts-140-jobs.html,Layoffs.fyi
L01900,Exterro,Portland,United States,Legal,Private Equity,,,24.0,1-49,2023-02-01,2023,Q1,2,February,5,False,False,,https://www.oregonlive.com/silicon-forest/2023/01/oregon-software-company-exterro-lays-off-two-dozen-employees-after-buying-zapproved.html,Layoffs.fyi
L01892,Pinterest,SF Bay Area,United States,Consumer,Post-IPO,,,150.0,50-199,2023-02-01,2023,Q1,2,February,5,False,False,,https://www.bloomberg.com/news/articles/2023-02-02/pinterest-cuts-about-150-jobs-joining-flurry-of-tech-layoffs,Layoffs.fyi
L01891,Splunk,SF Bay Area,United States,Data,Post-IPO,,,325.0,200-999,2023-02-01,2023,Q1,2,February,5,False,False,,https://www.marketwatch.com/story/splunk-to-lay-off-4-of-its-staff-in-latest-sign-of-software-cutbacks-11675260328,Layoffs.fyi
L01901,TheSkimm,New York City,United States,Media,Series C,,,17.0,1-49,2023-02-01,2023,Q1,2,February,5,False,False,,https://www.businessinsider.com/theskimm-layoffs-nearly-10-percent-staff-media-industry-cuts-economy-2023-2,Layoffs.fyi
L01896,VerticalScope,"Toronto,Non-U.S.",Canada,Media,Post-IPO,,,60.0,50-199,2023-02-01,2023,Q1,2,February,5,False,False,,https://www.theglobeandmail.com/business/article-verticalscope-cuts-22-per-cent-of-staff-in-latest-canadian-tech/,Layoffs.fyi
L01897,Wheel,Austin,United States,Healthcare,Series C,,,56.0,50-199,2023-02-01,2023,Q1,2,February,5,False,False,,https://www.beckershospitalreview.com/telehealth/telehealth-company-wheel-lays-off-28-of-workforce.html,Layoffs.fyi
L01895,Workato,SF Bay Area,United States,Other,Series E,,,90.0,50-199,2023-02-01,2023,Q1,2,February,5,False,False,,https://www.businessinsider.com/tech-layoffs-workato-clari-unicorn-startups-headcount-reduction-job-cuts-2023-2,Layoffs.fyi
L01921,AU10TIX,"Tel Aviv,Non-U.S.",Israel,Security,Unknown,,,19.0,1-49,2023-01-31,2023,Q1,1,January,5,False,False,,https://www.calcalistech.com/ctechnews/article/sy6ynzb2o,Layoffs.fyi
L01919,Gokada,"Lagos,Non-U.S.",Nigeria,Transportation,Unknown,,,54.0,50-199,2023-01-31,2023,Q1,1,January,5,False,False,,https://techcabal.com/2023/02/02/gokada-layoffs-affects-54/,Layoffs.fyi
L01913,HubSpot,Boston,United States,Marketing,Post-IPO,,,500.0,200-999,2023-01-31,2023,Q1,1,January,5,False,False,,https://www.marketwatch.com/story/hubspot-to-lay-off-about-500-employees-consolidate-workspace-leases-01675175630,Layoffs.fyi
L01911,NetApp,SF Bay Area,United States,Data,Post-IPO,,,960.0,200-999,2023-01-31,2023,Q1,1,January,5,False,False,,https://www.theregister.com/2023/01/31/netapp_layoffs_8_percent/,Layoffs.fyi
L01920,Nubank,"Sao Paulo,Non-U.S.",Brazil,Finance,Post-IPO,,,40.0,1-49,2023-01-31,2023,Q1,1,January,5,False,False,,https://valorinveste.globo.com/mercados/renda-variavel/empresas/noticia/2023/01/31/nubank-demite-40-pessoas-e-fecha-rea-de-assessoria-de-investimentos.ghtml,Layoffs.fyi
L01910,PayPal,SF Bay Area,United States,Finance,Post-IPO,,,2000.0,"1,000-4,999",2023-01-31,2023,Q1,1,January,5,True,False,,https://www.cnbc.com/2023/01/31/paypal-to-lay-off-2000-employees-in-coming-weeks-about-7percent-of-workforce.html,Layoffs.fyi
L01915,Software AG,"Frankfurt,Non-U.S.",Germany,Data,Post-IPO,,,200.0,200-999,2023-01-31,2023,Q1,1,January,5,False,False,,https://investors.softwareag.com/content/dam/investorrelation/pdfs/english/financial-results/2022/q4/20230131_sow_en_press_release_q4_2022.pdf.sagdownload.inline.1675184544569.pdf,Layoffs.fyi
L01918,Tilting Point,New York City,United States,Consumer,Unknown,,,60.0,50-199,2023-01-31,2023,Q1,1,January,5,False,False,,https://mobilegamer.biz/layoffs-at-tilting-point-as-it-restructures-and-switches-strategy/,Layoffs.fyi
L01914,Upstart,SF Bay Area,United States,Finance,Post-IPO,,,365.0,200-999,2023-01-31,2023,Q1,1,January,5,False,False,,https://www.marketwatch.com/story/upstart-to-lay-off-365-employees-20-of-staff-271675176017,Layoffs.fyi
L01917,Wefox,"Berlin,Non-U.S.",Germany,Finance,Series D,,,100.0,50-199,2023-01-31,2023,Q1,1,January,5,False,False,,https://versicherungsmonitor.de/2023/01/31/wefox-streicht-stellen/,Layoffs.fyi
L01916,Wish,SF Bay Area,United States,Retail,Post-IPO,,,150.0,50-199,2023-01-31,2023,Q1,1,January,5,False,False,,https://ir.wish.com/node/9361/html,Layoffs.fyi
L01912,Workday,SF Bay Area,United States,HR,Post-IPO,,,525.0,200-999,2023-01-31,2023,Q1,1,January,5,False,False,,https://www.cnbc.com/2023/01/31/workday-lays-off-employees-but-will-grow-head-count.html,Layoffs.fyi
L01926,Arrival,"London,Non-U.S.",United Kingdom,Transportation,Post-IPO,,,800.0,200-999,2023-01-30,2023,Q1,1,January,5,False,False,,https://techcrunch.com/2023/01/30/ev-company-arrival-to-cut-workforce-by-50-in-third-restructuring-effort/,Layoffs.fyi
L01932,Chrono24,"Karlsruhe,Non-U.S.",Germany,Retail,Series C,,,65.0,50-199,2023-01-30,2023,Q1,1,January,5,False,False,,https://www.bloomberg.com/news/articles/2023-01-30/rolex-reseller-chrono24-cuts-jobs-as-pre-owned-watch-prices-fall,Layoffs.fyi
L01930,Delivery Hero,"Berlin,Non-U.S.",Germany,Food,Post-IPO,,,156.0,50-199,2023-01-30,2023,Q1,1,January,5,False,False,,https://newsingermany.com/delivery-hero-lays-off-four-percent-of-employees-at-headquarters/,Layoffs.fyi
L01929,Glovo,"Barcelona,Non-U.S.",Spain,Food,Acquired,,,250.0,200-999,2023-01-30,2023,Q1,1,January,5,False,False,,https://sifted.eu/articles/glovo-lays-offs-news/,Layoffs.fyi
L01927,Groupon,Chicago,United States,Retail,Post-IPO,,,500.0,200-999,2023-01-30,2023,Q1,1,January,5,False,False,,https://www.chicagobusiness.com/technology/groupon-lay-another-500-workers,Layoffs.fyi
L01931,Impossible Foods copy,SF Bay Area,United States,Food,Series H,,,140.0,50-199,2023-01-30,2023,Q1,1,January,5,False,False,,https://www.bloomberg.com/news/articles/2023-01-30/impossible-foods-plans-to-lay-off-about-20-of-employees,Layoffs.fyi
L01928,Intel,SF Bay Area,United States,Hardware,Post-IPO,,,343.0,200-999,2023-01-30,2023,Q1,1,January,5,False,False,,https://www.sfgate.com/tech/article/intel-plans-layoffs-california-campus-17752669.php,Layoffs.fyi
L01925,OLX Group,"Amsterdam,Non-U.S.",Netherlands,Marketing,Acquired,,,1500.0,"1,000-4,999",2023-01-30,2023,Q1,1,January,5,True,False,,https://www.financialexpress.com/industry/prosus-operated-olx-to-fire-at-least-1500-employees-globally/2964475/,Layoffs.fyi
L01924,Philips,"Amsterdam,Non-U.S.",Netherlands,Healthcare,Post-IPO,,,6000.0,"5,000+",2023-01-30,2023,Q1,1,January,5,True,True,,https://www.reuters.com/markets/europe/philips-scraps-6000-jobs-drive-improve-profitability-2023-01-30/,Layoffs.fyi
L01941,CoinTracker,SF Bay Area,United States,Crypto,Series A,,,19.0,1-49,2023-01-28,2023,Q1,1,January,4,False,False,,https://www.cointracker.io/blog/ceo-jon-lerners-message-to-cointracker-employees,Layoffs.fyi
L01940,Me Poupe,"Sao Paulo,Non-U.S.",Brazil,Finance,Unknown,,,60.0,50-199,2023-01-28,2023,Q1,1,January,4,False,False,,https://portaldobitcoin.uol.com.br/os-bastidores-da-demissao-em-massa-da-me-poupe-de-nathalia-arcuri-quer-sair-das-redes-sociais/,Layoffs.fyi
L01949,#Paid,"Toronto,Non-U.S.",Canada,Marketing,Series B,,,19.0,1-49,2023-01-27,2023,Q1,1,January,4,False,False,,https://betakit.com/as-big-tech-makes-mass-layoffs-recent-canadian-startup-reductions-might-cut-deeper/,Layoffs.fyi
L01943,DealShare,"Bengaluru,Non-U.S.",India,Retail,Series E,,,100.0,50-199,2023-01-27,2023,Q1,1,January,4,False,False,,https://www.moneycontrol.com/news/business/startup/tiger-global-backed-dealshare-lays-off-6-of-staff-9949751.html,Layoffs.fyi
L01946,Heycar,"Berlin,Non-U.S.",Germany,Transportation,Unknown,,,73.0,50-199,2023-01-27,2023,Q1,1,January,4,False,False,,https://www.autohaus.de/nachrichten/autohersteller/umstrukturierung-heycar-trennt-sich-von-ueber-70-mitarbeitern-3316468,Layoffs.fyi
L01947,Matrixport,"Singapore,Non-U.S.",Singapore,Crypto,Series C,,,29.0,1-49,2023-01-27,2023,Q1,1,January,4,False,False,,https://www.coindesk.com/business/2023/01/27/jihan-wus-matrixport-cuts-10-of-staff/,Layoffs.fyi
L01944,Ruggable,Los Angeles,United States,Retail,Seed,,,100.0,50-199,2023-01-27,2023,Q1,1,January,4,False,False,,https://www.modernretail.co/operations/direct-to-consumer-brand-ruggable-lays-off-100-employees/,Layoffs.fyi
L01942,SSense,"Montreal,Non-U.S.",Canada,Retail,Series A,,,138.0,50-199,2023-01-27,2023,Q1,1,January,4,False,False,,https://betakit.com/as-big-tech-makes-mass-layoffs-recent-canadian-startup-reductions-might-cut-deeper/,Layoffs.fyi
L01948,Shakepay,"Montreal,Non-U.S.",Canada,Crypto,Series A,,,21.0,1-49,2023-01-27,2023,Q1,1,January,4,False,False,,https://betakit.com/as-big-tech-makes-mass-layoffs-recent-canadian-startup-reductions-might-cut-deeper/,Layoffs.fyi
L01945,Synopsys,SF Bay Area,United States,Other,Post-IPO,,,100.0,50-199,2023-01-27,2023,Q1,1,January,4,False,False,,https://www.eastbaytimes.com/2023/01/27/synopsys-mountain-view-sunnyvale-job-layoff-tech-facebook-google/,Layoffs.fyi
L01955,Confluent,SF Bay Area,United States,Data,Post-IPO,,,221.0,200-999,2023-01-26,2023,Q1,1,January,4,False,False,,https://investors.confluent.io/node/8216/html,Layoffs.fyi
L01956,Glisser,"London,Non-U.S.",United Kingdom,Travel,Unknown,,,25.0,1-49,2023-01-26,2023,Q1,1,January,4,False,False,,https://www.linkedin.com/posts/mikepiddock_glisser-people-open-to-work-public-version-activity-7024682358524010497-5wiM/,Layoffs.fyi
L01954,SAP,"Walldorf,Non-U.S.",Germany,Other,Post-IPO,,,3000.0,"1,000-4,999",2023-01-26,2023,Q1,1,January,4,True,False,,https://www.cnbc.com/2023/01/26/sap-to-cut-3000-roles-explore-sale-of-qualtrics-stake.html,Layoffs.fyi
L01965,Clear Capital,Reno,United States,Real Estate,Unknown,,,250.0,200-999,2023-01-25,2023,Q1,1,January,4,False,False,,https://www.rgj.com/story/news/money/business/2023/01/25/more-layoffs-at-reno-based-clear-capital-amid-seismic-housing-shift/69842319007/,Layoffs.fyi
L01966,Guardant Health,SF Bay Area,United States,Healthcare,Post-IPO,,,130.0,50-199,2023-01-25,2023,Q1,1,January,4,False,False,,https://www.genomeweb.com/business-news/guardant-health-lays-7-percent-workforce#.Y9HcqOzMK8A,Layoffs.fyi
L01961,IBM,New York City,United States,Hardware,Post-IPO,,,3900.0,"1,000-4,999",2023-01-25,2023,Q1,1,January,4,True,False,,https://www.bloomberg.com/news/articles/2023-01-25/ibm-to-cut-about-3-900-workers-still-hiring-in-higher-growth-areas,Layoffs.fyi
L01962,Lam Research,SF Bay Area,United States,Hardware,Post-IPO,,,1300.0,"1,000-4,999",2023-01-25,2023,Q1,1,January,4,True,False,,https://www.bloomberg.com/news/articles/2023-01-25/lam-research-to-cut-7-of-workforce-after-forecast-disappoints?leadSource=uverify%20wall,Layoffs.fyi
L01964,Luno,"London,Non-U.S.",United Kingdom,Crypto,Acquired,,,330.0,200-999,2023-01-25,2023,Q1,1,January,4,False,False,,https://www.cnbc.com/2023/01/25/dcg-owned-crypto-exchange-luno-axes-35percent-of-staff.html,Layoffs.fyi
L01963,Shutterfly,SF Bay Area,United States,Retail,Acquired,,,360.0,200-999,2023-01-25,2023,Q1,1,January,4,False,False,,https://thedeadpixelssociety.com/shutterfly-layoffs-impact-360/,Layoffs.fyi
L01967,SirionLabs,Seattle,United States,Legal,Series D,,,130.0,50-199,2023-01-25,2023,Q1,1,January,4,False,False,,https://inc42.com/buzz/exclusive-days-after-raising-25-mn-funding-tiger-backed-sirionlabs-lays-off-around-150-employees/,Layoffs.fyi
L01968,Tier Mobility,"Berlin,Non-U.S.",Germany,Transportation,Series D,,,80.0,50-199,2023-01-25,2023,Q1,1,January,4,False,False,,https://techcrunch.com/2023/01/25/tier-mobility-and-spin-lay-off-100-more-employees/,Layoffs.fyi
L01976,Bolt,SF Bay Area,United States,Finance,Series E,,,50.0,50-199,2023-01-24,2023,Q1,1,January,4,False,False,,https://www.theinformation.com/articles/bolt-ceo-cuts-staff-a-third-time-as-revenue-lags,Layoffs.fyi
L01978,Gitpod,"Kiel,Non-U.S.",Germany,Product,Series A,,,21.0,1-49,2023-01-24,2023,Q1,1,January,4,False,False,,https://www.gitpod.io/blog/building-for-the-long-run,Layoffs.fyi
L01975,Innovaccer,SF Bay Area,United States,Healthcare,Series E,,,245.0,200-999,2023-01-24,2023,Q1,1,January,4,False,False,,https://digitalhealth.modernhealthcare.com/digital-health/digital-health-unicorn-innovaccer-lays-15-its-employees,Layoffs.fyi
L01979,OFFOR Health,Columbus,United States,Healthcare,Series A,,,16.0,1-49,2023-01-24,2023,Q1,1,January,4,False,False,,https://www.linkedin.com/feed/update/urn:li:activity:7024365334803451904/,Layoffs.fyi
L01977,PartnerStack,"Toronto,Non-U.S.",Canada,Sales,Series B,,,40.0,1-49,2023-01-24,2023,Q1,1,January,4,False,False,,https://betakit.com/as-big-tech-makes-mass-layoffs-recent-canadian-startup-reductions-might-cut-deeper/,Layoffs.fyi
L01974,Vacasa,Portland,United States,Travel,Post-IPO,,,1300.0,"1,000-4,999",2023-01-24,2023,Q1,1,January,4,True,False,,https://www.oregonlive.com/business/2023/01/vacasa-will-lay-off-1300-we-need-to-reduce-our-costs.html,Layoffs.fyi
L01980,Venngage,"Toronto,Non-U.S.",Canada,Marketing,Unknown,,,11.0,1-49,2023-01-24,2023,Q1,1,January,4,False,False,,https://betakit.com/as-big-tech-makes-mass-layoffs-recent-canadian-startup-reductions-might-cut-deeper/,Layoffs.fyi
L01990,Booktopia,"Sydney,Non-U.S.",Australia,Retail,Series A,,,30.0,1-49,2023-01-23,2023,Q1,1,January,4,False,False,,https://cdn-api.markitdigital.com/apiman-gateway/ASX/asx-research/1.0/file/2924-02623152-2A1426574?access_token=83ff96335c2d45a094df02a206a39ff4,Layoffs.fyi
L01991,Ermetic,SF Bay Area,United States,Security,Series B,,,30.0,1-49,2023-01-23,2023,Q1,1,January,4,False,False,,https://www.calcalistech.com/ctechnews/article/h1abeu2io,Layoffs.fyi
L01988,Inmobi,"Bengaluru,Non-U.S.",India,Marketing,Unknown,,,50.0,50-199,2023-01-23,2023,Q1,1,January,4,False,False,,https://www.business-standard.com/article/companies/softbank-backed-inmobi-fires-50-70-employees-on-performance-basis-123012200465_1.html,Layoffs.fyi
L01989,Innovid,New York City,United States,Marketing,Post-IPO,,,40.0,1-49,2023-01-23,2023,Q1,1,January,4,False,False,,https://www.marketwatch.com/amp/story/innovid-will-cut-10-of-jobs-01674512868,Layoffs.fyi
L01992,Namogoo,"Tel Aviv,Non-U.S.",United States,Marketing,Series C,,,20.0,1-49,2023-01-23,2023,Q1,1,January,4,False,False,,https://www.calcalistech.com/ctechnews/article/skhuvq2ii,Layoffs.fyi
L01986,Spotify,"Stockholm,Non-U.S.",Sweden,Media,Post-IPO,,,600.0,200-999,2023-01-23,2023,Q1,1,January,4,False,False,,https://www.reuters.com/technology/spotify-trim-6-workforce-2023-01-23/,Layoffs.fyi
L01987,Uber Freight,SF Bay Area,United States,Logistics,Subsidiary,,,150.0,50-199,2023-01-23,2023,Q1,1,January,4,False,False,,https://www.freightwaves.com/news/uber-freight-cutting-about-150-jobs-all-in-brokerage-operations,Layoffs.fyi
L02002,BitTorrent,SF Bay Area,United States,Infrastructure,Acquired,,,92.0,50-199,2023-01-20,2023,Q1,1,January,3,False,False,,https://www.bizjournals.com/sanfrancisco/news/2023/01/20/p2p-bittorrent-rainberry-tech-layoffs-torrent.html,Layoffs.fyi
L02006,Citrine Informatics,SF Bay Area,United States,Data,Series C,,,22.0,1-49,2023-01-20,2023,Q1,1,January,3,False,False,,https://www.linkedin.com/posts/gregorymulholland_this-week-was-a-hard-one-for-our-team-at-activity-7022310417347596288-0cd3/,Layoffs.fyi
L02005,Edifecs,Seattle,United States,Healthcare,Unknown,,,30.0,1-49,2023-01-20,2023,Q1,1,January,3,False,False,,https://www.geekwire.com/2023/edifecs-lays-off-30-employees-in-the-u-s/,Layoffs.fyi
L02004,Enjoei,"Sao Paulo,Non-U.S.",Brazil,Retail,Unknown,,,31.0,1-49,2023-01-20,2023,Q1,1,January,3,False,False,,"https://www.terra.com.br/economia/dinheiro-em-dia/meu-negocio/depois-do-ipo-e-da-queda-enjoei-faz-a-sua-demissao-em-massa,e1d6c15174934d1010733071113dff43zabh1zv5.html",Layoffs.fyi
L01997,Google,SF Bay Area,United States,Consumer,Post-IPO,,,12000.0,"5,000+",2023-01-20,2023,Q1,1,January,3,True,True,,https://www.nytimes.com/2023/01/20/business/google-alphabet-layoffs.html,Layoffs.fyi
L02003,Karat,Seattle,United States,HR,Unknown,,,47.0,1-49,2023-01-20,2023,Q1,1,January,3,False,False,,https://www.geekwire.com/2023/seattle-technical-interviewing-startup-karat-cuts-47-employees-citing-need-to-invest-in-growth/,Layoffs.fyi
L02000,MediBuddy,"Bengaluru,Non-U.S.",India,Healthcare,Acquired,,,200.0,200-999,2023-01-20,2023,Q1,1,January,3,False,False,,https://inc42.com/buzz/exclusive-lightrock-india-backed-medibuddy-lays-oaff-around-200-employees/,Layoffs.fyi
L01999,Swiggy,"Bengaluru,Non-U.S.",India,Food,Unknown,,,380.0,200-999,2023-01-20,2023,Q1,1,January,3,False,False,,https://economictimes.indiatimes.com/tech/startups/swiggy-to-layoff-380-employees-ceo-majety-tells-staff/articleshow/97164568.cms,Layoffs.fyi
L02001,Vox Media,Washington D.C.,United States,Media,Series F,,,130.0,50-199,2023-01-20,2023,Q1,1,January,3,False,False,,https://variety.com/2023/digital/news/vox-media-layoffs-130-employees-job-cuts-1235496467/,Layoffs.fyi
L01998,Wayfair,Boston,United States,Retail,Post-IPO,,,1750.0,"1,000-4,999",2023-01-20,2023,Q1,1,January,3,True,False,,https://www.wsj.com/articles/wayfair-is-preparing-to-lay-off-more-than-1-000-workers-11674161122,Layoffs.fyi
L02017,CS Disco,Austin,United States,Legal,Post-IPO,,,62.0,50-199,2023-01-19,2023,Q1,1,January,3,False,False,,https://d18rn0p25nwr6d.cloudfront.net/CIK-0001625641/f8a9ad04-6c29-4631-b07d-b08d849fbcfa.pdf,Layoffs.fyi
L02012,Capital One,Washington D.C.,United States,Finance,Post-IPO,,,1100.0,"1,000-4,999",2023-01-19,2023,Q1,1,January,3,True,False,,https://www.reuters.com/technology/capital-one-scraps-1100-tech-positions-source-2023-01-19/,Layoffs.fyi
L02015,Hubilo,SF Bay Area,United States,Other,Series B,,,115.0,50-199,2023-01-19,2023,Q1,1,January,3,False,False,,https://inc42.com/buzz/hubilo-fires-35-of-its-workforce-in-second-round-of-layoffs-within-6-months/,Layoffs.fyi
L02019,Hydrow,Boston,United States,Fitness,Series D,,,30.0,1-49,2023-01-19,2023,Q1,1,January,3,False,False,,https://www.bostonglobe.com/2023/01/20/business/more-rough-waters-rowing-startup-hydrow/,Layoffs.fyi
L02013,Proterra,SF Bay Area,United States,Transportation,Post-IPO,,,300.0,200-999,2023-01-19,2023,Q1,1,January,3,False,False,,https://news.yahoo.com/proterra-cut-jobs-merge-electric-232932585.html,Layoffs.fyi
L02018,Riot Games,Los Angeles,United States,Consumer,Acquired,,,46.0,1-49,2023-01-19,2023,Q1,1,January,3,False,False,,https://www.eurogamer.net/riot-games-reportedly-making-layoffs,Layoffs.fyi
L02016,Saks.com,New York City,United States,Retail,Unknown,,,100.0,50-199,2023-01-19,2023,Q1,1,January,3,False,False,,https://wwd.com/business-news/retail/saks-com-triggering-layoffs-1235484907/,Layoffs.fyi
L02014,WeWork ,New York City,United States,Real Estate,Post-IPO,,,300.0,200-999,2023-01-19,2023,Q1,1,January,3,False,False,,https://investors.wework.com/news-and-events/press-releases/financial-releases-details/2023/WeWork-Announces-Date-of-Fourth-Quarter-and-Full-Year-2022-Results-Conference-Call/default.aspx,Layoffs.fyi
L02034,8x8,SF Bay Area,United States,Support,Post-IPO,,,155.0,50-199,2023-01-18,2023,Q1,1,January,3,False,False,,https://www.channelfutures.com/business-models/8x8-to-reduce-7-of-workforce-significantly-impacting-channel-staff,Layoffs.fyi
L02043,Addepar,SF Bay Area,United States,Finance,Series F,,,20.0,1-49,2023-01-18,2023,Q1,1,January,3,False,False,,https://fortune.com/2023/01/17/addepar-a-wealth-management-startup-launched-by-the-co-founder-of-palantir-is-the-latest-fintech-to-cut-jobs/,Layoffs.fyi
L02036,Benevity,"Calgary,Non-U.S.",Canada,Other,Unknown,,,137.0,50-199,2023-01-18,2023,Q1,1,January,3,False,False,,https://benevity.com/message-kelly-schmitt,Layoffs.fyi
L02042,Clue,"Berlin,Non-U.S.",Germany,Healthcare,Unknown,,,31.0,1-49,2023-01-18,2023,Q1,1,January,3,False,False,,https://www.businessinsider.de/gruenderszene/business/fruchtbarkeits-startup-clue-entlaesst-viertel-der-belegschaft-a/,Layoffs.fyi
L02041,Hootsuite,"Vancouver,Non-U.S.",Canada,Marketing,Series C,,,70.0,50-199,2023-01-18,2023,Q1,1,January,3,False,False,,https://www.theglobeandmail.com/business/article-hootsuite-replaces-ceo-announces-layoffs/,Layoffs.fyi
L02037,Inspirato,Denver,United States,Travel,Post-IPO,,,109.0,50-199,2023-01-18,2023,Q1,1,January,3,False,False,,https://sports.yahoo.com/inspirato-announces-plan-streamline-operations-233000003.html,Layoffs.fyi
L02038,Jumpcloud,Boulder,United States,Security,Series F,,,100.0,50-199,2023-01-18,2023,Q1,1,January,3,False,False,,https://jumpcloud.com/blog/jumpcloud-restructuring,Layoffs.fyi
L02030,Microsoft,Seattle,United States,Other,Post-IPO,,,10000.0,"5,000+",2023-01-18,2023,Q1,1,January,3,True,True,,https://www.usatoday.com/story/money/2023/01/18/microsoft-layoffs-10000-employees-stock/11074235002/,Layoffs.fyi
L02035,Pagaya,"Tel Aviv,Non-U.S.",Israel,Finance,Post-IPO,,,140.0,50-199,2023-01-18,2023,Q1,1,January,3,False,False,,https://www.calcalistech.com/ctechnews/article/rjdsyoboo,Layoffs.fyi
L02031,Sophos,"Oxford,Non-U.S.",United States,Security,Acquired,,,450.0,200-999,2023-01-18,2023,Q1,1,January,3,False,False,,https://techcrunch.com/2023/01/18/sophos-global-layoffs/,Layoffs.fyi
L02040,Starry,Boston,United States,Other,Post-IPO,,,100.0,50-199,2023-01-18,2023,Q1,1,January,3,False,False,,https://seekingalpha.com/news/3925492-starry-group-announces-24-job-cuts,Layoffs.fyi
L02032,Teladoc Health,New York City,United States,Healthcare,Post-IPO,,,300.0,200-999,2023-01-18,2023,Q1,1,January,3,False,False,,https://digitalhealth.modernhealthcare.com/finance/teladoc-health-layoffs-staff-cut-jason-gorevic,Layoffs.fyi
L02033,Vroom,New York City,United States,Transportation,Post-IPO,,,275.0,200-999,2023-01-18,2023,Q1,1,January,3,False,False,,https://seekingalpha.com/news/3925618-vroom-slashes-workforce-by-20,Layoffs.fyi
L02039,nCino,Wilmington,United States,Finance,Post-IPO,,,100.0,50-199,2023-01-18,2023,Q1,1,January,3,False,False,,https://portcitydaily.com/local-news/2023/01/18/ncino-lays-off-7-of-workforce-cites-challenges-in-global-economy/,Layoffs.fyi
L02061,American Robotics,Boston,United States,Other,Acquired,,,50.0,50-199,2023-01-17,2023,Q1,1,January,3,False,False,,https://www.bostonglobe.com/2023/01/17/business/new-year-brings-new-tech-layoffs/,Layoffs.fyi
L02056,Britishvolt,"London,Non-U.S.",United Kingdom,Transportation,Unknown,,,206.0,200-999,2023-01-17,2023,Q1,1,January,3,False,False,,https://www.nytimes.com/2023/01/17/business/uk-britishvolt-battery-maker-bankruptcy.html,Layoffs.fyi
L02057,Clutch,"Toronto,Non-U.S.",Canada,Transportation,Unknown,,,150.0,50-199,2023-01-17,2023,Q1,1,January,3,False,False,,https://www.theglobeandmail.com/business/article-lightspeed-commerce-job-cuts/,Layoffs.fyi
L02058,Exotel,"Bengaluru,Non-U.S.",India,Support,Series D,,,142.0,50-199,2023-01-17,2023,Q1,1,January,3,False,False,,https://inc42.com/buzz/exclusive-saas-startup-exotel-lays-off-142-employees-amid-biz-restructuring/,Layoffs.fyi
L02054,Lightspeed Commerce,"Montreal,Non-U.S.",Canada,Retail,Post-IPO,,,300.0,200-999,2023-01-17,2023,Q1,1,January,3,False,False,,https://www.prnewswire.com/news-releases/lightspeed-commerce-streamlines-operations-with-a-continued-focus-on-profitable-growth-301723292.html,Layoffs.fyi
L02062,Luxury Presence,Los Angeles,United States,Real Estate,Series B,,,44.0,1-49,2023-01-17,2023,Q1,1,January,3,False,False,,https://www.inman.com/2023/01/17/website-builder-luxury-presence-lays-off-44-employees/,Layoffs.fyi
L02063,RingCentral,SF Bay Area,United States,Other,Post-IPO,,,30.0,1-49,2023-01-17,2023,Q1,1,January,3,False,False,,https://www.channelfutures.com/business-models/ringcentral-tidying-up-the-books-with-new-layoffs-8x8-acquisition-looming,Layoffs.fyi
L02060,Tul,"Bogota,Non-U.S.",Colombia,Construction,Series B,,,100.0,50-199,2023-01-17,2023,Q1,1,January,3,False,False,,https://www.valoraanalitik.com/2023/01/17/plataforma-tul-anuncia-recorte-de-personal-y-revisa-estrategia-en-colombia-y-mexico/,Layoffs.fyi
L02059,Unico,"Sao Paulo,Non-U.S.",Brazil,Other,Series D,,,110.0,50-199,2023-01-17,2023,Q1,1,January,3,False,False,,https://startups.com.br/noticias/unicornio-unico-demite-cerca-de-110-pessoas-105-da-forca/,Layoffs.fyi
L02055,Unity,SF Bay Area,United States,Other,Post-IPO,,,284.0,200-999,2023-01-17,2023,Q1,1,January,3,False,False,,https://www.wsj.com/articles/unity-software-lays-off-more-workers-as-tech-job-cuts-grow-11673974721,Layoffs.fyi
L02075,ClearCo,"Toronto,Non-U.S.",Canada,Finance,Series C,,,50.0,50-199,2023-01-16,2023,Q1,1,January,3,False,False,,https://betakit.com/michele-romanow-clearco-ceo-layoffs/,Layoffs.fyi
L02074,Gramophone,"Indore,Non-U.S.",India,Food,Series B,,,75.0,50-199,2023-01-16,2023,Q1,1,January,3,False,False,,https://economictimes.indiatimes.com/tech/newsletters/morning-dispatch/layoffs-spread-to-dunzo-sharechat-rebel-foods-and-agri-tech-firms/articleshow/97016331.cms?from=mdr,Layoffs.fyi
L02072,PagBank,"Sao Paulo,Non-U.S.",Brazil,Finance,Post-IPO,,,500.0,200-999,2023-01-16,2023,Q1,1,January,3,False,False,,"https://www.terra.com.br/amp/economia/dinheiro-em-dia/meu-negocio/pagbank-faz-sua-onda-de-layoffs-e-demite-7-do-quadro,718b40b34ae12981e16f3f1a17a25359dzxawknq.html",Layoffs.fyi
L02073,ShareChat,"Bengaluru,Non-U.S.",India,Consumer,Series H,,,500.0,200-999,2023-01-16,2023,Q1,1,January,3,False,False,,https://inc42.com/buzz/sharechat-moj-parent-fires-500-employees/,Layoffs.fyi
L02081,BharatAgri,"Mumbai,Non-U.S.",India,Food,Series A,,,40.0,1-49,2023-01-15,2023,Q1,1,January,2,False,False,,https://economictimes.indiatimes.com/tech/newsletters/morning-dispatch/layoffs-spread-to-dunzo-sharechat-rebel-foods-and-agri-tech-firms/articleshow/97016331.cms?from=mdr,Layoffs.fyi
L02079,Captain Fresh ,"Bengaluru,Non-U.S.",India,Food,Series C,,,120.0,50-199,2023-01-15,2023,Q1,1,January,2,False,False,,https://economictimes.indiatimes.com/tech/newsletters/morning-dispatch/layoffs-spread-to-dunzo-sharechat-rebel-foods-and-agri-tech-firms/articleshow/97016331.cms?from=mdr,Layoffs.fyi
L02080,Snappy,New York City,United States,Marketing,Series C,,,100.0,50-199,2023-01-15,2023,Q1,1,January,2,False,False,,https://www.calcalistech.com/ctechnews/article/byyrkbzso,Layoffs.fyi
L02083,Black Shark,"Shenzen,Non-U.S.",China,Hardware,Unknown,,,900.0,200-999,2023-01-13,2023,Q1,1,January,2,False,False,,https://www.scmp.com/tech/tech-trends/article/3206586/china-gaming-phone-maker-black-shark-lays-hundreds-workers-and-fails-pay-full-severance-according,Layoffs.fyi
L02085,Bonterra ,Austin,United States,Other,Unknown,,,140.0,50-199,2023-01-13,2023,Q1,1,January,2,False,False,,https://www.thenonprofittimes.com/npt_articles/bonterra-lays-off-10-of-staff/,Layoffs.fyi
L02084,Ola,"Bengaluru,Non-U.S.",India,Transportation,Series J,,,200.0,200-999,2023-01-13,2023,Q1,1,January,2,False,False,,https://www.businesstoday.in/latest/corporate/story/ola-fires-200-people-in-fresh-round-of-layoffs-360051-2023-01-13,Layoffs.fyi
L02086,Vial,SF Bay Area,United States,Healthcare,Series B,,,40.0,1-49,2023-01-13,2023,Q1,1,January,2,False,False,,https://www.businessinsider.com/healthtech-startup-vial-layoffs-general-catalyst-2023-1,Layoffs.fyi
L02102,Akili Labs,Boston,United States,Healthcare,Post-IPO,,,46.0,1-49,2023-01-12,2023,Q1,1,January,2,False,False,,https://bhbusiness.com/2023/01/12/digital-therapeutics-startup-akili-plans-to-lay-off-30-of-staff/,Layoffs.fyi
L02096,Blockchain.com,"London,Non-U.S.",United Kingdom,Crypto,Series D,,,110.0,50-199,2023-01-12,2023,Q1,1,January,2,False,False,,https://www.coindesk.com/business/2023/01/12/crypto-brokerage-blockchaincom-lays-off-28-of-workforce-as-industrys-cruel-winter-continues/,Layoffs.fyi
L02103,Career Karma,SF Bay Area,United States,Education,Series B,,,22.0,1-49,2023-01-12,2023,Q1,1,January,2,False,False,,https://techcrunch.com/2023/01/12/career-karma-conducts-another-round-of-layoffs-extends-runway-to-five-years/,Layoffs.fyi
L02099,Cashfree Payments,Bengaluru,India,Finance,Series B,,,100.0,50-199,2023-01-12,2023,Q1,1,January,2,False,False,,https://economictimes.indiatimes.com/tech/startups/online-payments-firm-cashfree-lays-off-150-employees-to-cut-costs/articleshow/96938789.cms,Layoffs.fyi
L02101,Definitive Healthcare,Boston,United States,Healthcare,Post-IPO,,,55.0,50-199,2023-01-12,2023,Q1,1,January,2,False,False,,https://www.cmlviz.com/stocks/DH/news/b/2023/01/12/definitive-healthcare-to-cut-current-workforce-by-about-55-people,Layoffs.fyi
L02098,Greenlight,Atlanta,United States,Finance,Series D,,,104.0,50-199,2023-01-12,2023,Q1,1,January,2,False,False,,https://techcrunch.com/2023/01/12/greenlight-fintech-layoff/,Layoffs.fyi
L02097,Lattice,SF Bay Area,United States,HR,Series F,,,105.0,50-199,2023-01-12,2023,Q1,1,January,2,False,False,,https://lattice.com/blog/ceo-jack-altmans-email-to-lattice-employees,Layoffs.fyi
L02092,Lending Club,SF Bay Area,United States,Finance,Post-IPO,,,225.0,200-999,2023-01-12,2023,Q1,1,January,2,False,False,,https://www.bloomberg.com/news/articles/2023-01-12/lendingclub-to-cut-14-of-workers-take-charges-of-5-7-million,Layoffs.fyi
L02100,Mapbox,Washington D.C.,United States,Data,Unknown,,,64.0,50-199,2023-01-12,2023,Q1,1,January,2,False,False,,https://twitter.com/MapboxUnion/status/1616127786514796547,Layoffs.fyi
L02095,Pier,"Sao Paulo,Non-U.S.",Brazil,Finance,Series B,,,111.0,50-199,2023-01-12,2023,Q1,1,January,2,False,False,,https://startups.com.br/noticias/insurtech-pier-demite-cerca-de-39-da-forca-de-trabalho/,Layoffs.fyi
L02094,Skit.ai,"Bengaluru,Non-U.S.",India,Support,Series B,,,115.0,50-199,2023-01-12,2023,Q1,1,January,2,False,False,,https://inc42.com/buzz/exclusive-westbridge-capital-backed-saas-startup-skit-ai-lays-off-115-employees/,Layoffs.fyi
L02093,SmartNews,"Tokyo,Non-U.S.",United States,Media,Series F,,,120.0,50-199,2023-01-12,2023,Q1,1,January,2,False,False,,https://techcrunch.com/2023/01/12/news-aggregator-smartnews-lays-off-40-of-non-japan-staff-with-further-reductions-planned-in-japan/,Layoffs.fyi
L02116,Citizen,New York City,United States,Consumer,Series C,,,33.0,1-49,2023-01-11,2023,Q1,1,January,2,False,False,,https://techcrunch.com/2023/01/12/crime-reporting-app-citizen-lays-off-33-employees/,Layoffs.fyi
L02112,CoinDCX,Mumbai,India,Crypto,Series D,,,80.0,50-199,2023-01-11,2023,Q1,1,January,2,False,False,,https://www.moneycontrol.com/news/business/startup/coindcx-starts-restructuring-business-units-lays-off-employees-9848661.html,Layoffs.fyi
L02114,Embark Vet,Boston,United States,Healthcare,Series B,,,41.0,1-49,2023-01-11,2023,Q1,1,January,2,False,False,,https://www.linkedin.com/feed/update/urn:li:activity:7018765914254778368/,Layoffs.fyi
L02107,Flexport,SF Bay Area,United States,Logistics,Series E,,,640.0,200-999,2023-01-11,2023,Q1,1,January,2,False,False,,https://www.cnbc.com/2023/01/11/flexport-to-lay-off-20percent-of-its-global-workforce.html,Layoffs.fyi
L02113,HashiCorp,SF Bay Area,United States,Security,Post-IPO,,,69.0,50-199,2023-01-11,2023,Q1,1,January,2,False,False,,https://www.linkedin.com/news/story/former-citrix-employees-react-to-cuts-6133826/,Layoffs.fyi
L02115,Intrinsic,SF Bay Area,United States,Other,Acquired,,,40.0,1-49,2023-01-11,2023,Q1,1,January,2,False,False,,https://www.theinformation.com/articles/alphabet-job-cuts-widen-to-robotics-subsidiary,Layoffs.fyi
L02111,Jumio,SF Bay Area,United States,Security,Private Equity,,,100.0,50-199,2023-01-11,2023,Q1,1,January,2,False,False,,https://www.biometricupdate.com/202301/jumio-downsizes-as-identity-verification-providers-respond-to-economic-climate,Layoffs.fyi
L02108,Qualtrics,Salt Lake City,United States,Other,Post-IPO,,,270.0,200-999,2023-01-11,2023,Q1,1,January,2,False,False,,https://www.marketwatch.com/story/qualtrics-to-shave-about-270-jobs-or-less-than-5-of-workforce-2023-01-11,Layoffs.fyi
L02110,Tipalti,SF Bay Area,United States,Finance,Series F,,,123.0,50-199,2023-01-11,2023,Q1,1,January,2,False,False,,https://www.calcalistech.com/ctechnews/article/bjj82m39i,Layoffs.fyi
L02109,Verily,SF Bay Area,United States,Healthcare,,,,250.0,200-999,2023-01-11,2023,Q1,1,January,2,False,False,,https://www.theinformation.com/articles/alphabets-verily-lays-off-staff,Layoffs.fyi
L02123,Blend,SF Bay Area,United States,Finance,Post-IPO,,,340.0,200-999,2023-01-10,2023,Q1,1,January,2,False,False,,https://www.inman.com/2023/01/10/blend-cuts-nearly-30-of-workforce-in-blistering-4th-round-of-layoffs/,Layoffs.fyi
L02133,Cart.com,Austin,United States,Retail,Unknown,,,25.0,1-49,2023-01-10,2023,Q1,1,January,2,False,False,,https://www.theinformation.com/briefings/cart-com-cuts-more-corporate-staff,Layoffs.fyi
L02121,Coinbase,SF Bay Area,United States,Crypto,Post-IPO,,,950.0,200-999,2023-01-10,2023,Q1,1,January,2,False,False,,https://www.cnbc.com/2023/01/10/coinbase-to-slash-20percent-of-workforce-in-second-major-round-of-job-cuts.html,Layoffs.fyi
L02125,ConsenSys,New York City,United States,Crypto,Series D,,,100.0,50-199,2023-01-10,2023,Q1,1,January,2,False,False,,https://www.coindesk.com/business/2023/01/10/ethereum-software-firm-consensys-to-cut-upwards-of-100-staff-as-crypto-bear-market-takes-another-casualty/,Layoffs.fyi
L02126,ForeScout,"Tel Aviv,Non-U.S.",United States,Security,Acquired,,,100.0,50-199,2023-01-10,2023,Q1,1,January,2,False,False,,https://www.calcalistech.com/ctechnews/article/hkyo39k9o,Layoffs.fyi
L02130,GoBolt,"Toronto,Non-U.S.",Canada,Logistics,Series C,,,55.0,50-199,2023-01-10,2023,Q1,1,January,2,False,False,,https://betakit.com/gobolt-lays-off-five-percent-of-staff-shortly-after-75-million-raise-citing-worsening-consumer-demand/,Layoffs.fyi
L02122,Informatica,SF Bay Area,United States,Data,Post-IPO,,,450.0,200-999,2023-01-10,2023,Q1,1,January,2,False,False,,https://www.channelfutures.com/business-models/informatica-layoffs-to-slash-7-of-workforce-cfo-stepping-down,Layoffs.fyi
L02128,LEAD,"Mumbai,Non-U.S.",India,Education,Series E,,,60.0,50-199,2023-01-10,2023,Q1,1,January,2,False,False,,https://inc42.com/buzz/exclusive-edtech-unicorn-lead-lays-off-60-employees-from-product-tech-teams/,Layoffs.fyi
L02129,Parler,Nashville,United States,Consumer,Series B,,,60.0,50-199,2023-01-10,2023,Q1,1,January,2,False,False,,https://www.theverge.com/2023/1/10/23549198/parler-parlement-technologies-layoffs-gettr-george-farmer-candace-owens,Layoffs.fyi
L02131,Relevel,"Bengaluru,Non-U.S.",India,HR,,,,40.0,1-49,2023-01-10,2023,Q1,1,January,2,False,False,,https://inc42.com/buzz/unacademy-owned-relevel-to-layoff-40-employees-as-focus-shifts-to-test-product-business/,Layoffs.fyi
L02132,StreamElements,"Tel Aviv,Non-U.S.",Israel,Media,Series B,,,40.0,1-49,2023-01-10,2023,Q1,1,January,2,False,False,,https://www.calcalistech.com/ctechnews/article/hjvdymj5o,Layoffs.fyi
L02127,Thinkific,"Vancouver,Non-U.S.",Canada,Education,Post-IPO,,,76.0,50-199,2023-01-10,2023,Q1,1,January,2,False,False,,https://betakit.com/thinkific-makes-more-layoffs-as-part-of-push-towards-profitability/,Layoffs.fyi
L02124,Till Payments,"Sydney,Non-U.S.",Australia,Finance,Series C,,,120.0,50-199,2023-01-10,2023,Q1,1,January,2,False,False,,https://www.afr.com/technology/till-payments-makes-120-staff-redundant-shakes-up-board-20230110-p5cbj3,Layoffs.fyi
L02140,Fate Therapeutics,San Diego,United States,Healthcare,Post-IPO,,,315.0,200-999,2023-01-09,2023,Q1,1,January,2,False,False,,"https://www.sandiegouniontribune.com/business/story/2023-01-09/san-diegos-fate-therapeutics-lays-off-315-employees-more-than-half-of-its-workforce#:~:text=Fate%20Therapeutics%2C%20a%20San%20Diego,collaboration%20agreement%20with%20Janssen%20Biotech",Layoffs.fyi
L02144,Minute Media,"London,Non-U.S.",United Kingdom,Media,Series I,,,50.0,50-199,2023-01-08,2023,Q1,1,January,1,False,False,,https://www.calcalistech.com/ctechnews/article/bjoxf00d5i,Layoffs.fyi
L02145,WalkMe,SF Bay Area,United States,Other,Post-IPO,,,43.0,1-49,2023-01-08,2023,Q1,1,January,1,False,False,,https://www.calcalistech.com/ctechnews/article/bkzauhoqo,Layoffs.fyi
L02149,Bounce,"Bengaluru,Non-U.S.",India,Transportation,Series D,,,40.0,1-49,2023-01-06,2023,Q1,1,January,1,False,False,,https://www.moneycontrol.com/news/business/announcements/sequoia-backed-bounce-lays-off-5-of-staff-to-cut-costs-9822961.html,Layoffs.fyi
L02148,Carbon Health,SF Bay Area,United States,Healthcare,Series D,,,200.0,200-999,2023-01-06,2023,Q1,1,January,1,False,False,,https://twitter.com/erenbali/status/1611488895866408960,Layoffs.fyi
L02147,Huobi,"Beijing,Non-U.S.",China,Crypto,Unknown,,,275.0,200-999,2023-01-06,2023,Q1,1,January,1,False,False,,https://www.reuters.com/technology/crypto-exchange-huobi-lay-off-20-staff-justin-sun-2023-01-06/,Layoffs.fyi
L02156,Cue,San Diego,United States,Healthcare,Post-IPO,,,388.0,200-999,2023-01-05,2023,Q1,1,January,1,False,False,,https://www.360dx.com/business-news/cue-health-lay-388-people-cost-reduction-plan#.Y7iqquzMK8A,Layoffs.fyi
L02162,Everlane,SF Bay Area,United States,Retail,Unknown,,,30.0,1-49,2023-01-05,2023,Q1,1,January,1,False,False,,https://www.theinformation.com/articles/everlane-slashes-17-of-corporate-employees,Layoffs.fyi
L02159,Genesis,New York City,United States,Crypto,Series A,,,60.0,50-199,2023-01-05,2023,Q1,1,January,1,False,False,,https://www.cnbc.com/2023/01/05/crypto-lender-genesis-trading-lays-off-30percent-of-workforce.html,Layoffs.fyi
L02160,Moglix,Singapore,Singapore,Retail,Series F,,,40.0,1-49,2023-01-05,2023,Q1,1,January,1,False,False,,https://inc42.com/buzz/b2b-ecommerce-unicorn-moglix-layoff-spree-fires-40-employees/,Layoffs.fyi
L02163,Pecan AI,"Tel Aviv,Non-U.S.",Israel,Data,Series C,,,30.0,1-49,2023-01-05,2023,Q1,1,January,1,False,False,,https://www.calcalistech.com/ctechnews/article/hkrgrqvqo,Layoffs.fyi
L02164,Personetics,New York City,United States,Support,Private Equity,,,30.0,1-49,2023-01-05,2023,Q1,1,January,1,False,False,,https://www.calcalistech.com/ctechnews/article/sjlizvvcs,Layoffs.fyi
L02158,Socure,Reno,United States,Finance,Series E,,,104.0,50-199,2023-01-05,2023,Q1,1,January,1,False,False,,https://www.biometricupdate.com/202301/socure-slashes-workforce,Layoffs.fyi
L02157,SoundHound,SF Bay Area,United States,Other,Post-IPO,,,200.0,200-999,2023-01-05,2023,Q1,1,January,1,False,False,,https://gizmodo.com/soundhound-lays-off-half-employees-pitiful-severance-1849987534,Layoffs.fyi
L02165,Twine Solutions ,"Tel Aviv,Non-U.S.",Israel,Hardware,Unknown,,,30.0,1-49,2023-01-05,2023,Q1,1,January,1,False,False,,https://www.calcalistech.com/ctechnews/article/bkniefe5o,Layoffs.fyi
L02161,Twitter,SF Bay Area,United States,Consumer,Post-IPO,,,40.0,1-49,2023-01-05,2023,Q1,1,January,1,False,False,,https://www.theinformation.com/articles/musk-lays-off-twitter-engineers-working-on-advertising-as-ad-revenue-shrinks,Layoffs.fyi
L02166,UpScalio,Gurugram,India,Retail,Series B,,,25.0,1-49,2023-01-05,2023,Q1,1,January,1,False,False,,https://www.techinasia.com/indiabased-rollup-firm-upscalio-lays-15-staff,Layoffs.fyi
L02172,Amazon,Seattle,United States,Retail,Post-IPO,,,8000.0,"5,000+",2023-01-04,2023,Q1,1,January,1,True,True,,https://www.wsj.com/articles/amazon-to-lay-off-over-17-000-workers-more-than-first-planned-11672874304,Layoffs.fyi
L02174,Astronomer,Cincinnati,United States,Data,Series C,,,76.0,50-199,2023-01-04,2023,Q1,1,January,1,False,False,,https://www.astronomer.io/blog/astronomer-update/,Layoffs.fyi
L02176,Augury,New York City,United States,Manufacturing,Series E,,,20.0,1-49,2023-01-04,2023,Q1,1,January,1,False,False,,https://www.calcalistech.com/ctechnews/article/skiu0xx9j,Layoffs.fyi
L02175,Kaltura,New York City,United States,Media,Post-IPO,,,75.0,50-199,2023-01-04,2023,Q1,1,January,1,False,False,,https://en.globes.co.il/en/article-kaltura-announces-second-round-of-layoffs-1001434620,Layoffs.fyi
L02173,Salesforce,SF Bay Area,United States,Sales,Post-IPO,,,8000.0,"5,000+",2023-01-04,2023,Q1,1,January,1,True,True,,https://www.nytimes.com/2023/01/04/business/salesforce-layoffs.html,Layoffs.fyi
L02182,Harappa,"New Delhi,Non-U.S.",India,Education,Acquired,,,60.0,50-199,2023-01-03,2023,Q1,1,January,1,False,False,,https://www.businesstoday.in/latest/corporate/story/exclusive-upgrad-owned-edtech-start-up-harappa-lays-off-30-of-its-workforce-358723-2023-01-03,Layoffs.fyi
L02180,Pegasystems,Boston,United States,HR,Post-IPO,,,245.0,200-999,2023-01-03,2023,Q1,1,January,1,False,False,,https://www.bizjournals.com/boston/news/2023/01/03/pegasystems-to-cut-4-of-its-workforce.html,Layoffs.fyi
L02181,Uniphore,SF Bay Area,United States,Support,Series E,,,76.0,50-199,2023-01-03,2023,Q1,1,January,1,False,False,,https://startup.outlookindia.com/unicorns/exclusive-uniphore-technologies-lays-off-10-of-global-workforce-news-7039,Layoffs.fyi
L02184,Amdocs,St. Louis,United States,Support,Post-IPO,,,700.0,200-999,2023-01-02,2023,Q1,1,January,1,False,False,,https://www.calcalistech.com/ctechnews/article/bj4shoeco,Layoffs.fyi
L02185,Micron,Boise,United States,Hardware,Post-IPO,,,4800.0,"1,000-4,999",2023-01-01,2023,Q1,1,January,52,True,False,,https://www.forbes.com/sites/qai/2023/01/01/tech-layoffs-micron-to-lay-off-10-of-staff-due-to-low-demand-for-chips/?sh=5d303fd41472,Layoffs.fyi
L02187,Ezoic,San Diego,United States,Infrastructure,Series A,,,35.0,1-49,2022-12-31,2022,Q4,12,December,52,False,False,,https://www.businessinsider.com/an-adtech-employee-stole-a-9m-payment-sent-by-google-and-used-it-to-buy-gold-2023-4,Layoffs.fyi
L02192,PayU,"Amsterdam,Non-U.S.",Netherlands,Finance,Acquired,,,150.0,50-199,2022-12-26,2022,Q4,12,December,52,False,False,,https://www.livemint.com/companies/news/payu-layoffs-6-of-its-workforce-150-employees-lose-jobs-report-11672035519752.html,Layoffs.fyi
L02195,Back Market,"Paris,Non-U.S.",France,Retail,Series E,,,93.0,50-199,2022-12-23,2022,Q4,12,December,51,False,False,,https://sifted.eu/articles/startup-tech-company-layoffs/,Layoffs.fyi
L02194,Willow,"Sydney,Non-U.S.",Australia,Real Estate,Unknown,,,99.0,50-199,2022-12-23,2022,Q4,12,December,51,False,False,,https://www.afr.com/technology/nicholas-moore-chaired-proptech-willow-fires-99-workers-to-curb-costs-20221222-p5c8am,Layoffs.fyi
L02196,Zoopla,"London,Non-U.S.",United Kingdom,Real Estate,Series C,,,50.0,50-199,2022-12-23,2022,Q4,12,December,51,False,False,,https://www.linkedin.com/posts/zoopla_its-with-a-heavy-heart-that-we-will-be-saying-activity-7010935780743258113-PG98/,Layoffs.fyi
L02197,Qualcomm,San Diego,United States,Hardware,Post-IPO,,,153.0,50-199,2022-12-22,2022,Q4,12,December,51,False,False,,https://www.sandiegouniontribune.com/business/story/2022-12-22/qualcomm-trims-local-workforce-by-153-jobs-as-smartphone-demand-remains-sluggish,Layoffs.fyi
L02198,TuSimple,San Diego,United States,Transportation,Post-IPO,,,350.0,200-999,2022-12-21,2022,Q4,12,December,51,False,False,,https://techcrunch.com/2022/12/21/self-driving-truck-company-tusimple-to-lay-off-25-of-workforce/,Layoffs.fyi
L02201,Briza,"Toronto,Non-U.S.",Canada,Finance,Series A,,,26.0,1-49,2022-12-20,2022,Q4,12,December,51,False,False,,https://betakit.com/ceo-of-briza-steps-down-as-insurtech-startup-cuts-close-to-half-of-its-staff/,Layoffs.fyi
L02200,Chope,"Singapore,Non-U.S.",Singapore,Food,Series E,,,65.0,50-199,2022-12-20,2022,Q4,12,December,51,False,False,,https://www.techinasia.com/alipaybacked-chope-lays-65-employees,Layoffs.fyi
L02204,Homebot,Denver,United States,Real Estate,Acquired,,,18.0,1-49,2022-12-19,2022,Q4,12,December,51,False,False,,https://homebot.ai/blog/a-letter-to-homebotters,Layoffs.fyi
L02209,Revelate,"Montreal,Non-U.S.",Canada,Data,Series A,,,24.0,1-49,2022-12-16,2022,Q4,12,December,50,False,False,,https://betakit.com/layoffs-persist-at-canadian-tech-companies-amid-bleak-outlook-for-2023/,Layoffs.fyi
L02208,Tomorrow,"Hamburg,Non-U.S.",Germany,Finance,Unknown,,,30.0,1-49,2022-12-16,2022,Q4,12,December,50,False,False,,https://www.businessinsider.de/gruenderszene/fintech/tomorrow-kundigt-viertel-seines-teams/,Layoffs.fyi
L02217,BigCommerce,Austin,United States,Retail,Post-IPO,,,180.0,50-199,2022-12-15,2022,Q4,12,December,50,False,False,,https://www.marketwatch.com/story/bigcommerce-to-lay-off-13-of-workforce-271671103074,Layoffs.fyi
L02218,Freshworks,SF Bay Area,United States,Support,Post-IPO,,,90.0,50-199,2022-12-15,2022,Q4,12,December,50,False,False,,https://inc42.com/buzz/facing-macroeconomic-headwinds-freshworks-trims-nearly-2-workforce/,Layoffs.fyi
L02219,LeafLink,New York City,United States,Other,Series C,,,80.0,50-199,2022-12-15,2022,Q4,12,December,50,False,False,,https://mjbizdaily.com/cannabis-wholesale-platform-leaflink-lays-off-80-workers/,Layoffs.fyi
L02220,Workmotion,"Berlin,Non-U.S.",United States,HR,Series B,,,60.0,50-199,2022-12-15,2022,Q4,12,December,50,False,False,,https://www.startbase.com/news/workmotion-entlaesst-20-prozent-seiner-belegschaft/,Layoffs.fyi
L02226,ChowNow,Los Angeles,United States,Food,Series C,,,40.0,1-49,2022-12-14,2022,Q4,12,December,50,False,False,,https://www.restaurantbusinessonline.com/amp/technology/chownow-cuts-more-jobs-delivery-demand-levels-out,Layoffs.fyi
L02223,GoStudent,"Vienna,Non-U.S.",Austria,Education,Series D,,,100.0,50-199,2022-12-14,2022,Q4,12,December,50,False,False,,https://www.businessinsider.com/gostudent-3-billion-edtech-startup-begins-fresh-round-of-layoffs-2022-12,Layoffs.fyi
L02225,Headspace,Los Angeles,United States,Healthcare,Unknown,,,50.0,50-199,2022-12-14,2022,Q4,12,December,50,False,False,,https://www.bloomberg.com/news/articles/2022-12-14/meditation-app-headspace-cuts-50-workers-or-4-of-staff,Layoffs.fyi
L02222,JD.ID,"Jakarta,Non-U.S.",Indonesia,Retail,Post-IPO,,,200.0,200-999,2022-12-14,2022,Q4,12,December,50,False,False,,https://jakartaglobe.id/business/jdid-layoffs-reflect-struggles-in-indonesian-startup-industry,Layoffs.fyi
L02224,Quanergy Systems,SF Bay Area,United States,Transportation,Post-IPO,,,72.0,50-199,2022-12-14,2022,Q4,12,December,50,False,False,,https://www.bizjournals.com/sanjose/news/2022/12/14/quanergy-to-cut-72-jobs-in-sunnyvale.html,Layoffs.fyi
L02229,Edgio,Phoenix,United States,Infrastructure,Post-IPO,,,95.0,50-199,2022-12-13,2022,Q4,12,December,50,False,False,,https://www.marketscreener.com/amp/quote/stock/EDGIO-INC-52799/news/EDGIO-INC-Costs-Associated-with-Exit-or-Disposal-Activities-Change-in-Directors-or-Principal-Of-42549605/,Layoffs.fyi
L02230,Komodo Health,SF Bay Area,United States,Healthcare,Series E,,,78.0,50-199,2022-12-13,2022,Q4,12,December,50,False,False,,https://techcrunch.com/2022/12/13/komodo-health-once-tipped-for-a-looming-ipo-has-cut-staff-as-cfo-departs/,Layoffs.fyi
L02228,Thumbtack,SF Bay Area,United States,Consumer,Series I,,,160.0,50-199,2022-12-13,2022,Q4,12,December,50,False,False,,Internal memo,Layoffs.fyi
L02231,Viant,Los Angeles,United States,Marketing,Post-IPO,,,46.0,1-49,2022-12-13,2022,Q4,12,December,50,False,False,,https://www.businessinsider.com/viant-lay-off-13-percent-of-workforce-2022-12,Layoffs.fyi
L02235,Balto,St. Louis,United States,Sales,Series B,,,35.0,1-49,2022-12-12,2022,Q4,12,December,50,False,False,,https://www.bizjournals.com/stlouis/inno/stories/news/2022/12/12/balto-software-layoffs.html,Layoffs.fyi
L02234,Freshly,Phoenix,United States,Food,Acquired,,,329.0,200-999,2022-12-12,2022,Q4,12,December,50,False,False,,https://mouthbysouthwest.com/2022/12/12/phoenix-born-freshly-is-laying-off-329-local-workers-in-strategy-shift/,Layoffs.fyi
L02233,Pluralsight,Salt Lake City,United States,Education,Acquired,,,400.0,200-999,2022-12-12,2022,Q4,12,December,50,False,False,,https://www.pluralsight.com/newsroom/press-releases/ceo-aaron-skonnard-email-to-pluralsight,Layoffs.fyi
L02237,Outschool,SF Bay Area,United States,Education,Series D,,,43.0,1-49,2022-12-10,2022,Q4,12,December,49,False,False,,https://techcrunch.com/2022/12/10/some-of-edtech-boldest-are-struggling/,Layoffs.fyi
L02238,Xentral,"Munich,Non-U.S.",Germany,Product,Series B,,,20.0,1-49,2022-12-10,2022,Q4,12,December,49,False,False,,https://www.businessinsider.de/gruenderszene/business/xentral-entlassungen/,Layoffs.fyi
L02245,Alice,"Sao Paulo,Non-U.S.",Brazil,Healthcare,Series C,,,113.0,50-199,2022-12-09,2022,Q4,12,December,49,False,False,,https://startups.com.br/demissoes/alice-faz-nova-onda-de-demissoes-e-dispensa-113-pessoas/,Layoffs.fyi
L02243,Bol.com,"Utrecht,Non-U.S.",Netherlands,Retail,Acquired,,,300.0,200-999,2022-12-09,2022,Q4,12,December,49,False,False,,https://ecommercenews.eu/bol-com-lays-off-10-of-staff/,Layoffs.fyi
L02248,C2FO,Kansas City,United States,Finance,Series H,,,20.0,1-49,2022-12-09,2022,Q4,12,December,49,False,False,,https://www.bizjournals.com/kansascity/news/2023/10/16/c2fo-layoffs-marketing-sales-revenue-growth-ipo.html,Layoffs.fyi
L02247,OneFootball,"Berlin,Non-U.S.",Germany,Marketing,Series D,,,62.0,50-199,2022-12-09,2022,Q4,12,December,49,False,False,,https://company.onefootball.com/news/an-update-from-onefootball-founder-and-ceo-lucas-von-cranach/,Layoffs.fyi
L02242,Playtika,"Tel Aviv,Non-U.S.",Israel,Consumer,Post-IPO,,,600.0,200-999,2022-12-09,2022,Q4,12,December,49,False,False,,https://en.globes.co.il/en/article-playtika-to-lay-off-600-1001432312,Layoffs.fyi
L02246,Primer,"London,Non-U.S.",United Kingdom,Finance,Series B,,,85.0,50-199,2022-12-09,2022,Q4,12,December,49,False,False,,https://techcrunch.com/2022/12/09/primer-the-uk-e-commerce-tech-startup-has-laid-off-one-third-of-its-staff/,Layoffs.fyi
L02244,Share Now,"Berlin,Non-U.S.",Germany,Transportation,Acquired,,,150.0,50-199,2022-12-09,2022,Q4,12,December,49,False,False,,https://www.businessinsider.de/gruenderszene/automotive-mobility/carsharing-sharenow-entlassungen-a/,Layoffs.fyi
L02253,Airtable,SF Bay Area,United States,Product,Series F,,,254.0,200-999,2022-12-08,2022,Q4,12,December,49,False,False,,https://techcrunch.com/2022/12/08/airtable-layoffs/,Layoffs.fyi
L02263,Armis,SF Bay Area,United States,Security,Private Equity,,,25.0,1-49,2022-12-08,2022,Q4,12,December,49,False,False,,https://www.calcalistech.com/ctechnews/article/by6mtcjuo,Layoffs.fyi
L02257,BlackLine,Los Angeles,United States,Finance,Private Equity,,,95.0,50-199,2022-12-08,2022,Q4,12,December,49,False,False,,https://seekingalpha.com/news/3915452-blackline-to-cut-jobs-by-5-globally-sec-filing,Layoffs.fyi
L02256,Buser,"Sao Paulo,Non-U.S.",Brazil,Transportation,Series C,,,160.0,50-199,2022-12-08,2022,Q4,12,December,49,False,False,,https://startups.com.br/demissoes/buser-demite-30-para-se-adaptar-a-nova-realidade-do-mercado/,Layoffs.fyi
L02258,Chrono24,"Karlsruhe,Non-U.S.",Germany,Retail,Series C,,,80.0,50-199,2022-12-08,2022,Q4,12,December,49,False,False,,https://www.tag24.de/chemnitz/lokales/fuer-luxusuhren-haendler-in-chemnitz-rabenstein-laeuft-die-zeit-ab-2684514,Layoffs.fyi
L02262,CyCognito,SF Bay Area,United States,Security,Series C,,,30.0,1-49,2022-12-08,2022,Q4,12,December,49,False,False,,https://www.calcalistech.com/ctechnews/article/h1suse100s,Layoffs.fyi
L02255,Glints,"Singapore,Non-U.S.",Singapore,HR,Series D,,,198.0,50-199,2022-12-08,2022,Q4,12,December,49,False,False,,https://www.techinasia.com/singaporebased-glints-lays-18-employees,Layoffs.fyi
L02261,Inscripta,Boulder,United States,Healthcare,Series E,,,43.0,1-49,2022-12-08,2022,Q4,12,December,49,False,False,,https://www.genomeweb.com/business-news/inscripta-lays-dozens-closes-colorado-headquarters-san-diego-office#.Y5JvGOzMK8A,Layoffs.fyi
L02259,Otonomo,"Tel Aviv,Non-U.S.",Israel,Transportation,Post-IPO,,,80.0,50-199,2022-12-08,2022,Q4,12,December,49,False,False,,https://www.calcalistech.com/ctechnews/article/bjbvjqyoi,Layoffs.fyi
L02254,Swiggy,"Bengaluru,Non-U.S.",India,Food,Unknown,,,250.0,200-999,2022-12-08,2022,Q4,12,December,49,False,False,,https://inc42.com/buzz/swiggy-fire-250-employees-further-layoffs-store/,Layoffs.fyi
L02260,TechTarget,Boston,United States,Marketing,Post-IPO,,,60.0,50-199,2022-12-08,2022,Q4,12,December,49,False,False,,https://www.marketwatch.com/story/techtarget-focuses-on-restructuring-plan-cutting-60-positions-271670628385,Layoffs.fyi
L02279,Grover,"Berlin,Non-U.S.",United States,Retail,Unknown,,,40.0,1-49,2022-12-07,2022,Q4,12,December,49,False,False,,https://www.businessinsider.de/gruenderszene/business/entlassungen-bei-berliner-neu-unicorn-grover/?fbclid=IwAR3o2sB8MmcX3_y8HaAeRqIUU2T8YNYokRDZz5Nxkr0BjzhYRs84fR2hrW8,Layoffs.fyi
L02278,Houzz,SF Bay Area,United States,Consumer,Series E,,,95.0,50-199,2022-12-07,2022,Q4,12,December,49,False,False,,https://en.globes.co.il/en/article-houzz-lays-off-100-in-us-and-israel-1001433310,Layoffs.fyi
L02277,Integral Ad Science,New York City,United States,Marketing,Acquired,,,120.0,50-199,2022-12-07,2022,Q4,12,December,49,False,False,,https://investors.integralads.com/node/7871/html,Layoffs.fyi
L02280,Lev,New York City,United States,Real Estate,Series B,,,30.0,1-49,2022-12-07,2022,Q4,12,December,49,False,False,,https://therealdeal.com/2022/12/07/cre-finance-platform-lev-lays-off-chunk-of-staff/,Layoffs.fyi
L02281,Lithic,New York City,United States,Finance,Series C,,,27.0,1-49,2022-12-07,2022,Q4,12,December,49,False,False,,https://www.axios.com/pro/fintech-deals/2022/12/07/fintech-lithic-lays-off-27,Layoffs.fyi
L02271,Loft,"Sao Paulo,Non-U.S.",Brazil,Real Estate,Unknown,,,312.0,200-999,2022-12-07,2022,Q4,12,December,49,False,False,,https://www.bloomberglinea.com/english/brazilian-unicorn-loft-sheds-12-of-staff-in-third-wave-of-layoffs-this-year/,Layoffs.fyi
L02273,Motive,SF Bay Area,United States,Transportation,Series F,,,237.0,200-999,2022-12-07,2022,Q4,12,December,49,False,False,,https://gomotive.com/blog/shoaib-makanis-message-to-employees/,Layoffs.fyi
L02272,Plaid,SF Bay Area,United States,Finance,Series D,,,260.0,200-999,2022-12-07,2022,Q4,12,December,49,False,False,,https://techcrunch.com/2022/12/07/plaid-layoff-fintech/,Layoffs.fyi
L02274,Recur Forever,Miami,United States,Crypto,Series A,,,235.0,200-999,2022-12-07,2022,Q4,12,December,49,False,False,,https://www.classaction.org/news/recur-forever-laid-off-workers-without-proper-notice-class-action-says,Layoffs.fyi
L02275,Relativity,Chicago,United States,Legal,Private Equity,,,150.0,50-199,2022-12-07,2022,Q4,12,December,49,False,False,,https://www.chicagobusiness.com/technology/software-firm-relativity-cuts-10-staff,Layoffs.fyi
L02270,Vedantu,"Bengaluru,Non-U.S.",India,Education,Series E,,,385.0,200-999,2022-12-07,2022,Q4,12,December,49,False,False,,https://economictimes.indiatimes.com/tech/startups/edtech-firm-vedantu-cuts-385-jobs-in-fourth-round-of-layoffs-this-year/articleshow/96060595.cms,Layoffs.fyi
L02276,Voi,"Stockholm,Non-U.S.",United States,Transportation,Series D,,,130.0,50-199,2022-12-07,2022,Q4,12,December,49,False,False,,https://www.breakit.se/artikel/35283/voi-tvingas-drar-ner-igen-vi-ar-mycket-ledsna,Layoffs.fyi
L02290,Adobe,SF Bay Area,United States,Marketing,Post-IPO,,,100.0,50-199,2022-12-06,2022,Q4,12,December,49,False,False,,https://www.bloomberg.com/news/articles/2022-12-06/adobe-cuts-100-jobs-concentrated-in-sales-as-tech-tightens-belt,Layoffs.fyi
L02295,Bridgit,"Waterloo,Non-U.S.",Canada,Construction,Series B,,,13.0,1-49,2022-12-06,2022,Q4,12,December,49,False,False,,https://www.therecord.com/news/waterloo-region/2022/12/06/some-startups-scaling-back-as-investment-shrinks.html,Layoffs.fyi
L02288,BuzzFeed,New York City,United States,Media,Post-IPO,,,180.0,50-199,2022-12-06,2022,Q4,12,December,49,False,False,,https://variety.com/2022/digital/news/buzzfeed-layoffs-12-percent-employees-1235451552/,Layoffs.fyi
L02291,Chipper Cash,SF Bay Area,United States,Finance,Series C,,,50.0,50-199,2022-12-06,2022,Q4,12,December,49,False,False,,https://techcrunch.com/2022/12/06/african-fintech-unicorn-chipper-cash-lays-off-about-12-5-of-staff/,Layoffs.fyi
L02286,Doma,SF Bay Area,United States,Finance,Post-IPO,,,515.0,200-999,2022-12-06,2022,Q4,12,December,49,False,False,,https://investor.doma.com/node/8161/html,Layoffs.fyi
L02287,Intel,SF Bay Area,United States,Hardware,Post-IPO,,,201.0,200-999,2022-12-06,2022,Q4,12,December,49,False,False,,https://www.crn.com/news/computing/intel-begins-layoffs-in-california-voluntary-unpaid-leave-program,Layoffs.fyi
L02294,Koinly,"London,Non-U.S.",United Kingdom,Crypto,Unknown,,,16.0,1-49,2022-12-06,2022,Q4,12,December,49,False,False,,https://blockworks.co/news/crypto-tax-startup-koinly-cuts-staffers-just-in-time-for-tax-season,Layoffs.fyi
L02293,Perimeter 81,"Tel Aviv,Non-U.S.",Israel,Security,Series C,,,20.0,1-49,2022-12-06,2022,Q4,12,December,49,False,False,,https://www.calcalistech.com/ctechnews/article/hjgmdpnws,Layoffs.fyi
L02292,Stash,New York City,United States,Finance,Unknown,,,32.0,1-49,2022-12-06,2022,Q4,12,December,49,False,False,,https://lp.stash.com/news/saying-goodbye-to-some-of-our-colleagues-and-looking-towards-the-future/,Layoffs.fyi
L02289,Weedmaps,Los Angeles,United States,Other,Acquired,,,175.0,50-199,2022-12-06,2022,Q4,12,December,49,False,False,,https://www.businessinsider.com/weedmaps-cannabis-company-layoffs-cutting-workforce-2022-12,Layoffs.fyi
L02302,Aqua Security,Boston,United States,Security,Series E,,,65.0,50-199,2022-12-05,2022,Q4,12,December,49,False,False,,https://www.calcalistech.com/ctechnews/article/s1uxohjvs,Layoffs.fyi
L02303,DataRails,"Tel Aviv,Non-U.S.",Israel,Finance,Series B,,,30.0,1-49,2022-12-05,2022,Q4,12,December,49,False,False,,https://www.calcalistech.com/ctechnews/article/s1ka1tjvj,Layoffs.fyi
L02301,Swyftx,"Brisbane,Non-U.S.",Australia,Crypto,Unknown,,,90.0,50-199,2022-12-05,2022,Q4,12,December,49,False,False,,https://www.smh.com.au/business/companies/worst-case-scenario-local-crypto-exchange-swyftx-lays-off-40-percent-of-staff-20221205-p5c3mu.html,Layoffs.fyi
L02308,HealthifyMe,Bengaluru,India,Fitness,Series C,,,150.0,50-199,2022-12-03,2022,Q4,12,December,48,False,False,,https://inc42.com/buzz/fitness-healthtech-startup-healthifyme-lays-off-150-employees/,Layoffs.fyi
L02307,OYO,"Gurugram,Non-U.S.",India,Travel,Series F,,,600.0,200-999,2022-12-03,2022,Q4,12,December,48,False,False,,https://www.livemint.com/companies/news/oyo-to-layoff-600-execs-across-technology-teams-hire-250-for-sales-11670056711013.html,Layoffs.fyi
L02310,Cognyte,"Tel Aviv,Non-U.S.",Israel,Security,Unknown,,,100.0,50-199,2022-12-02,2022,Q4,12,December,48,False,False,,https://www.globes.co.il/news/article.aspx?did=1001431603,Layoffs.fyi
L02312,Polly,Burlington,United States,Finance,Series C,,,47.0,1-49,2022-12-02,2022,Q4,12,December,48,False,False,,https://vtdigger.org/2022/12/02/williston-based-insurance-tech-startup-polly-lays-off-47-employees/,Layoffs.fyi
L02311,ShareChat,"Bengaluru,Non-U.S.",India,Consumer,Unknown,,,100.0,50-199,2022-12-02,2022,Q4,12,December,48,False,False,,https://www.india.com/business/sharechat-layoff-to-effect-over-100-employees-winds-down-fantasy-sport-app-jeet11-sahrechat-sacks-workforce-latest-news-5777356/,Layoffs.fyi
L02316,Bizzabo,New York City,United States,Marketing,Series E,,,100.0,50-199,2022-12-01,2022,Q4,12,December,48,False,False,,https://www.calcalistech.com/ctechnews/article/h1ajz9idj,Layoffs.fyi
L02317,BloomTech,SF Bay Area,United States,Education,Unknown,,,88.0,50-199,2022-12-01,2022,Q4,12,December,48,False,False,,https://techcrunch.com/2022/12/01/bloomtech-previously-lambda-school-cuts-half-of-staff/,Layoffs.fyi
L02315,Carousell,"Singapore,Non-U.S.",Singapore,Retail,Private Equity,,,110.0,50-199,2022-12-01,2022,Q4,12,December,48,False,False,,https://www.straitstimes.com/singapore/jobs/carousell-cuts-110-jobs-to-rein-in-costs,Layoffs.fyi
L02318,Netlify,SF Bay Area,United States,Product,Series D,,,48.0,1-49,2022-12-01,2022,Q4,12,December,48,False,False,,Internal memo,Layoffs.fyi
L02319,Springbig,Miami,United States,Sales,Post-IPO,,,37.0,1-49,2022-12-01,2022,Q4,12,December,48,False,False,,https://mjbizdaily.com/marijuana-software-firm-springbig-laying-off-nearly-25-percent-of-workforce/,Layoffs.fyi
L02325,DoorDash,SF Bay Area,United States,Food,Post-IPO,,,1250.0,"1,000-4,999",2022-11-30,2022,Q4,11,November,48,True,False,,https://www.reuters.com/business/retail-consumer/doordash-cuts-1250-jobs-an-effort-rein-expenses-2022-11-30/,Layoffs.fyi
L02334,Etermax,"Buenos Aires,Non-U.S.",Argentina,Other,Unknown,,,40.0,1-49,2022-11-30,2022,Q4,11,November,48,False,False,,https://www.clarin.com/economia/despidos-reestructuracion-tecnologicas-empresas-achican-pasar-2023_0_uxSUuShZhQ.html,Layoffs.fyi
L02331,Grin,Sacramento,United States,Marketing,Series B,,,60.0,50-199,2022-11-30,2022,Q4,11,November,48,False,False,,https://www.theinformation.com/briefings/influencer-marketing-startup-grin-lays-off-60-employees,Layoffs.fyi
L02327,Happy Money,Los Angeles,United States,Finance,Series D,,,158.0,50-199,2022-11-30,2022,Q4,11,November,48,False,False,,Internal memo,Layoffs.fyi
L02326,Kraken,SF Bay Area,United States,Crypto,Unknown,,,1100.0,"1,000-4,999",2022-11-30,2022,Q4,11,November,48,True,False,,https://blog.kraken.com/post/16442/business-update/,Layoffs.fyi
L02336,Nexar,New York City,United States,Transportation,Series D,,,25.0,1-49,2022-11-30,2022,Q4,11,November,48,False,False,,https://www.calcalistech.com/ctechnews/article/rktq3gqc3,Layoffs.fyi
L02330,StudySmarter,"Berlin,Non-U.S.",Germany,Education,Series A,,,70.0,50-199,2022-11-30,2022,Q4,11,November,48,False,False,,https://www.startbase.de/news/studysmarter-entlaesst-etwa-70-mitarbeitende/,Layoffs.fyi
L02333,Teachmint,"Bengaluru,Non-U.S.",India,Education,Series B,,,45.0,1-49,2022-11-30,2022,Q4,11,November,48,False,False,,https://inc42.com/buzz/edtech-startup-teachmint-lays-off-45-employees/,Layoffs.fyi
L02335,Thread,"London,Non-U.S.",United Kingdom,Retail,Acquired,,,30.0,1-49,2022-11-30,2022,Q4,11,November,48,False,False,,https://www.drapersonline.com/news/ms-acquires-thread-intellectual-property,Layoffs.fyi
L02332,Ualá,"Buenos Aires,Non-U.S.",Argentina,Finance,Series D,,,53.0,50-199,2022-11-30,2022,Q4,11,November,48,False,False,,https://www.perfil.com/noticias/economia/empresa-uala-despidio-medio-centenar-trabajadores.phtml,Layoffs.fyi
L02328,Ula,"Jakarta,Non-U.S.",Indonesia,Retail,Series B,,,134.0,50-199,2022-11-30,2022,Q4,11,November,48,False,False,,https://dailysocial.id/post/ula-layoff-2022,Layoffs.fyi
L02329,Wonder,New York City,United States,Food,Series B,,,130.0,50-199,2022-11-30,2022,Q4,11,November,48,False,False,,https://www.theinformation.com/articles/marc-lores-kitchen-on-wheels-startup-cuts-staff-dials-back-delivery-ambitions,Layoffs.fyi
L02342,Bitso,"Mexico City,Non-U.S.",Mexico,Crypto,Series C,,,100.0,50-199,2022-11-29,2022,Q4,11,November,48,False,False,,https://portaldobitcoin.uol.com.br/corretora-de-criptomoedas-bitso-faz-segunda-rodada-de-demissoes-no-brasil-e-no-mexico/,Layoffs.fyi
L02344,CoinJar,"Melbourne,Non-U.S.",Australia,Crypto,Unknown,,,10.0,1-49,2022-11-29,2022,Q4,11,November,48,False,False,,https://www.theaustralian.com.au/business/technology/melbourne-crypto-startup-coinjar-axes-20pc-of-workforce/news-story/485648b4b36a538ff7c00287adb57d5a,Layoffs.fyi
L02343,Lyst,"London,Non-U.S.",United Kingdom,Retail,Unknown,,,50.0,50-199,2022-11-29,2022,Q4,11,November,48,False,False,,https://techcrunch.com/2022/11/29/lyst-the-uk-fashion-marketplace-is-laying-off-25-of-staff/,Layoffs.fyi
L02356,Ajaib,"Jakarta,Non-U.S.",Indonesia,Finance,Unknown,,,67.0,50-199,2022-11-28,2022,Q4,11,November,48,False,False,,https://www.techinasia.com/indonesian-investment-platform-ajaib-lays-8-headcount,Layoffs.fyi
L02355,ApplyBoard,"Waterloo,Non-U.S.",Canada,Education,Series D,,,90.0,50-199,2022-11-28,2022,Q4,11,November,48,False,False,,https://www.therecord.com/news/waterloo-region/2022/11/28/applyboard-lays-off-six-per-cent-of-its-workforce.html,Layoffs.fyi
L02357,Candy Digital,New York City,United States,Crypto,Series A,,,33.0,1-49,2022-11-28,2022,Q4,11,November,48,False,False,,https://decrypt.co/115811/gary-vee-sports-nft-candy-digital-mass-layoffs,Layoffs.fyi
L02354,Hirect,"Bengaluru,Non-U.S.",India,Recruiting,Series A,,,200.0,200-999,2022-11-28,2022,Q4,11,November,48,False,False,,https://www.livemint.com/companies/start-ups/startup-direct-hiring-platform-hirect-fires40ofworkforce-11669662447280.html,Layoffs.fyi
L02352,Infarm,"Berlin,Non-U.S.",Germany,Other,Series D,,,500.0,200-999,2022-11-28,2022,Q4,11,November,48,False,False,,https://www.infarm.com/news/note-from-infarm-s-founders-strategy-shift-and-profitability-at-infarm,Layoffs.fyi
L02358,ResearchGate,"Berlin,Non-U.S.",Germany,Other,Series D,,,25.0,1-49,2022-11-28,2022,Q4,11,November,48,False,False,,https://www.linkedin.com/posts/ijad-madisch-4428229_today-we-are-reducing-the-size-of-the-researchgate-activity-7002973716632502273-7jum/,Layoffs.fyi
L02353,Wildlife Studios,"Sao Paulo,Non-U.S.",Brazil,Consumer,Unknown,,,300.0,200-999,2022-11-28,2022,Q4,11,November,48,False,False,,https://mobilegamer.biz/massive-layoffs-at-wildlife-as-it-drops-all-non-mobile-game-projects/,Layoffs.fyi
L02368,Carwow,"London,Non-U.S.",United Kingdom,Transportation,Unknown,,,70.0,50-199,2022-11-25,2022,Q4,11,November,47,False,False,,https://www.ft.com/content/19150de3-bbd4-42b3-acbd-52b228dc1bf1,Layoffs.fyi
L02369,Vendease,"Lagos,Non-U.S.",Nigeria,Food,Series A,,,27.0,1-49,2022-11-25,2022,Q4,11,November,47,False,False,,https://techcabal.com/2022/11/25/nigerian-food-procurement-platform-vendease-lays-off-9-of-its-workforce/,Layoffs.fyi
L02367,VerSe Innovation,"Bengaluru,Non-U.S.",India,Media,Series J,,,150.0,50-199,2022-11-25,2022,Q4,11,November,47,False,False,,https://techcrunch.com/2022/11/28/verse-innovation-layoff-salary-cut/,Layoffs.fyi
L02370,Lemon,"Buenos Aires,Non-U.S.",Argentina,Crypto,Series A,,,100.0,50-199,2022-11-24,2022,Q4,11,November,47,False,False,,https://www.forbesargentina.com/innovacion/lemon-despide-tercio-sus-empleados-anuncia-nuevo-foco-compania-sea-mas-sostenible-n25358,Layoffs.fyi
L02371,Quidax,"Lagos,Non-U.S.",Nigeria,Crypto,Unknown,,,20.0,1-49,2022-11-24,2022,Q4,11,November,47,False,False,,https://techcabal.com/2022/11/24/nigerian-crypto-exchange-quidax-lays-off-20-of-its-workforce/,Layoffs.fyi
L02380,Movidesk,"Blumenau,Non-U.S.",Brazil,Support,Acquired,,,118.0,50-199,2022-11-22,2022,Q4,11,November,47,False,False,,https://startups.com.br/noticias/zenvia-faz-limpa-na-movidesk-e-demite-118-funcionarios/,Layoffs.fyi
L02379,SIRCLO,"Jakarta,Non-U.S.",Indonesia,Retail,Series B,,,160.0,50-199,2022-11-22,2022,Q4,11,November,47,False,False,,https://dailysocial.id/post/sirclo-layoff-2022,Layoffs.fyi
L02381,Trax,"Singapore,Non-U.S.",Singapore,Retail,Series E,,,80.0,50-199,2022-11-22,2022,Q4,11,November,47,False,False,,https://www.themarker.com/technation/2022-11-22/ty-article/.premium/00000184-9f73-d710-a7c6-df731af70000,Layoffs.fyi
L02378,Western Digital,SF Bay Area,United States,Hardware,Post-IPO,,,251.0,200-999,2022-11-22,2022,Q4,11,November,47,False,False,,https://www.bizjournals.com/sanjose/news/2022/11/22/western-digital-latest-valley-company-with-layoffs.html,Layoffs.fyi
L02386,Jumia,"Lagos,Non-U.S.",Nigeria,Retail,Post-IPO,,,900.0,200-999,2022-11-21,2022,Q4,11,November,47,False,False,,https://techcrunch.com/2023/02/16/jumia-laid-off-20-of-staff-in-q4-2022-amid-work-to-reduce-losses-by-half-this-year/,Layoffs.fyi
L02387,Kitopi,"Dubai,Non-U.S.",United States,Food,Series C,,,93.0,50-199,2022-11-21,2022,Q4,11,November,47,False,False,,https://www.arabianbusiness.com/jobs/dubai-unicorn-kitopi-sacks-93-head-office-staff-as-tech-industry-slumps,Layoffs.fyi
L02390,Zomato,"Gurugram,Non-U.S.",India,Food,Series J,,,100.0,50-199,2022-11-19,2022,Q4,11,November,46,False,False,,https://www.businesstoday.in/latest/economy/story/after-byjus-now-zomato-fires-employees-about-100-jobs-impacted-so-far-report-353435-2022-11-19,Layoffs.fyi
L02391,Carvana,Phoenix,United States,Transportation,Post-IPO,,,1500.0,"1,000-4,999",2022-11-18,2022,Q4,11,November,46,True,False,,https://www.wsj.com/articles/carvana-plans-to-lay-off-1-500-employees-cites-economic-concerns-11668793114,Layoffs.fyi
L02392,Nuro,SF Bay Area,United States,Transportation,Series D,,,300.0,200-999,2022-11-18,2022,Q4,11,November,46,False,False,,https://techcrunch.com/2022/11/18/autonomous-delivery-startup-nuro-lays-off-20-of-workforce/,Layoffs.fyi
L02394,Splyt,"London,Non-U.S.",United Kingdom,Transportation,Series B,,,57.0,50-199,2022-11-18,2022,Q4,11,November,46,False,False,,https://www.linkedin.com/posts/philipp-mintchin-27b0b943_since-the-beginning-of-the-pandemic-in-2020-activity-7000407838200147968-vFMO/,Layoffs.fyi
L02393,Synthego,SF Bay Area,United States,Healthcare,Series E,,,105.0,50-199,2022-11-18,2022,Q4,11,November,46,False,False,,https://www.fiercebiotech.com/biotech/fierce-biotech-layoff-tracker-2022,Layoffs.fyi
L02409,&Open,"Dublin,Non-U.S.",Ireland,Marketing,Series A,,,9.0,1-49,2022-11-17,2022,Q4,11,November,46,False,False,,https://www.irishtimes.com/technology/2022/11/17/gifting-platform-open-to-cut-nine-roles-from-global-workforce/,Layoffs.fyi
L02406,Capitolis,New York City,United States,Finance,Series D,,,37.0,1-49,2022-11-17,2022,Q4,11,November,46,False,False,,https://www.themarker.com/technation/2022-11-17/ty-article/.premium/00000184-8592-d309-afe7-a597c17f0000,Layoffs.fyi
L02405,Chili Piper,New York City,United States,Sales,Series B,,,58.0,50-199,2022-11-17,2022,Q4,11,November,46,False,False,,https://www.linkedin.com/feed/update/urn:li:activity:6999112600667983872/,Layoffs.fyi
L02403,Homepoint,Phoenix,United States,Real Estate,Post-IPO,,,113.0,50-199,2022-11-17,2022,Q4,11,November,46,False,False,,https://www.bizjournals.com/phoenix/news/2022/11/17/homepoint-laying-off-az-employees-interest-rates.html,Layoffs.fyi
L02404,Juni,"Gothenburg,Non-U.S.",Sweden,Finance,Unknown,,,72.0,50-199,2022-11-17,2022,Q4,11,November,46,False,False,,https://www.finextra.com/newsarticle/41340/juni-joins-fintech-bloodbath-lays-off-a-third-of-staff,Layoffs.fyi
L02408,Koho,"Toronto,Non-U.S.",Canada,Finance,Series D,,,15.0,1-49,2022-11-17,2022,Q4,11,November,46,False,False,,https://betakit.com/canadian-tech-layoffs-continue-as-tough-year-comes-to-a-close/,Layoffs.fyi
L02402,Orchard,New York City,United States,Real Estate,Series D,,,180.0,50-199,2022-11-17,2022,Q4,11,November,46,False,False,,https://www.inman.com/2022/11/17/orchard-lays-off-180-workers-amid-historic-housing-disruption/,Layoffs.fyi
L02401,Roku,SF Bay Area,United States,Media,Post-IPO,,,200.0,200-999,2022-11-17,2022,Q4,11,November,46,False,False,,https://variety.com/2022/digital/news/roku-layoffs-200-employees-1235435468/amp/,Layoffs.fyi
L02407,TealBook,"Toronto,Non-U.S.",Canada,Other,Series B,,,34.0,1-49,2022-11-17,2022,Q4,11,November,46,False,False,,https://www-theglobeandmail-com.cdn.ampproject.org/c/s/www.theglobeandmail.com/amp/business/article-symend-tealbook-latest-canadian-tech-startups-to-cut-staff-amid-market/,Layoffs.fyi
L02413,Amazon,Seattle,United States,Retail,Post-IPO,,,10000.0,"5,000+",2022-11-16,2022,Q4,11,November,46,True,True,,https://www.nytimes.com/2022/11/14/technology/amazon-layoffs.html,Layoffs.fyi
L02414,Cisco,SF Bay Area,United States,Infrastructure,Post-IPO,,,4100.0,"1,000-4,999",2022-11-16,2022,Q4,11,November,46,True,False,,https://www.bizjournals.com/sanjose/news/2022/11/16/cisco-announces-600m-restructuring-layoffs.html,Layoffs.fyi
L02419,Lokalise,Dover,United States,Other,Series B,,,76.0,50-199,2022-11-16,2022,Q4,11,November,46,False,False,,https://lokalise.com/blog/changes-at-lokalise/,Layoffs.fyi
L02421,Pear Therapeutics,Boston,United States,Healthcare,Post-IPO,,,59.0,50-199,2022-11-16,2022,Q4,11,November,46,False,False,,https://www.fiercebiotech.com/medtech/pear-therapeutics-trims-workforce-another-22,Layoffs.fyi
L02418,Salsify,Boston,United States,Retail,Series F,,,90.0,50-199,2022-11-16,2022,Q4,11,November,46,False,False,,https://www.bizjournals.com/boston/inno/stories/news/2022/11/16/salsify-layoffs-2022.html,Layoffs.fyi
L02417,Similarweb,New York City,United States,Other,Post-IPO,,,120.0,50-199,2022-11-16,2022,Q4,11,November,46,False,False,,https://en.globes.co.il/en/article-similarweb-cuts-10-of-workforce-1001430060,Layoffs.fyi
L02415,Twiga,"Nairobi,Non-U.S.",Kenya,Food,Series C,,,211.0,200-999,2022-11-16,2022,Q4,11,November,46,False,False,,https://techcrunch.com/2022/11/16/kenyas-twiga-dismisses-in-house-sales-team-affecting-21-of-it-employees/,Layoffs.fyi
L02416,Wayflyer,"Dublin,Non-U.S.",Ireland,Marketing,Unknown,,,200.0,200-999,2022-11-16,2022,Q4,11,November,46,False,False,,https://sifted.eu/articles/wayflyer-layoffs-global-2022/,Layoffs.fyi
L02420,Yotpo,New York City,United States,Marketing,Unknown,,,70.0,50-199,2022-11-16,2022,Q4,11,November,46,False,False,,https://www.calcalistech.com/ctechnews/article/hy00chefus,Layoffs.fyi
L02429,Asana,SF Bay Area,United States,Other,Post-IPO,,,180.0,50-199,2022-11-15,2022,Q4,11,November,46,False,False,,https://www.linkedin.com/posts/anneraimondi_earlier-today-we-shared-the-incredibly-difficult-activity-6998297745270718465-a_MV/,Layoffs.fyi
L02438,CaptivateIQ,SF Bay Area,United States,Sales,Series C,,,31.0,1-49,2022-11-15,2022,Q4,11,November,46,False,False,,Internal memo,Layoffs.fyi
L02431,Deliveroo Australia,"Melbourne,Victoria",Australia,Food,Post-IPO,,,120.0,50-199,2022-11-15,2022,Q4,11,November,46,False,False,,https://www.abc.net.au/news/2022-11-16/deliveroo-enters-voluntary-administration/101661932,Layoffs.fyi
L02435,Jimdo,"Hamburg,Non-U.S.",Germany,Other,Unknown,,,50.0,50-199,2022-11-15,2022,Q4,11,November,46,False,False,,https://www.businessinsider.de/gruenderszene/business/entlassungswelle-jimdo-november/,Layoffs.fyi
L02430,OwnBackup,New York City,United States,Security,Series E,,,170.0,50-199,2022-11-15,2022,Q4,11,November,46,False,False,,https://www.calcalistech.com/ctechnews/article/h12tcmbuj,Layoffs.fyi
L02432,Productboard,SF Bay Area,United States,Product,Series D,,,100.0,50-199,2022-11-15,2022,Q4,11,November,46,False,False,,https://cc.cz/cesky-startup-productboard-propousti-100-lidi-je-to-nejtezsi-rozhodnuti-kariery-rika-hubert-palan/,Layoffs.fyi
L02433,Properly,"Toronto,Non-U.S.",Canada,Real Estate,Series B,,,71.0,50-199,2022-11-15,2022,Q4,11,November,46,False,False,,https://inside.properly.ca/important-changes-to-the-properly-team-3c2d04191dd6,Layoffs.fyi
L02434,Protocol,SF Bay Area,United States,Media,Acquired,,,60.0,50-199,2022-11-15,2022,Q4,11,November,46,False,False,,https://www.cnn.com/2022/11/15/media/protocol/index.html,Layoffs.fyi
L02436,The Zebra,Austin,United States,Finance,Series D,,,50.0,50-199,2022-11-15,2022,Q4,11,November,46,False,False,,https://coverager.com/the-zebra-goes-through-another-round-of-layoffs/,Layoffs.fyi
L02428,UiPath,New York City,United States,Data,Post-IPO,,,241.0,200-999,2022-11-15,2022,Q4,11,November,46,False,False,,https://www.marketwatch.com/story/uipath-stock-rockets-after-company-announces-further-layoffs-suggests-revenue-could-beat-2022-11-15,Layoffs.fyi
L02437,Viber,"Luxembourg,Non-U.S.",Luxembourg,Consumer,Acquired,,,45.0,1-49,2022-11-15,2022,Q4,11,November,46,False,False,,https://www.calcalistech.com/ctechnews/article/hyy6fhwlo,Layoffs.fyi
L02456,Cardlytics,Atlanta,United States,Marketing,Post-IPO,,,51.0,50-199,2022-11-14,2022,Q4,11,November,46,False,False,,https://www.marketscreener.com/quote/stock/CARDLYTICS-INC-40680969/news/Cardlytics-to-Terminate-51-Employees-Appoints-John-Balen-Chairman-Shares-up-After-Hours-42312731/,Layoffs.fyi
L02457,Cloudinary,SF Bay Area,United States,Media,Unknown,,,40.0,1-49,2022-11-14,2022,Q4,11,November,46,False,False,,"https://www.calcalistech.com/ctechnews/article/h1sioa1li#:~:text=Israeli%20unicorn%20Cloudinary%2C%20which%20has,total%20of%20around%2040%20employees.",Layoffs.fyi
L02459,Gokada,"Lagos,Non-U.S.",Nigeria,Transportation,Unknown,,,20.0,1-49,2022-11-14,2022,Q4,11,November,46,False,False,,https://techcabal.com/2023/02/02/gokada-layoffs-affects-54/,Layoffs.fyi
L02448,Illumina,San Diego,United States,Healthcare,Post-IPO,,,500.0,200-999,2022-11-14,2022,Q4,11,November,46,False,False,,https://www.genomeweb.com/business-news/illumina-lays-approximately-500-employees-response-economic-climate#.Y4FAPOzMJjM,Layoffs.fyi
L02453,Intercom,SF Bay Area,United States,Support,Series D,,,124.0,50-199,2022-11-14,2022,Q4,11,November,46,False,False,,https://www.siliconrepublic.com/business/intercom-job-cuts-ireland-global,Layoffs.fyi
L02458,Nestcoin,"Lagos,Non-U.S.",Nigeria,Crypto,Seed,,,30.0,1-49,2022-11-14,2022,Q4,11,November,46,False,False,,https://techcrunch.com/2022/11/14/african-web3-startup-nestcoin-declares-it-held-its-assests-in-ftx-lays-off-employees/,Layoffs.fyi
L02455,Pear Therapeutics,Boston,United States,Healthcare,Post-IPO,,,59.0,50-199,2022-11-14,2022,Q4,11,November,46,False,False,,https://peartherapeutics.com/pear-therapeutics-reports-third-quarter-2022-results/,Layoffs.fyi
L02452,Pipedrive,"Tallinn,Non-U.S.",Estonia,Sales,Private Equity,,,143.0,50-199,2022-11-14,2022,Q4,11,November,46,False,False,,https://digipro.geenius.ee/rubriik/uudis/tehnoloogiasektori-koondamislaine-joudis-ka-eestisse-pipedrive-laseb-lahti-143-tootajat/,Layoffs.fyi
L02451,Ribbon,New York City,United States,Real Estate,Series C,,,170.0,50-199,2022-11-14,2022,Q4,11,November,46,False,False,,https://www.businessinsider.com/ribbon-more-layoffs-proptech-startup-economic-uncertainty-2022-11,Layoffs.fyi
L02454,Science 37 ,Los Angeles,United States,Healthcare,Post-IPO,,,90.0,50-199,2022-11-14,2022,Q4,11,November,46,False,False,,https://www.bizjournals.com/triangle/news/2022/11/14/science-37-layoffs-biotech-clinical-headwinds.html,Layoffs.fyi
L02449,Sema4,Stamford,United States,Healthcare,Post-IPO,,,500.0,200-999,2022-11-14,2022,Q4,11,November,46,False,False,,https://www.marketwatch.com/story/sema4-to-cut-500-jobs-in-exit-from-reproductive-women-s-health-testing-smfr-271668433348?mod=markets,Layoffs.fyi
L02450,iFit,Logan,United States,Fitness,Private Equity,,,300.0,200-999,2022-11-14,2022,Q4,11,November,46,False,False,,https://www.sltrib.com/news/2022/11/14/hundreds-utah-jobs-cut-logans/,Layoffs.fyi
L02463,Forto,"Berlin,Non-U.S.",United States,Logistics,Series D,,,60.0,50-199,2022-11-11,2022,Q4,11,November,45,False,False,,https://www.deutsche-startups.de/2022/11/11/forto-delivery-hero-stuffle-burnout-hr-startups/,Layoffs.fyi
L02462,Veev,SF Bay Area,United States,Real Estate,Series D,,,100.0,50-199,2022-11-11,2022,Q4,11,November,45,False,False,,https://www.calcalistech.com/ctechnews/article/hjkataiss,Layoffs.fyi
L02469,Blend,SF Bay Area,United States,Finance,Post-IPO,,,100.0,50-199,2022-11-10,2022,Q4,11,November,45,False,False,,https://www.housingwire.com/articles/blend-reports-133-98-million-loss-in-q3-layoffs-of-100-positions/,Layoffs.fyi
L02471,Coinbase,SF Bay Area,United States,Crypto,Post-IPO,,,60.0,50-199,2022-11-10,2022,Q4,11,November,45,False,False,,https://www.theinformation.com/articles/coinbase-is-cutting-more-jobs,Layoffs.fyi
L02467,GoTo Group,"Jakarta,Non-U.S.",Indonesia,Transportation,Post-IPO,,,1300.0,"1,000-4,999",2022-11-10,2022,Q4,11,November,45,True,False,,https://www.reuters.com/technology/indonesias-goto-cuts-1300-workers-or-12-total-employees-2022-11-18/,Layoffs.fyi
L02470,InfluxData,SF Bay Area,United States,Data,Series D,,,65.0,50-199,2022-11-10,2022,Q4,11,November,45,False,False,,Internal memo,Layoffs.fyi
L02468,Juul,SF Bay Area,United States,Consumer,Unknown,,,400.0,200-999,2022-11-10,2022,Q4,11,November,45,False,False,,https://www.cnbc.com/2022/11/10/juul-strikes-financing-deal-plans-to-cut-jobs-to-dodge-bankruptcy.html,Layoffs.fyi
L02474,Ocavu,Lehi,United States,Crypto,Series A,,,20.0,1-49,2022-11-10,2022,Q4,11,November,45,False,False,,https://www.sltrib.com/news/2022/11/10/company-partnering-with-byu-nft/,Layoffs.fyi
L02472,SoundHound,SF Bay Area,United States,Other,Post-IPO,,,45.0,1-49,2022-11-10,2022,Q4,11,November,45,False,False,,https://techcrunch.com/2022/11/10/soundhound-layoffs/,Layoffs.fyi
L02473,Wistia,Boston,United States,Marketing,Unknown,,,40.0,1-49,2022-11-10,2022,Q4,11,November,45,False,False,,https://www.linkedin.com/feed/update/urn:li:activity:6996584795774328832/,Layoffs.fyi
L02484,AvantStay,Los Angeles,United States,Travel,Private Equity,,,144.0,50-199,2022-11-09,2022,Q4,11,November,45,False,False,,https://shorttermrentalz.com/news/avantstay-workforce-redundancies-round/,Layoffs.fyi
L02487,Cameo,Chicago,United States,Consumer,Unknown,,,80.0,50-199,2022-11-09,2022,Q4,11,November,45,False,False,,https://www.theinformation.com/briefings/cameo-lays-off-staff-for-second-time-this-year,Layoffs.fyi
L02483,Flyhomes,Seattle,United States,Real Estate,Series C,,,300.0,200-999,2022-11-09,2022,Q4,11,November,45,False,False,,https://www.geekwire.com/2022/flyhomes-does-another-round-of-layoffs-as-housing-market-hurts-real-estate-tech-companies/,Layoffs.fyi
L02490,HighRadius,"Bengaluru,Non-U.S.",India,Finance,Series C,,,25.0,1-49,2022-11-09,2022,Q4,11,November,45,False,False,,https://www.newindianexpress.com/business/2022/nov/17/indian-employees-of-us-based-software-firm-highradius-furious-and-upset-over-manner-they-were-sacked-2519198.html,Layoffs.fyi
L02489,Kabam,SF Bay Area,United States,Consumer,Acquired,,,35.0,1-49,2022-11-09,2022,Q4,11,November,45,False,False,,https://techcrunch.com/2022/11/09/kabam-layoffs/,Layoffs.fyi
L02486,Liftoff,SF Bay Area,United States,Marketing,Acquired,,,130.0,50-199,2022-11-09,2022,Q4,11,November,45,False,False,,Internal memo,Layoffs.fyi
L02481,Meta,SF Bay Area,United States,Consumer,Post-IPO,,,11000.0,"5,000+",2022-11-09,2022,Q4,11,November,45,True,True,,https://www.cnbc.com/2022/11/09/meta-to-lay-off-more-than-11000-thousand-employees.html,Layoffs.fyi
L02491,Namogoo,"Tel Aviv,Non-U.S.",United States,Marketing,Series C,,,25.0,1-49,2022-11-09,2022,Q4,11,November,45,False,False,,https://www.calcalistech.com/ctechnews/article/hjjawkyri,Layoffs.fyi
L02488,Plum,"Bengaluru,Non-U.S.",India,Healthcare,Series A,,,36.0,1-49,2022-11-09,2022,Q4,11,November,45,False,False,,https://www.moneycontrol.com/news/business/announcements/tiger-global-backed-plum-insurance-lays-off-36-employees-9478371.html,Layoffs.fyi
L02482,Redfin,Seattle,United States,Real Estate,Post-IPO,,,862.0,200-999,2022-11-09,2022,Q4,11,November,45,False,False,,https://www.businessinsider.com/redfin-layoffs-home-flipping-business-redfinnow-shut-down-2022-11,Layoffs.fyi
L02485,Root Insurance,Columbus,United States,Finance,Post-IPO,,,137.0,50-199,2022-11-09,2022,Q4,11,November,45,False,False,,https://www.dispatch.com/story/business/employment/2022/11/09/columbus-company-root-to-cut-20-of-its-workforce/69635184007/,Layoffs.fyi
L02498,EverBridge,Boston,United States,Other,Post-IPO,,,200.0,200-999,2022-11-08,2022,Q4,11,November,45,False,False,,https://www.bizjournals.com/boston/news/2022/11/08/everbridge-to-lay-off-200-workers.html,Layoffs.fyi
L02499,Repertoire Immune Medicines,Boston,United States,Healthcare,Series B,,,65.0,50-199,2022-11-08,2022,Q4,11,November,45,False,False,,https://www.bizjournals.com/boston/news/2022/11/07/repertoire-immune-medicines-layoffs-2022-biotech.html,Layoffs.fyi
L02507,Dock,"Sao Paulo,Non-U.S.",Brazil,Finance,Private Equity,,,190.0,50-199,2022-11-07,2022,Q4,11,November,45,False,False,,https://www.infomoney.com.br/negocios/exclusivo-startup-dock-nao-passa-ilesa-e-faz-demissao-em-massa/,Layoffs.fyi
L02504,Salesforce,SF Bay Area,United States,Sales,Post-IPO,,,1000.0,"1,000-4,999",2022-11-07,2022,Q4,11,November,45,True,False,,https://www.cnbc.com/2022/11/08/salesforce-cut-hundreds-of-employees-on-monday.html,Layoffs.fyi
L02505,Unacademy,"Bengaluru,Non-U.S.",India,Education,Series H,,,350.0,200-999,2022-11-07,2022,Q4,11,November,45,False,False,,https://economictimes.indiatimes.com/tech/startups/unacademy-cuts-another-350-jobs-in-second-round-of-layoffs/articleshow/95361443.cms,Layoffs.fyi
L02506,Zendesk,SF Bay Area,United States,Support,Acquired,,,350.0,200-999,2022-11-07,2022,Q4,11,November,45,False,False,,https://twitter.com/GergelyOrosz/status/1589676662593302528,Layoffs.fyi
L02511,Brainly,"Krakow,Non-U.S.",Poland,Education,Series D,,,25.0,1-49,2022-11-06,2022,Q4,11,November,44,False,False,,https://www.newindianexpress.com/lifestyle/tech/2022/nov/06/poland-based-ed-tech-platform-brainly-fires-nearly-all-staff-in-india-2515584.html,Layoffs.fyi
L02510,Varonis,New York City,United States,Security,Post-IPO,,,110.0,50-199,2022-11-06,2022,Q4,11,November,44,False,False,,https://www.calcalistech.com/ctechnews/article/hjfkkmrbo,Layoffs.fyi
L02517,Exodus,Nebraska City,United States,Crypto,Unknown,,,59.0,50-199,2022-11-04,2022,Q4,11,November,44,False,False,,https://www.exodus.com/news/exodus-restructure/,Layoffs.fyi
L02516,KoinWorks,"Jakarta,Non-U.S.",Indonesia,Finance,Unknown,,,70.0,50-199,2022-11-04,2022,Q4,11,November,44,False,False,,https://www.techinasia.com/koinworks-layoff-2022,Layoffs.fyi
L02515,Planetly,"Berlin,Non-U.S.",Germany,Other,Acquired,,,200.0,200-999,2022-11-04,2022,Q4,11,November,44,False,False,,https://www.axios.com/pro/climate-deals/2022/11/04/planetly-shuts-down-layoffs-carbon-accounting,Layoffs.fyi
L02513,Twitter,SF Bay Area,United States,Consumer,Post-IPO,,,3700.0,"1,000-4,999",2022-11-04,2022,Q4,11,November,44,True,False,,https://www.nytimes.com/2022/11/04/technology/elon-musk-twitter-layoffs.html,Layoffs.fyi
L02514,Udaan,"Bengaluru,Non-U.S.",India,Retail,Unknown,,,350.0,200-999,2022-11-04,2022,Q4,11,November,44,False,False,,https://inc42.com/buzz/udaan-fires-350-employees-in-second-wave-of-layoffs-this-year/,Layoffs.fyi
L02524,Delivery Hero,"Berlin,Non-U.S.",Germany,Food,Post-IPO,,,100.0,50-199,2022-11-03,2022,Q4,11,November,44,False,False,,https://mobile.twitter.com/GergelyOrosz/status/1588220445039497222,Layoffs.fyi
L02522,LendingTree,Charlotte,United States,Finance,Post-IPO,,,200.0,200-999,2022-11-03,2022,Q4,11,November,44,False,False,,https://investors.lendingtree.com/static-files/b06a0e39-53f1-480a-867f-230222a6a84c,Layoffs.fyi
L02521,Lyft,SF Bay Area,United States,Transportation,Post-IPO,,,700.0,200-999,2022-11-03,2022,Q4,11,November,44,False,False,,https://www.wsj.com/articles/lyft-plans-to-lay-off-hundreds-of-staffers-11667490092,Layoffs.fyi
L02523,Pleo,"Copenhagen,Non-U.S.",United States,Finance,Series C,,,150.0,50-199,2022-11-03,2022,Q4,11,November,44,False,False,,https://www.finextra.com/newsarticle/41262/danish-fintech-pleo-cuts-workforce-by-15,Layoffs.fyi
L02525,Shippo,SF Bay Area,United States,Logistics,Series E,,,60.0,50-199,2022-11-03,2022,Q4,11,November,44,False,False,,https://www.linkedin.com/posts/laurabehrenswu_today-we-made-the-difficult-decision-to-exit-activity-6994028038543851520-M9iZ/,Layoffs.fyi
L02520,Stripe,SF Bay Area,United States,Finance,Series H,,,1000.0,"1,000-4,999",2022-11-03,2022,Q4,11,November,44,True,False,,https://www.bloomberg.com/news/articles/2022-11-03/stripe-cutting-headcount-by-14-as-it-readies-for-leaner-times,Layoffs.fyi
L02535,Chargebee,SF Bay Area,United States,Finance,Series H,,,142.0,50-199,2022-11-02,2022,Q4,11,November,44,False,False,,https://techcrunch.com/2022/11/02/tiger-global-chargebee-layoffs/,Layoffs.fyi
L02537,Checkmarx,"Tel Aviv,Non-U.S.",Israel,Security,Series C,,,100.0,50-199,2022-11-02,2022,Q4,11,November,44,False,False,,https://www.calcalistech.com/ctechnews/article/hjailhyri,Layoffs.fyi
L02534,Chime,SF Bay Area,United States,Finance,Series G,,,156.0,50-199,2022-11-02,2022,Q4,11,November,44,False,False,,https://www.theinformation.com/articles/chime-slashes-12-of-staff-marking-latest-casualty-in-fintech-meltdown,Layoffs.fyi
L02536,Dapper Labs,"Vancouver,Non-U.S.",United States,Crypto,Series D,,,134.0,50-199,2022-11-02,2022,Q4,11,November,44,False,False,,https://betakit.com/dapper-labs-lays-off-22-percent-of-staff/,Layoffs.fyi
L02540,Digital Currency Gruop,Stamford,United States,Crypto,Unknown,,,10.0,1-49,2022-11-02,2022,Q4,11,November,44,False,False,,https://www.coindesk.com/business/2022/11/02/digital-currency-group-promotes-mark-murphy-to-president-cuts-nearly-13-staff-report/,Layoffs.fyi
L02539,Iron Ox,SF Bay Area,United States,Food,Series C,,,50.0,50-199,2022-11-02,2022,Q4,11,November,44,False,False,,https://techcrunch.com/2022/11/03/iron-ox-lays-off-50-amounting-to-nearly-half-its-staff/,Layoffs.fyi
L02533,Opendoor,SF Bay Area,United States,Real Estate,Post-IPO,,,550.0,200-999,2022-11-02,2022,Q4,11,November,44,False,False,,https://www.bloomberg.com/news/articles/2022-11-02/opendoor-lays-off-18-of-workers-in-wave-of-housing-cutbacks,Layoffs.fyi
L02538,Smava,"Berlin,Non-U.S.",Germany,Finance,Unknown,,,100.0,50-199,2022-11-02,2022,Q4,11,November,44,False,False,,https://www.businessinsider.de/gruenderszene/fintech/smava-entlassungen-oktober/,Layoffs.fyi
L02543,Argo AI,SF Bay Area,United States,Transportation,Unknown,,,259.0,200-999,2022-11-01,2022,Q4,11,November,44,False,False,,https://www.bizjournals.com/sanjose/news/2023/01/03/argo-ai-lays-off-259-palo-alto-employes.html,Layoffs.fyi
L02544,Booking.com,Grand Rapids,United States,Travel,Acquired,,,226.0,200-999,2022-11-01,2022,Q4,11,November,44,False,False,,https://www.crainsdetroit.com/west-michigan/bookingcom-close-grand-rapids-area-facility-lay-226,Layoffs.fyi
L02552,Drop,"Toronto,Non-U.S.",Canada,Marketing,Series B,,,24.0,1-49,2022-11-01,2022,Q4,11,November,44,False,False,,Internal memo,Layoffs.fyi
L02547,Gem,SF Bay Area,United States,Recruiting,Series C,,,100.0,50-199,2022-11-01,2022,Q4,11,November,44,False,False,,https://www.theinformation.com/briefings/recruiting-startup-gem-cuts-a-third-of-workforce,Layoffs.fyi
L02551,Hootsuite,"Vancouver,Non-U.S.",Canada,Marketing,Series C,,,50.0,50-199,2022-11-01,2022,Q4,11,November,44,False,False,,Internal memo,Layoffs.fyi
L02548,Oda,"Oslo,Non-U.S.",Sweden,Food,Unknown,,,70.0,50-199,2022-11-01,2022,Q4,11,November,44,False,False,,https://www.dn.no/handel/oda/oda-kutter-70-arsverk-ma-ha-ny-milliardinnsproytning/2-1-1344693?zephr_sso_ott=mwDa9x,Layoffs.fyi
L02549,Oda,"Oslo,Non-U.S.",Norway,Food,Unknown,,,70.0,50-199,2022-11-01,2022,Q4,11,November,44,False,False,,https://shifter.no/nyheter/oda-sparker-70-og-henter-15-milliarder-kroner/262587,Layoffs.fyi
L02550,Oda,"Oslo,Non-U.S.",Norway,Food,Unknown,,,70.0,50-199,2022-11-01,2022,Q4,11,November,44,False,False,,https://norway.postsen.com/local/62256/Oda-lays-off-employees-to-collect-billions-of-dollars-%E2%80%93-E24.html,Layoffs.fyi
L02545,Oracle,SF Bay Area,United States,Other,Post-IPO,,,200.0,200-999,2022-11-01,2022,Q4,11,November,44,False,False,,https://www.businessinsider.com/oracle-cloud-infrastructure-layoffs-200-employees-2022-11?IR=T,Layoffs.fyi
L02553,Tapps Games,"Sao Paulo,Non-U.S.",Brazil,Consumer,Unknown,,,10.0,1-49,2022-11-01,2022,Q4,11,November,44,False,False,,https://dropsdejogos.uai.com.br/noticias/indie/tapps-games-demissoes/,Layoffs.fyi
L02546,Upstart,SF Bay Area,United States,Finance,Post-IPO,,,140.0,50-199,2022-11-01,2022,Q4,11,November,44,False,False,,https://techcrunch.com/2022/11/01/upstart-layoffs/,Layoffs.fyi
L02560,Dukaan,"Bengaluru,Non-U.S.",India,Retail,Series A,,,23.0,1-49,2022-10-31,2022,Q4,10,October,44,False,False,,https://www.vccircle.com/saasplatform-dukaan-lays-off-23-employees,Layoffs.fyi
L02558,EquityZen,New York City,United States,Finance,Series B,,,30.0,1-49,2022-10-31,2022,Q4,10,October,44,False,False,,https://www.axios.com/2022/10/31/scoop-layoffs-hit-startup-stock-marketplace-equityzen,Layoffs.fyi
L02559,Equitybee,SF Bay Area,United States,Finance,Series B,,,25.0,1-49,2022-10-31,2022,Q4,10,October,44,False,False,,https://www.calcalistech.com/ctechnews/article/hkrqontns,Layoffs.fyi
L02556,Kry,"Stockholm,Non-U.S.",Sweden,Healthcare,Series D,,,300.0,200-999,2022-10-31,2022,Q4,10,October,44,False,False,,https://www.dn.se/ekonomi/kry-sager-upp-runt-300-anstallda/,Layoffs.fyi
L02557,Notarize,Boston,United States,Legal,Series D,,,60.0,50-199,2022-10-31,2022,Q4,10,October,44,False,False,,https://www.bizjournals.com/boston/news/2022/10/31/notarize-another-round-layoffs-this-year.html,Layoffs.fyi
L02564,Advata,Seattle,United States,Healthcare,,,,32.0,1-49,2022-10-28,2022,Q4,10,October,43,False,False,,https://www.geekwire.com/2022/seattle-area-health-data-analytics-company-advata-lays-off-employees/,Layoffs.fyi
L02562,Amazon,Seattle,United States,Retail,Post-IPO,,,150.0,50-199,2022-10-28,2022,Q4,10,October,43,False,False,,https://www.geekwire.com/2022/amazon-makes-staff-cuts-at-amp-the-app-it-launched-this-year-to-reimagine-radio/,Layoffs.fyi
L02563,Fifth Season,Pittsburgh,United States,Food,Series B,,,100.0,50-199,2022-10-28,2022,Q4,10,October,43,False,False,,https://www.bizjournals.com/pittsburgh/news/2022/10/29/vertical-farming-startup-fifth-season-shuts-down.html,Layoffs.fyi
L02568,Lattice,SF Bay Area,United States,HR,Series F,,,13.0,1-49,2022-10-27,2022,Q4,10,October,43,False,False,,Internal memo,Layoffs.fyi
L02567,Recharge,Los Angeles,United States,Finance,Series B,,,84.0,50-199,2022-10-27,2022,Q4,10,October,43,False,False,,https://rechargepayments.com/blog/a-message-from-oisin/,Layoffs.fyi
L02566,RenoRun,"Montreal,Non-U.S.",Canada,Construction,Series B,,,210.0,200-999,2022-10-27,2022,Q4,10,October,43,False,False,,https://www.theglobeandmail.com/business/article-renorun-canadian-tech-layoffs/,Layoffs.fyi
L02575,Argo AI,Pittsburgh,United States,Transportation,Unknown,,,173.0,50-199,2022-10-26,2022,Q4,10,October,43,False,False,,https://www.autonews.com/mobility-report/argo-ai-lay-173-startup-folds,Layoffs.fyi
L02574,Cybereason,Boston,United States,Security,Series F,,,200.0,200-999,2022-10-26,2022,Q4,10,October,43,False,False,,https://www.calcalistech.com/ctechnews/article/sjspj00uvs,Layoffs.fyi
L02576,GoFundMe,SF Bay Area,United States,Finance,Series A,,,94.0,50-199,2022-10-26,2022,Q4,10,October,43,False,False,,https://www.gofundme.com/c/announcement,Layoffs.fyi
L02572,MindBody,San Luis Obispo,United States,Fitness,Post-IPO,,,400.0,200-999,2022-10-26,2022,Q4,10,October,43,False,False,,https://www.sanluisobispo.com/news/business/article267890657.html,Layoffs.fyi
L02571,Seagate,SF Bay Area,United States,Hardware,Post-IPO,,,3000.0,"1,000-4,999",2022-10-26,2022,Q4,10,October,43,True,False,,https://www.cnbc.com/2022/10/26/seagate-will-cut-3000-employees-in-latest-sign-of-major-pc-and-cloud-slowdown.html,Layoffs.fyi
L02573,Zillow,Seattle,United States,Real Estate,Post-IPO,,,300.0,200-999,2022-10-26,2022,Q4,10,October,43,False,False,,https://techcrunch.com/2022/10/26/zillow-layoff-300-employees/,Layoffs.fyi
L02579,Embroker,SF Bay Area,United States,Finance,Series C,,,30.0,1-49,2022-10-25,2022,Q4,10,October,43,False,False,,https://www.theinsurer.com/news/insurtech-embroker-lays-off-12-of-global-workforce/25922.article,Layoffs.fyi
L02578,Fundbox,SF Bay Area,United States,Finance,Series D,,,150.0,50-199,2022-10-25,2022,Q4,10,October,43,False,False,,https://www.calcalistech.com/ctechnews/article/sypou4svi,Layoffs.fyi
L02580,Vee,"Tel Aviv,Non-U.S.",Israel,HR,Seed,,,17.0,1-49,2022-10-25,2022,Q4,10,October,43,False,False,,https://www.calcalistech.com/ctechnews/article/hju1ylrnj,Layoffs.fyi
L02584,Cerebral,SF Bay Area,United States,Healthcare,Series C,,,400.0,200-999,2022-10-24,2022,Q4,10,October,43,False,False,,https://techcrunch.com/2022/10/24/telehealth-unicorn-cerebral-lays-off-20-of-staff-for-operational-efficiencies/,Layoffs.fyi
L02586,McMakler,"Berlin,Non-U.S.",Germany,Real Estate,Unknown,,,100.0,50-199,2022-10-24,2022,Q4,10,October,43,False,False,,https://www.businessinsider.de/gruenderszene/business/mcmakler-neue-massenentlassungen-oktober-2022/,Layoffs.fyi
L02583,Philips,"Amsterdam,Non-U.S.",Netherlands,Healthcare,Post-IPO,,,4000.0,"1,000-4,999",2022-10-24,2022,Q4,10,October,43,True,False,,https://www.reuters.com/business/philips-cut-4000-jobs-after-medical-equipment-recall-2022-10-24/,Layoffs.fyi
L02585,Snyk,Boston,United States,Security,Series F,,,198.0,50-199,2022-10-24,2022,Q4,10,October,43,False,False,,https://en.globes.co.il/en/article-cybersecurity-co-snyk-laying-off-14-of-workforce-1001427487,Layoffs.fyi
L02587,Unico,"Sao Paulo,Non-U.S.",Brazil,Other,Series D,,,50.0,50-199,2022-10-24,2022,Q4,10,October,43,False,False,,https://startups.com.br/noticias/unico-demite-na-area-de-vendas-e-reforca-equipe-de-tecnologia/,Layoffs.fyi
L02589,Antidote Health,"Tel Aviv,Non-U.S.",Israel,Healthcare,Unknown,,,23.0,1-49,2022-10-23,2022,Q4,10,October,42,False,False,,https://www.calcalistech.com/ctechnews/article/s1xwokmvi,Layoffs.fyi
L02588,OrCam,"Jerusalem,Non-U.S.",Israel,Healthcare,Unknown,,,62.0,50-199,2022-10-23,2022,Q4,10,October,42,False,False,,https://www.calcalistech.com/ctechnews/article/ry5v11kgvo,Layoffs.fyi
L02592,Elinvar,"Berlin,Non-U.S.",Germany,Finance,Unknown,,,43.0,1-49,2022-10-21,2022,Q4,10,October,42,False,False,,https://financefwd.com/de/elinvar-entlassungen-funding/,Layoffs.fyi
L02591,F5,Seattle,United States,Security,Post-IPO,,,100.0,50-199,2022-10-21,2022,Q4,10,October,42,False,False,,https://www.geekwire.com/2022/f5-cutting-fewer-than-100-jobs-due-to-current-macroeconomic-environment/,Layoffs.fyi
L02590,Khoros,Austin,United States,Sales,Private Equity,,,120.0,50-199,2022-10-21,2022,Q4,10,October,42,False,False,,https://www.bizjournals.com/austin/inno/stories/news/2022/10/21/report-layoffs-at-khoros.html,Layoffs.fyi
L02593,Synapsica,"New Delhi,Non-U.S.",India,Healthcare,Series A,,,30.0,1-49,2022-10-21,2022,Q4,10,October,42,False,False,,https://yourstory.com/2022/10/healthtech-startup-synapsica-layoffs-30-people-workforce/amp,Layoffs.fyi
L02595,Hotmart,"Belo Horizonte,Non-U.S.",Brazil,Marketing,Series C,,,227.0,200-999,2022-10-20,2022,Q4,10,October,42,False,False,,https://www.bloomberglinea.com/english/brazils-tcv-backed-hotmart-cuts-12-of-staff-amid-drop-in-operational-efficiency/,Layoffs.fyi
L02597,Loom,SF Bay Area,United States,Product,Series C,,,23.0,1-49,2022-10-20,2022,Q4,10,October,42,False,False,,https://www.sfgate.com/bayarea/article/sf-based-loom-video-tech-unicorn-layoffs-17522993.php,Layoffs.fyi
L02598,Sales Boomerang,Baltimore,United States,Sales,Private Equity,,,20.0,1-49,2022-10-20,2022,Q4,10,October,42,False,False,,https://www.housingwire.com/articles/layoffs-hit-sales-boomerang-mortgage-coach/,Layoffs.fyi
L02596,Zeus Living,SF Bay Area,United States,Real Estate,Series C,,,64.0,50-199,2022-10-20,2022,Q4,10,October,42,False,False,,https://www.bizjournals.com/sanfrancisco/news/2022/10/20/zeus-living-egomotion-layoffs-flexliving-startup.html,Layoffs.fyi
L02603,AtoB,SF Bay Area,United States,Finance,Series B,,,32.0,1-49,2022-10-19,2022,Q4,10,October,42,False,False,,https://www.sfgate.com/bayarea/article/atob-lays-off-30-staff-17518327.php,Layoffs.fyi
L02602,Gopuff,Philadelphia,United States,Food,Series H,,,250.0,200-999,2022-10-19,2022,Q4,10,October,42,False,False,,https://www.bloomberg.com/news/articles/2022-10-19/gopuff-fires-hundreds-more-staff-in-third-round-of-layoffs,Layoffs.fyi
L02604,InfoSum,"London,Non-U.S.",United Kingdom,Security,Series B,,,20.0,1-49,2022-10-19,2022,Q4,10,October,42,False,False,,https://www.businessinsider.com/infosum-lays-off-approximately-20-staff-amid-economic-uncertainty-2022-10,Layoffs.fyi
L02608,Faire,SF Bay Area,United States,Retail,Series G,,,84.0,50-199,2022-10-18,2022,Q4,10,October,42,False,False,,https://www.theinformation.com/briefings/e-commerce-layoff-tally-mounts-with-faire-affirm-cuts,Layoffs.fyi
L02609,Leafly,Seattle,United States,Retail,Post-IPO,,,56.0,50-199,2022-10-18,2022,Q4,10,October,42,False,False,,https://investor.leafly.com/news/news-details/2022/Leafly-Announces-Cost-Reductions-to-Strengthen-Financial-Profile/default.aspx,Layoffs.fyi
L02610,Ada Health,"Berlin,Non-U.S.",Germany,Healthcare,Series B,,,50.0,50-199,2022-10-17,2022,Q4,10,October,42,False,False,,Internal memo,Layoffs.fyi
L02611,Tiendanube,Buenos Aires,Argentina,Marketing,Unknown,,,50.0,50-199,2022-10-17,2022,Q4,10,October,42,False,False,,https://tekiosmag.com/2022/10/17/unicornio-tiendanube-reduce-sus-operaciones-y-despide-al-5-de-su-plantilla/,Layoffs.fyi
L02614,Flipboard,SF Bay Area,United States,Media,Unknown,,,24.0,1-49,2022-10-16,2022,Q4,10,October,41,False,False,,https://www.axios.com/2022/10/17/flipboard-layoffs-21-percent-staff,Layoffs.fyi
L02617,Beyond Meat,Los Angeles,United States,Food,Post-IPO,,,200.0,200-999,2022-10-14,2022,Q4,10,October,41,False,False,,https://www.cnbc.com/2022/10/14/beyond-meat-to-cut-19percent-of-its-workforce-as-sales-stock-struggle.html,Layoffs.fyi
L02618,Beyond Meat,Los Angeles,United States,Food,Post-IPO,,,200.0,200-999,2022-10-14,2022,Q4,10,October,41,False,False,,https://www.fooddive.com/news/beyond-meat-layoffs-cut-revenue-outlook/634141/,Layoffs.fyi
L02616,Clear Capital,Reno,United States,Real Estate,Unknown,,,378.0,200-999,2022-10-14,2022,Q4,10,October,41,False,False,,https://techcrunch.com/2022/10/14/clear-capital-lays-off-27-of-its-global-staff/,Layoffs.fyi
L02622,Playdots,New York City,United States,Consumer,Acquired,,,65.0,50-199,2022-10-13,2022,Q4,10,October,41,False,False,,https://www.theverge.com/2022/10/13/23403055/take-two-playdots-shut-down-close-two-dots-garden-tails,Layoffs.fyi
L02621,Salesforce,SF Bay Area,United States,Sales,Post-IPO,,,90.0,50-199,2022-10-13,2022,Q4,10,October,41,False,False,,https://www.protocol.com/bulletins/salesforce-layoffs-hiring-freeze,Layoffs.fyi
L02625,6sense,SF Bay Area,United States,Sales,Series E,,,150.0,50-199,2022-10-12,2022,Q4,10,October,41,False,False,,https://www.moneycontrol.com/news/business/startup/ai-platform-6sense-lays-off-150-employees-globally-including-several-from-india-9327791.html,Layoffs.fyi
L02624,Byju's,"Bengaluru,Non-U.S.",India,Education,Private Equity,,,2500.0,"1,000-4,999",2022-10-12,2022,Q4,10,October,41,True,False,,https://techcrunch.com/2022/10/12/indian-edtech-giant-byjus-cuts-2500-jobs/,Layoffs.fyi
L02627,FrontRow,"Bengaluru,Non-U.S.",India,Education,Series A,,,130.0,50-199,2022-10-12,2022,Q4,10,October,41,False,False,,https://entrackr.com/2022/10/exclusive-frontrow-lays-off-75-of-workforce/,Layoffs.fyi
L02626,Sinch,"Stockholm,Non-U.S.",Sweden,Other,Post-IPO,,,150.0,50-199,2022-10-12,2022,Q4,10,October,41,False,False,,https://uk.finance.yahoo.com/news/sinch-provides-further-details-cost-050000622.html?guccounter=1&guce_referrer=aHR0cHM6Ly93d3cuZ29vZ2xlLmNvbS8&guce_referrer_sig=AQAAADRwGUBG5kbOJSYKYLt0IB4O8FbUDo9ttkFRgcUELO6Gf8q-smbnt44fBnI2cQFSmYc-4WiXRXdWx6qJdy54DTsJ-irN2alA4VstuV5lfL5PxPrE0vqlEnbbUVGbcRKu_XA3zO7BBQ2GLIT4onEZtoyXzlECwxiIa5kcgNBN3ih4,Layoffs.fyi
L02630,Brex,SF Bay Area,United States,Finance,Series D,,,136.0,50-199,2022-10-11,2022,Q4,10,October,41,False,False,,https://techcrunch.com/2022/10/11/fintech-brex-layoffs-restructuring/,Layoffs.fyi
L02634,Linkfire,"Copenhagen,Non-U.S.",Denmark,Marketing,Seed,,,35.0,1-49,2022-10-11,2022,Q4,10,October,41,False,False,,https://view.news.eu.nasdaq.com/view?id=bc7bad5005a84b17bcf95ce24675c058c&lang=en,Layoffs.fyi
L02629,MX,Lehi,United States,Finance,Series C,,,200.0,200-999,2022-10-11,2022,Q4,10,October,41,False,False,,https://www.sltrib.com/news/2022/10/19/lehi-tech-company-mx-has-laid/,Layoffs.fyi
L02628,Noom,New York City,United States,Healthcare,Series F,,,500.0,200-999,2022-10-11,2022,Q4,10,October,41,False,False,,https://techcrunch.com/2022/10/11/noom-tech-layoffs-diet-app/,Layoffs.fyi
L02631,Pacaso,SF Bay Area,United States,Real Estate,Series C,,,100.0,50-199,2022-10-11,2022,Q4,10,October,41,False,False,,https://therealdeal.com/2022/10/13/pacaso-lays-off-100-workers-over-worries-of-a-pending-recession/,Layoffs.fyi
L02632,Sketch,"The Hague,Non-U.S.",Netherlands,Other,Series A,,,80.0,50-199,2022-10-11,2022,Q4,10,October,41,False,False,,https://www.linkedin.com/posts/sketchbv_its-with-heavy-hearts-that-we-share-some-activity-6985543891869429760-s8Az/,Layoffs.fyi
L02633,Udacity,SF Bay Area,United States,Education,Unknown,,,55.0,50-199,2022-10-11,2022,Q4,10,October,41,False,False,,https://www.udacity.com/blog/2022/10/a-note-from-sebastian.html,Layoffs.fyi
L02638,HelloFresh,SF Bay Area,United States,Food,Post-IPO,,,611.0,200-999,2022-10-10,2022,Q4,10,October,41,False,False,,https://www.businessinsider.com/meal-kit-maker-hellofresh-to-lay-off-600-closes-california-facility-2022-10,Layoffs.fyi
L02639,Momentive,SF Bay Area,United States,Marketing,Post-IPO,,,180.0,50-199,2022-10-10,2022,Q4,10,October,41,False,False,,https://www.sec.gov/ix?doc=/Archives/edgar/data/1739936/000095017022019536/mntv-20221010.htm,Layoffs.fyi
L02640,Pavilion Data,SF Bay Area,United States,Infrastructure,Series D,,,96.0,50-199,2022-10-10,2022,Q4,10,October,41,False,False,,https://blocksandfiles.com/2022/10/10/pavilion-data-crashes-last-nvme-over-fabrics-array-startup-has-died/,Layoffs.fyi
L02641,Redesign Health,New York City,United States,Healthcare,Series C,,,67.0,50-199,2022-10-10,2022,Q4,10,October,41,False,False,,https://www.fastcompany.com/90794350/scoop-redesign-health-lays-off-67-employees-a-month-after-raising-65-million,Layoffs.fyi
L02644,BioMarin,SF Bay Area,United States,Healthcare,Post-IPO,,,120.0,50-199,2022-10-07,2022,Q4,10,October,40,False,False,,https://www.fiercebiotech.com/biotech/biomarin-lays-120-employees-save-50m-year-us-hit-hardest,Layoffs.fyi
L02645,Rev.com,Austin,United States,Data,Series D,,,85.0,50-199,2022-10-07,2022,Q4,10,October,40,False,False,,https://www.statesman.com/story/business/technology/2022/10/11/austin-based-rev-com-will-lay-off-85-to-cut-costs/69553800007/,Layoffs.fyi
L02646,Crypto.com,"Singapore,Non-U.S.",Singapore,Crypto,Unknown,,,2000.0,"1,000-4,999",2022-10-06,2022,Q4,10,October,40,True,False,,https://www.techinasia.com/cryptocom-lays-2000-employees-dials-marketing-efforts,Layoffs.fyi
L02650,Impossible Foods,SF Bay Area,United States,Food,Series H,,,50.0,50-199,2022-10-06,2022,Q4,10,October,40,False,False,,https://www.sfgate.com/local/article/impossible-foods-more-layoffs-17494557.php,Layoffs.fyi
L02648,Landing,Birmingham,United States,Real Estate,Series C,,,110.0,50-199,2022-10-06,2022,Q4,10,October,40,False,False,,https://www.al.com/news/birmingham/2022/10/landing-laying-off-70-jobs-in-birmingham-but-still-committed-to-growing-in-alabama.html,Layoffs.fyi
L02647,Peloton,New York City,United States,Fitness,Post-IPO,,,500.0,200-999,2022-10-06,2022,Q4,10,October,40,False,False,,https://www.wsj.com/articles/peloton-to-cut-another-500-jobs-in-last-bid-for-turnaround-11665011471,Layoffs.fyi
L02649,Turnitin,SF Bay Area,United States,Education,Acquired,,,51.0,50-199,2022-10-06,2022,Q4,10,October,40,False,False,,Internal memo,Layoffs.fyi
L02655,Built In,Chicago,United States,Recruiting,Series C,,,50.0,50-199,2022-10-05,2022,Q4,10,October,40,False,False,,https://www.chicagobusiness.com/technology/built-lays-quarter-its-staff,Layoffs.fyi
L02657,8x8,SF Bay Area,United States,Support,Post-IPO,,,200.0,200-999,2022-10-04,2022,Q4,10,October,40,False,False,,https://www.channelfutures.com/business-models/8x8-lays-off-workers-cites-operational-efficiency,Layoffs.fyi
L02659,Homie,Salt Lake City,United States,Real Estate,Series B,,,40.0,1-49,2022-10-04,2022,Q4,10,October,40,False,False,,https://therealdeal.com/2022/10/05/homie-ceo-departs-as-startup-lays-off-more-employees/,Layoffs.fyi
L02658,Zoomo,"Sydney,Non-U.S.",Australia,Transportation,Series B,,,65.0,50-199,2022-10-04,2022,Q4,10,October,40,False,False,,https://www.ridezoomo.com/blog/building-a-more-resilient-business-for-2023,Layoffs.fyi
L02664,WazirX,"Mumbai,Non-U.S.",India,Crypto,Acquired,,,60.0,50-199,2022-10-02,2022,Q4,10,October,39,False,False,,https://economictimes.indiatimes.com/tech/technology/indian-crypto-exchange-wazirx-fires-40-of-staff-report/articleshow/94603700.cms,Layoffs.fyi
L02665,Spin,SF Bay Area,United States,Transportation,Acquired,,,78.0,50-199,2022-09-30,2022,Q3,9,September,39,False,False,,https://techcrunch.com/2022/10/03/tier-mobility-owned-spin-lays-off-about-10-of-workforce-exits-two-markets/,Layoffs.fyi
L02670,Mux,SF Bay Area,United States,Infrastructure,Series D,,,40.0,1-49,2022-09-29,2022,Q3,9,September,39,False,False,,Internal memo,Layoffs.fyi
L02669,Westwing,"Munich,Non-U.S.",Germany,Retail,Post-IPO,,,125.0,50-199,2022-09-29,2022,Q3,9,September,39,False,False,,Internal memo,Layoffs.fyi
L02673,DocuSign,SF Bay Area,United States,Sales,Post-IPO,,,671.0,200-999,2022-09-28,2022,Q3,9,September,39,False,False,,https://www.sfgate.com/news/article/san-francisco-tech-company-docusign-layoffs-17473918.php,Layoffs.fyi
L02676,Divvy Homes,SF Bay Area,United States,Real Estate,Series B,,,40.0,1-49,2022-09-27,2022,Q3,9,September,39,False,False,,https://www.theinformation.com/articles/andreessen-backed-divvy-homes-lays-off-12-of-staff-as-rates-rise,Layoffs.fyi
L02681,Foxtrot,Chicago,United States,Food,Series C,,,26.0,1-49,2022-09-23,2022,Q3,9,September,38,False,False,,https://www.chicagobusiness.com/retail/foxtrot-lays-26-employees,Layoffs.fyi
L02679,Konfio,"Mexico City,Non-U.S.",United States,Finance,Series E,,,180.0,50-199,2022-09-23,2022,Q3,9,September,38,False,False,,https://expansion.mx/economia/2022/09/23/konfio-unicornio-mexicano-prepara-un-despido-masivo,Layoffs.fyi
L02680,Moss,"Berlin,Non-U.S.",Germany,Finance,Series B,,,70.0,50-199,2022-09-23,2022,Q3,9,September,38,False,False,,https://financefwd.com/de/moss-entlassungen/,Layoffs.fyi
L02682,Truiloo,"Vancouver,Non-U.S.",Canada,Security,Series D,,,24.0,1-49,2022-09-23,2022,Q3,9,September,38,False,False,,https://betakit.com/trulioo-to-cut-up-to-10-percent-of-staff-exit-small-business-market/,Layoffs.fyi
L02685,Klarna,"Stockholm,Non-U.S.",Sweden,Finance,Unknown,,,100.0,50-199,2022-09-22,2022,Q3,9,September,38,False,False,,https://sifted.eu/articles/klarna-second-round-layoffs/,Layoffs.fyi
L02684,NYDIG,New York City,United States,Crypto,Private Equity,,,110.0,50-199,2022-09-22,2022,Q3,9,September,38,False,False,,https://www.wsj.com/articles/crypto-broker-nydig-lays-off-one-third-of-staff-in-effort-to-narrow-focus-11665707545,Layoffs.fyi
L02687,Kitty Hawk,SF Bay Area,United States,Aerospace,Unknown,,,100.0,50-199,2022-09-21,2022,Q3,9,September,38,False,False,,https://www.sfgate.com/bayarea/article/Silicon-Valley-startup-lays-off-100-employees-17484239.php,Layoffs.fyi
L02692,99,"Sao Paulo,Non-U.S.",Brazil,Transportation,Acquired,,,75.0,50-199,2022-09-20,2022,Q3,9,September,38,False,False,,"https://www.terra.com.br/economia/dinheiro-em-dia/meu-negocio/na-onda-dos-layoffs-99-demite-mais-de-75-colaboradores,d2c6d7e70027cb925695c2e6a25956d16jo4jtuj.html",Layoffs.fyi
L02691,Ada,"Toronto,Non-U.S.",Canada,Support,Series C,,,78.0,50-199,2022-09-20,2022,Q3,9,September,38,False,False,,https://www.linkedin.com/posts/mikemurchison_company-message-from-mike-ugcPost-6978042513135710209-CcNB/,Layoffs.fyi
L02689,Compass,New York City,United States,Real Estate,Post-IPO,,,271.0,200-999,2022-09-20,2022,Q3,9,September,38,False,False,,https://www.geekwire.com/2022/real-estate-giant-compass-lays-off-84-workers-in-washington-state-as-it-targets-tech-team-for-cuts/,Layoffs.fyi
L02690,Curative,Los Angeles,United States,Healthcare,Seed,,,109.0,50-199,2022-09-20,2022,Q3,9,September,38,False,False,,https://digitalhealth.modernhealthcare.com/finance/startup-curative-health-lays-109,Layoffs.fyi
L02695,Ola,"Bengaluru,Non-U.S.",India,Transportation,Series J,,,200.0,200-999,2022-09-19,2022,Q3,9,September,38,False,False,,https://inc42.com/buzz/ola-lays-off-200-software-engineers-amidst-massive-restructuring-plan/,Layoffs.fyi
L02696,Vesalius Therapeutics,Boston,United States,Healthcare,Series B,,,29.0,1-49,2022-09-19,2022,Q3,9,September,38,False,False,,https://www.bizjournals.com/boston/news/2022/09/19/flagship-pioneering-vesalius-therapeutics-layoffs.html,Layoffs.fyi
L02699,Clear,"Bengaluru,Non-U.S.",India,Finance,Series C,,,190.0,50-199,2022-09-16,2022,Q3,9,September,37,False,False,,https://inc42.com/buzz/stripe-sequoia-backed-clear-lays-off-around-190-employees/,Layoffs.fyi
L02700,TrueLayer,"London,Non-U.S.",United States,Finance,Series E,,,40.0,1-49,2022-09-16,2022,Q3,9,September,37,False,False,,https://www.altfi.com/article/9837_exclusive-truelayer-announces-job-cuts-of-up-to-10-of-staff,Layoffs.fyi
L02702,Acast,"Stockholm,Non-U.S.",Sweden,Media,Post-IPO,,,70.0,50-199,2022-09-15,2022,Q3,9,September,37,False,False,,https://www.bloomberg.com/news/newsletters/2022-09-15/swedish-podcast-company-acast-lays-off-15-of-its-staff,Layoffs.fyi
L02701,LivePerson,New York City,United States,Support,Post-IPO,,,193.0,50-199,2022-09-15,2022,Q3,9,September,37,False,False,,Internal memo,Layoffs.fyi
L02703,WorkRamp,SF Bay Area,United States,HR,Series C,,,35.0,1-49,2022-09-15,2022,Q3,9,September,37,False,False,,Internal memo,Layoffs.fyi
L02708,Infarm,"Berlin,Non-U.S.",Germany,Other,Series D,,,50.0,50-199,2022-09-14,2022,Q3,9,September,37,False,False,,https://www.businessinsider.de/gruenderszene/news/news-ticker-2022-09-infarm/,Layoffs.fyi
L02709,Netflix,SF Bay Area,United States,Media,Post-IPO,,,30.0,1-49,2022-09-14,2022,Q3,9,September,37,False,False,,https://deadline.com/2022/09/netflix-animation-layoff-30-staffers-overhaul-continues-1235118700/,Layoffs.fyi
L02707,Pitch,"Berlin,Non-U.S.",Germany,Marketing,Series B,,,59.0,50-199,2022-09-14,2022,Q3,9,September,37,False,False,,https://www.linkedin.com/feed/update/urn:li:activity:6975741747565932544/,Layoffs.fyi
L02706,Twilio,SF Bay Area,United States,Other,Post-IPO,,,800.0,200-999,2022-09-14,2022,Q3,9,September,37,False,False,,https://techcrunch.com/2022/09/14/twilio-lays-off-11-of-its-staff-as-it-aims-for-profitability-in-2023/,Layoffs.fyi
L02712,Checkout.com,"London,Non-U.S.",United Kingdom,Finance,Series D,,,100.0,50-199,2022-09-13,2022,Q3,9,September,37,False,False,,https://www.bloomberg.com/news/articles/2022-09-13/checkout-com-will-eliminate-about-5-of-employees-in-latest-cuts,Layoffs.fyi
L02714,Patreon,SF Bay Area,United States,Media,Series F,,,80.0,50-199,2022-09-13,2022,Q3,9,September,37,False,False,,https://www.theinformation.com/briefings/patreon-lays-off-17-of-staff,Layoffs.fyi
L02711,Rubius,Boston,United States,Healthcare,Post-IPO,,,160.0,50-199,2022-09-13,2022,Q3,9,September,37,False,False,,https://www.fiercebiotech.com/biotech/rubius-makes-hard-pivot-after-reviewing-clinical-data-dumping-lead-assets-and-laying-75,Layoffs.fyi
L02713,Taboola,New York City,United States,Marketing,Post-IPO,,,100.0,50-199,2022-09-13,2022,Q3,9,September,37,False,False,,https://www.calcalistech.com/ctechnews/article/hybe11icxs,Layoffs.fyi
L02719,Compete,Tel Aviv,Israel,HR,Series A,,,11.0,1-49,2022-09-12,2022,Q3,9,September,37,False,False,,https://www.calcalistech.com/ctechnews/article/rkzqei2gi,Layoffs.fyi
L02718,Mode Analytics,SF Bay Area,United States,Data,Series D,,,25.0,1-49,2022-09-12,2022,Q3,9,September,37,False,False,,https://coda.io/@mykola-bilokonsky/mode-layoffs,Layoffs.fyi
L02717,Quicko,"Sao Paulo,Non-U.S.",Brazil,Transportation,Acquired,,,60.0,50-199,2022-09-12,2022,Q3,9,September,37,False,False,,https://startups.com.br/noticias/apos-fechar-portas-no-brasil-maas-global-pivota-e-mira-parceiros-locais-diz-ceo/,Layoffs.fyi
L02724,Brighte,"Sydney,Non-U.S.",Australia,Energy,Series C,,,58.0,50-199,2022-09-09,2022,Q3,9,September,36,False,False,,https://brighte.com.au/media/accelerating-brightes-pathway-to-profitability,Layoffs.fyi
L02725,Patreon,SF Bay Area,United States,Media,Series F,,,5.0,1-49,2022-09-09,2022,Q3,9,September,36,False,False,,https://techcrunch.com/2022/09/09/patreon-security-layoffs/,Layoffs.fyi
L02723,SkipTheDishes,"Winnipeg,Non-U.S.",Canada,Food,Acquired,,,350.0,200-999,2022-09-09,2022,Q3,9,September,36,False,False,,https://winnipeg.ctvnews.ca/skip-the-dishes-lays-off-winnipeg-workers-1.6063503,Layoffs.fyi
L02734,Genome Medical,SF Bay Area,United States,Healthcare,Series C,,,23.0,1-49,2022-09-08,2022,Q3,9,September,36,False,False,,https://www.bizjournals.com/sanfrancisco/news/2022/09/08/genetic-testing-genome-medical-invitae-job-cuts.html,Layoffs.fyi
L02732,GoStudent,"Vienna,Non-U.S.",Austria,Education,Series D,,,200.0,200-999,2022-09-08,2022,Q3,9,September,36,False,False,,https://brutkasten.com/gostudent-unicorn-baut-200-stellen-ab/,Layoffs.fyi
L02733,Pomelo Fashion,"Bangkok,Non-U.S.",Thailand,Retail,Unknown,,,55.0,50-199,2022-09-08,2022,Q3,9,September,36,False,False,,https://www.bloomberg.com/news/articles/2022-09-08/fashion-e-commerce-startup-pomelo-cuts-jobs-after-market-slows,Layoffs.fyi
L02743,Demandbase,SF Bay Area,United States,Sales,Series H,,,27.0,1-49,2022-09-07,2022,Q3,9,September,36,False,False,,Internal memo,Layoffs.fyi
L02738,Foodpanda,"Singapore,Non-U.S.",Singapore,Food,Acquired,,,60.0,50-199,2022-09-07,2022,Q3,9,September,36,False,False,,https://www.straitstimes.com/singapore/food-delivery-firm-foodpanda-lays-off-staff-in-singapore-retrenchment-reportedly-affects-about-60,Layoffs.fyi
L02741,Intercom,SF Bay Area,United States,Support,Series D,,,49.0,1-49,2022-09-07,2022,Q3,9,September,36,False,False,,https://www.businesspost.ie/tech/irish-tech-unicorn-intercom-to-cut-49-jobs-across-hr-marketing/,Layoffs.fyi
L02742,Pendo,Raleigh,United States,Product,Series F,,,45.0,1-49,2022-09-07,2022,Q3,9,September,36,False,False,,https://www.axios.com/local/raleigh/2022/09/09/raleigh-startup-pendo-layoffs,Layoffs.fyi
L02740,Rupeek,"Bengaluru,Non-U.S.",India,Finance,Unknown,,,50.0,50-199,2022-09-07,2022,Q3,9,September,36,False,False,,https://inc42.com/buzz/exclusive-after-laying-off-180-employees-rupeek-lays-off-50-more-employees/,Layoffs.fyi
L02737,Simple Feast,"Copenhagen,Non-U.S.",Denmark,Food,Unknown,,,150.0,50-199,2022-09-07,2022,Q3,9,September,36,False,False,,https://nyheder.tv2.dk/samfund/2022-09-07-firma-bag-plantebaserede-maltidskasser-er-gaet-konkurs,Layoffs.fyi
L02739,Uber,"Vilnius,Non-U.S.",Lithuania,Transportation,Post-IPO,,,60.0,50-199,2022-09-07,2022,Q3,9,September,36,False,False,,https://www.linkedin.com/posts/gergelyorosz_uber-lithuania-softwareengineering-activity-6973669838502187009-aK1z/,Layoffs.fyi
L02747,Brave Care,Portland,United States,Healthcare,Series B,,,40.0,1-49,2022-09-06,2022,Q3,9,September,36,False,False,,https://www.oregonlive.com/business/2022/09/portland-pediatrics-startup-brave-care-lays-off-a-third-of-staff-citing-covid-and-market-turmoil.html,Layoffs.fyi
L02748,Lawgeex,"Tel Aviv,Non-U.S.",Israel,Legal,Series C,,,30.0,1-49,2022-09-06,2022,Q3,9,September,36,False,False,,https://www.tech12.co.il/index-career/Article-daa4d2195231381027.htm?sCh=cf25c425b37bc710&pId=18758941771,Layoffs.fyi
L02751,Kuda,"Lagos,Non-U.S.",Nigeria,Finance,Series B,,,23.0,1-49,2022-09-02,2022,Q3,9,September,35,False,False,,https://techcrunch.com/2022/09/02/nigerian-digital-bank-kuda-is-the-latest-african-startup-to-lay-off-employees/,Layoffs.fyi
L02754,2TM,"Sao Paulo,Non-U.S.",Brazil,Crypto,Unknown,,,100.0,50-199,2022-09-01,2022,Q3,9,September,35,False,False,,https://finance.yahoo.com/news/second-round-layoffs-brazilian-crypto-212310521.html,Layoffs.fyi
L02758,Hedvig,"Stockholm,Non-U.S.",Sweden,Finance,Series B,,,12.0,1-49,2022-09-01,2022,Q3,9,September,35,False,False,,https://www.mynewsdesk.com/se/hedvig-ab/news/hedvig-minskar-personalstyrkan-foer-att-naa-loensamhet-snabbare-12-heltidstjaenster-beroers-453177,Layoffs.fyi
L02755,Innovaccer,SF Bay Area,United States,Healthcare,Series E,,,90.0,50-199,2022-09-01,2022,Q3,9,September,35,False,False,,https://inc42.com/buzz/exclusive-tiger-global-backed-healthtech-unicorn-innovaccer-lays-off-120-employees/,Layoffs.fyi
L02756,Shopify,"Ottawa,Non-U.S.",Canada,Retail,Post-IPO,,,70.0,50-199,2022-09-01,2022,Q3,9,September,35,False,False,,https://www.theinformation.com/briefings/shopify-makes-a-fresh-round-of-layoffs,Layoffs.fyi
L02757,Urban Sports Club,"Berlin,Non-U.S.",Germany,Fitness,Unknown,,,55.0,50-199,2022-09-01,2022,Q3,9,September,35,False,False,,https://www.businessinsider.de/gruenderszene/business/urban-sports-club-entlaesst-55-mitarbeiter-das-sind-die-gruende-und-was-betroffene-sagen/,Layoffs.fyi
L02766,Apartment List,SF Bay Area,United States,Real Estate,Series D,,,29.0,1-49,2022-08-31,2022,Q3,8,August,35,False,False,,https://www.linkedin.com/posts/matthew-w-woods_for-those-that-know-apartment-list-well-activity-6970856703277903874-MGoW/,Layoffs.fyi
L02767,Artnight,"Berlin,Non-U.S.",Germany,Retail,Unknown,,,26.0,1-49,2022-08-31,2022,Q3,8,August,35,False,False,,https://www.businessinsider.de/gruenderszene/business/artnight-entlassungen/,Layoffs.fyi
L02763,Clari,SF Bay Area,United States,Sales,Series F,,,45.0,1-49,2022-08-31,2022,Q3,8,August,35,False,False,,Internal memo,Layoffs.fyi
L02760,GoodRx,Los Angeles,United States,Healthcare,Post-IPO,,,140.0,50-199,2022-08-31,2022,Q3,8,August,35,False,False,,https://seekingalpha.com/news/3879125-goodrx-laying-off-140-employees-16-of-workforce,Layoffs.fyi
L02762,Hippo Insurance,SF Bay Area,United States,Finance,Post-IPO,,,70.0,50-199,2022-08-31,2022,Q3,8,August,35,False,False,,https://www.globes.co.il/news/article.aspx?did=1001423046,Layoffs.fyi
L02764,Koo,"Bengaluru,Non-U.S.",India,Consumer,Series B,,,40.0,1-49,2022-08-31,2022,Q3,8,August,35,False,False,,https://inc42.com/buzz/tiger-global-backed-koo-lays-off-40-employees-to-cut-costs/,Layoffs.fyi
L02761,Smava,"Berlin,Non-U.S.",Germany,Finance,Unknown,,,100.0,50-199,2022-08-31,2022,Q3,8,August,35,False,False,,https://finanz-szene.de/fintech/smava-vergleichsportal-entlassungen/,Layoffs.fyi
L02759,Snap,Los Angeles,United States,Consumer,Post-IPO,,,1280.0,"1,000-4,999",2022-08-31,2022,Q3,8,August,35,True,False,,https://www.theverge.com/2022/8/30/23329301/snap-layoffs-20-percent-employees-snapchat,Layoffs.fyi
L02765,TCR2,Boston,United States,Healthcare,Post-IPO,,,30.0,1-49,2022-08-31,2022,Q3,8,August,35,False,False,,https://www.fiercebiotech.com/biotech/scoop-tcr2-therapeutics-just-laid-40-its-staff-its-second-round-cuts-less-six-months,Layoffs.fyi
L02771,Electric,New York City,United States,Other,Series D,,,81.0,50-199,2022-08-30,2022,Q3,8,August,35,False,False,,https://www.electric.ai/blog/an-open-letter-from-the-ceo,Layoffs.fyi
L02772,Immersive Labs,"Bristol,Non-U.S.",United Kingdom,Security,Series C,,,38.0,1-49,2022-08-30,2022,Q3,8,August,35,False,False,,https://www.uktech.news/cybersecurity/immersive-labs-jobs-cuts-20220830,Layoffs.fyi
L02773,Nate,New York City,United States,Retail,Series A,,,30.0,1-49,2022-08-30,2022,Q3,8,August,35,False,False,,https://www.theinformation.com/briefings/shopping-app-nate-making-fresh-round-of-job-cuts,Layoffs.fyi
L02775,54gene,Washington D.C.,United States,Healthcare,Series B,,,95.0,50-199,2022-08-29,2022,Q3,8,August,35,False,False,,https://techcrunch.com/2022/08/29/african-genomics-startup-54gene-lays-off-95-as-covid-testing-business-struggles/,Layoffs.fyi
L02774,Meesho,"Bengaluru,Non-U.S.",India,Retail,Series F,,,300.0,200-999,2022-08-29,2022,Q3,8,August,35,False,False,,https://www.indiatimes.com/worth/news/300-meesho-employees-laid-off-578318.html,Layoffs.fyi
L02781,Argyle,New York City,United States,Finance,Series B,,,20.0,1-49,2022-08-26,2022,Q3,8,August,34,False,False,,https://techcrunch.com/2022/08/26/fintech-argyle-has-layoffs/,Layoffs.fyi
L02780,Okta,SF Bay Area,United States,Security,Post-IPO,,,24.0,1-49,2022-08-26,2022,Q3,8,August,34,False,False,,https://www.unleash.ai/economy/okta-lays-off-us-sourcing-team/,Layoffs.fyi
L02779,Zymergen,SF Bay Area,United States,Other,Acquired,,,80.0,50-199,2022-08-26,2022,Q3,8,August,34,False,False,,https://www.biospace.com/article/zymergen-cuts-80-more-jobs-parts-ways-with-co-founder/,Layoffs.fyi
L02783,FreshDirect,Philadelphia,United States,Food,Acquired,,,40.0,1-49,2022-08-25,2022,Q3,8,August,34,False,False,,https://www.bizjournals.com/philadelphia/news/2022/08/25/freshdirect-exiting-philadelphia-market-layoffs.html,Layoffs.fyi
L02784,Loja Integrada,"Sao Paulo,Non-U.S.",Brazil,Retail,Acquired,,,25.0,1-49,2022-08-25,2022,Q3,8,August,34,False,False,,https://startups.com.br/noticias/loja-integrada-da-vtex-demite-10-do-quadro-mas-segue-contratando/,Layoffs.fyi
L02788,Loop,Washington D.C.,United States,Finance,Series A,,,15.0,1-49,2022-08-24,2022,Q3,8,August,34,False,False,,https://www.coverager.com/layoffs-at-loop/,Layoffs.fyi
L02787,Reali,SF Bay Area,United States,Real Estate,Series B,,,140.0,50-199,2022-08-24,2022,Q3,8,August,34,False,False,,https://www.calcalistech.com/ctechnews/article/r1w11v1eyj,Layoffs.fyi
L02791,Packable,New York City,United States,Retail,Unknown,,,138.0,50-199,2022-08-23,2022,Q3,8,August,34,False,False,,"https://www.cnbc.com/2022/08/23/amazon-seller-packable-lays-off-employees-begins-liquidating.html#:~:text=Investing%20Club-,Top%20Amazon%20seller%20Packable%20begins%20liquidating%20and,cuts%20after%20failed%20SPAC%20attempt&text=Packable%2C%20the%20parent%20company%20of,to%20documents%20viewed%20by%20CNBC.",Layoffs.fyi
L02794,Plato,SF Bay Area,United States,HR,Seed,,,29.0,1-49,2022-08-23,2022,Q3,8,August,34,False,False,,Company exec,Layoffs.fyi
L02792,Q4,"Toronto,Non-U.S.",Canada,Other,Series C,,,50.0,50-199,2022-08-23,2022,Q3,8,August,34,False,False,,https://www.theglobeandmail.com/business/article-q4-inc-layoffs-canada/,Layoffs.fyi
L02793,Skedulo,SF Bay Area,United States,HR,Series C,,,31.0,1-49,2022-08-23,2022,Q3,8,August,34,False,False,,Internal memo,Layoffs.fyi
L02790,Tier Mobility,"Berlin,Non-U.S.",Germany,Transportation,Series D,,,180.0,50-199,2022-08-23,2022,Q3,8,August,34,False,False,,https://techcrunch.com/2022/08/23/tier-mobility-lays-off-180-people-amid-poor-funding-climate/,Layoffs.fyi
L02800,NSO,"Tel Aviv,Non-U.S.",Israel,Security,Seed,,,100.0,50-199,2022-08-21,2022,Q3,8,August,33,False,False,,https://www.calcalistech.com/ctechnews/article/hjb0095yyi,Layoffs.fyi
L02801,Tufin,Boston,United States,Security,Acquired,,,55.0,50-199,2022-08-21,2022,Q3,8,August,33,False,False,,https://en.globes.co.il/en/article-israeli-cybersecurity-co-tufin-lays-off-55-1001421995,Layoffs.fyi
L02802,Amperity,Seattle,United States,Marketing,Series D,,,13.0,1-49,2022-08-20,2022,Q3,8,August,33,False,False,,https://www.geekwire.com/2022/seattle-customer-intelligence-startup-amperity-lays-off-recruiting-staff/,Layoffs.fyi
L02805,Hodlnaut,"Singapore,Non-U.S.",Singapore,Crypto,Unknown,,,40.0,1-49,2022-08-19,2022,Q3,8,August,33,False,False,,https://www.coindesk.com/business/2022/08/19/crypto-lender-hodlnaut-faces-singapore-police-actions-and-staggering-job-cuts/,Layoffs.fyi
L02804,Stripe,SF Bay Area,United States,Finance,Series H,,,50.0,50-199,2022-08-19,2022,Q3,8,August,33,False,False,,https://techcrunch.com/2022/08/19/stripe-layoffs-taxjar-tech/,Layoffs.fyi
L02803,Wayfair,Boston,United States,Retail,Post-IPO,,,870.0,200-999,2022-08-19,2022,Q3,8,August,33,False,False,,https://www.bostonglobe.com/2022/08/19/business/wayfair-cuts-870-jobs-including-400-boston-it-reacts-decline-sales/,Layoffs.fyi
L02806,New Relic,SF Bay Area,United States,Infrastructure,Post-IPO,,,110.0,50-199,2022-08-18,2022,Q3,8,August,33,False,False,,https://www.marketwatch.com/story/new-relic-commits-to-restructuring-plan-including-layoffs-271660823014,Layoffs.fyi
L02807,Wheel,Austin,United States,Healthcare,Series C,,,35.0,1-49,2022-08-18,2022,Q3,8,August,33,False,False,,https://www.businessinsider.com/wheel-laid-off-17-percent-35-employees-digital-health-layoffs-2022-8,Layoffs.fyi
L02812,Fluke,"Sao Paulo,Non-U.S.",Brazil,Other,Seed,,,83.0,50-199,2022-08-17,2022,Q3,8,August,33,False,False,,https://startups.com.br/noticias/exclusivo-fluke-demite-mais-de-80-e-e-comprada/,Layoffs.fyi
L02815,Genesis,New York City,United States,Crypto,Series A,,,52.0,50-199,2022-08-17,2022,Q3,8,August,33,False,False,,https://www.reuters.com/technology/crypto-broker-genesis-taps-insider-interim-chief-cuts-jobs-by-20-2022-08-17/,Layoffs.fyi
L02811,Malwarebytes,SF Bay Area,United States,Security,Series B,,,125.0,50-199,2022-08-17,2022,Q3,8,August,33,False,False,,https://techcrunch.com/2022/08/17/malwareybytes-layoffs/,Layoffs.fyi
L02813,Swyftx,"Brisbane,Non-U.S.",Australia,Crypto,Unknown,,,74.0,50-199,2022-08-17,2022,Q3,8,August,33,False,False,,https://swyftx.com/au/media/press-releases/changes-to-the-team-2022/,Layoffs.fyi
L02814,Tempo Automation,SF Bay Area,United States,Other,Series C,,,54.0,50-199,2022-08-17,2022,Q3,8,August,33,False,False,,https://www.bizjournals.com/sanfrancisco/news/2022/08/17/tempo-automation-sf-layoffs-merger-spac.html,Layoffs.fyi
L02816,Warren,"Porto Alegre,Non-U.S.",Brazil,Finance,Series C,,,50.0,50-199,2022-08-17,2022,Q3,8,August,33,False,False,,"https://www.terra.com.br/economia/dinheiro-em-dia/meu-negocio/exclusivo-warren-entra-na-tendencia-dos-layoffs-e-faz-demissao-em-massa,5f362a0a19e6049dce7d13b912b0da76rfn0l7ku.html",Layoffs.fyi
L02817,AlayaCare,Montreal,Canada,Healthcare,Series D,,,80.0,50-199,2022-08-16,2022,Q3,8,August,33,False,False,,https://betakit.com/alayacare-lays-off-14-percent-of-employees-slows-ma-plans/,Layoffs.fyi
L02818,Pliops,"Tel Aviv,Non-U.S.",Israel,Data,Series D,,,12.0,1-49,2022-08-16,2022,Q3,8,August,33,False,False,,https://www.calcalistech.com/ctechnews/article/hkch00dya5,Layoffs.fyi
L02819,Woven,Indianapolis,United States,HR,Series A,,,5.0,1-49,2022-08-16,2022,Q3,8,August,33,False,False,,Internal memo,Layoffs.fyi
L02825,Blend,SF Bay Area,United States,Finance,Post-IPO,,,220.0,200-999,2022-08-15,2022,Q3,8,August,33,False,False,,https://www.housingwire.com/articles/blend-takes-a-478m-loss-cuts-25-of-its-workforce/,Layoffs.fyi
L02826,ContraFect,New York City,United States,Healthcare,Post-IPO,,,16.0,1-49,2022-08-15,2022,Q3,8,August,33,False,False,,https://www.benzinga.com/general/biotech/22/08/28497436/contrafect-cuts-workforce-after-trial-setback,Layoffs.fyi
L02824,Sema4,Stamford,United States,Healthcare,Post-IPO,,,250.0,200-999,2022-08-15,2022,Q3,8,August,33,False,False,,https://ir.sema4.com/news-releases/news-release-details/sema4-announces-continued-restructuring-business-highlights-and,Layoffs.fyi
L02828,Anywell,"Tel Aviv,Non-U.S.",Israel,Real Estate,Series A,,,11.0,1-49,2022-08-14,2022,Q3,8,August,32,False,False,,https://www.calcalistech.com/ctechnews/article/rkndvd8a5,Layoffs.fyi
L02830,Peloton,New York City,United States,Fitness,Post-IPO,,,784.0,200-999,2022-08-12,2022,Q3,8,August,32,False,False,,https://www.cnbc.com/2022/08/12/peloton-shares-jump-as-company-announces-price-hikes-for-some-products.html,Layoffs.fyi
L02837,Betterfly,"Santiago,Non-U.S.",Chile,Healthcare,Series C,,,30.0,1-49,2022-08-11,2022,Q3,8,August,32,False,False,,https://startups.com.br/noticias/mais-um-unicornio-demitindo-betterfly-faz-reestruturacao-no-brasil/,Layoffs.fyi
L02834,Calm,SF Bay Area,United States,Healthcare,Series C,,,90.0,50-199,2022-08-11,2022,Q3,8,August,32,False,False,,https://www.wsj.com/articles/meditation-app-calm-lays-off-20-of-staff-11660261492?mod=hp_lista_pos1,Layoffs.fyi
L02838,Expert360,"Sydney,Non-U.S.",Australia,Recruiting,Series C,,,7.0,1-49,2022-08-11,2022,Q3,8,August,32,False,False,,https://www.watoday.com.au/technology/startups-staff-to-go-kombucha-and-yoga-can-stay-20220811-p5b8zs.html,Layoffs.fyi
L02835,FourKites,Chicago,United States,Logistics,Series D,,,60.0,50-199,2022-08-11,2022,Q3,8,August,32,False,False,,https://techcrunch.com/2022/08/26/supply-chain-startup-fourkites-which-recently-laid-off-workers-raises-30m/,Layoffs.fyi
L02836,Marketforce,"Nairobi,Non-U.S.",Kenya,Retail,Series A,,,54.0,50-199,2022-08-11,2022,Q3,8,August,32,False,False,,https://techcrunch.com/2022/08/11/kenyan-b2b-e-commerce-platform-marketforce-cut-about-9-of-staff-in-reorganization-strategy/,Layoffs.fyi
L02833,Truepill,SF Bay Area,United States,Healthcare,Series D,,,175.0,50-199,2022-08-11,2022,Q3,8,August,32,False,False,,https://techcrunch.com/2022/08/11/digital-health-unicorn-truepill-conducts-third-round-of-layoffs-in-2022/,Layoffs.fyi
L02841,Permutive,"London,Non-U.S.",United Kingdom,Marketing,Series C,,,30.0,1-49,2022-08-10,2022,Q3,8,August,32,False,False,,https://www.businessinsider.com/permutive-lays-off-12-of-staffers-amid-economic-downturn-2022-8,Layoffs.fyi
L02840,Trybe,"Sao Paulo,Non-U.S.",Brazil,Education,Series B,,,47.0,1-49,2022-08-10,2022,Q3,8,August,32,False,False,,https://startups.com.br/noticias/edtech-trybe-enxuga-operacoes-e-corta-10-do-time/,Layoffs.fyi
L02854,Absci,"Vancouver,Non-U.S.",United States,Healthcare,Post-IPO,,,40.0,1-49,2022-08-09,2022,Q3,8,August,32,False,False,,https://www.absci.com/message-from-ceo-08-09-2022/,Layoffs.fyi
L02855,Dooly,"Vancouver,Non-U.S.",Canada,Sales,Series B,,,12.0,1-49,2022-08-09,2022,Q3,8,August,32,False,False,,https://www.linkedin.com/feed/update/urn:li:activity:6962892415028387840/,Layoffs.fyi
L02845,GoHealth,Chicago,United States,Healthcare,Post-IPO,,,800.0,200-999,2022-08-09,2022,Q3,8,August,32,False,False,,https://www.chicagobusiness.com/technology/gohealth-lays-800-workers-online-health-insurance-seller-cuts-back,Layoffs.fyi
L02846,Hootsuite,"Vancouver,Non-U.S.",Canada,Marketing,Series C,,,400.0,200-999,2022-08-09,2022,Q3,8,August,32,False,False,,https://betakit.com/hootsuite-restructuring-laying-off-30-percent-of-employees/,Layoffs.fyi
L02852,Linktree,"Melbourne,Non-U.S.",Australia,Consumer,Unknown,,,50.0,50-199,2022-08-09,2022,Q3,8,August,32,False,False,,https://www.smartcompany.com.au/industries/information-technology/linktree-sacks-employees-tech/,Layoffs.fyi
L02850,MadeiraMadeira,"Curitiba,Non-U.S.",Brazil,Retail,Series E,,,60.0,50-199,2022-08-09,2022,Q3,8,August,32,False,False,,https://www.estadao.com.br/link/inovacao/unicornio-madeiramadeira-demite-60-pessoas-em-busca-de-ganho-de-eficiencia/,Layoffs.fyi
L02851,Melio,New York City,United States,Finance,Series D,,,60.0,50-199,2022-08-09,2022,Q3,8,August,32,False,False,,https://www.calcalistech.com/ctechnews/article/b1kyowlaq,Layoffs.fyi
L02847,Nutanix,SF Bay Area,United States,Infrastructure,Post-IPO,,,270.0,200-999,2022-08-09,2022,Q3,8,August,32,False,False,,https://www.marketscreener.com/quote/stock/NUTANIX-INC-31497437/news/NUTANIX-INC-Costs-Associated-with-Exit-or-Disposal-Activities-form-8-K-41257917/,Layoffs.fyi
L02848,Quanterix,Boston,United States,Healthcare,Post-IPO,,,130.0,50-199,2022-08-09,2022,Q3,8,August,32,False,False,,https://www.genomeweb.com/business-news/quanterix-slashing-workforce-25-percent-it-refocuses-commercial-efforts#.Y3J8V-zMK8B,Layoffs.fyi
L02853,Shogun,SF Bay Area,United States,Retail,Series C,,,48.0,1-49,2022-08-09,2022,Q3,8,August,32,False,False,,Internal memo,Layoffs.fyi
L02849,Wix,"Tel Aviv,Non-U.S.",Israel,Marketing,Post-IPO,,,100.0,50-199,2022-08-09,2022,Q3,8,August,32,False,False,,https://www.calcalistech.com/ctechnews/article/b1icqik0c,Layoffs.fyi
L02862,Groupon,Chicago,United States,Retail,Post-IPO,,,500.0,200-999,2022-08-08,2022,Q3,8,August,32,False,False,,https://techcrunch.com/2022/08/08/groupon-cuts-over-500-staff-as-the-downturn-takes-its-tolll/,Layoffs.fyi
L02866,Labelbox,SF Bay Area,United States,Data,Series D,,,36.0,1-49,2022-08-08,2022,Q3,8,August,32,False,False,,Internal memo,Layoffs.fyi
L02863,Loggi,"Sao Paulo,Non-U.S.",Brazil,Logistics,Series F,,,500.0,200-999,2022-08-08,2022,Q3,8,August,32,False,False,,https://startups.com.br/noticias/na-onda-dos-layoffs-loggi-demite-cerca-de-15-da-sua-forca-de-trabalho/,Layoffs.fyi
L02867,Perion,"Tel Aviv,Non-U.S.",Israel,Marketing,Post-IPO,,,20.0,1-49,2022-08-08,2022,Q3,8,August,32,False,False,,https://en.globes.co.il/en/article-perion-network-lays-off-20-transfers-us-activities-to-israel-1001420801,Layoffs.fyi
L02864,Vroom,New York City,United States,Transportation,Post-IPO,,,337.0,200-999,2022-08-08,2022,Q3,8,August,32,False,False,,https://www.autonews.com/dealers/vroom-earnings-q2-net-loss-1151-million-used-car-retailer-cuts-jobs,Layoffs.fyi
L02865,Warby Parker,New York City,United States,Consumer,Post-IPO,,,63.0,50-199,2022-08-08,2022,Q3,8,August,32,False,False,,https://www.businessinsider.com/warby-parker-lays-off-63-corporate-employees-internal-memo-2022-8,Layoffs.fyi
L02871,Mejuri,"Toronto,Non-U.S.",Canada,Retail,Series B,,,50.0,50-199,2022-08-05,2022,Q3,8,August,31,False,False,,https://betakit.com/d2c-startups-not-immune-to-downturn-as-article-mejuri-make-staff-cuts/,Layoffs.fyi
L02872,Uberflip,"Toronto,Non-U.S.",Canada,Marketing,Series A,,,31.0,1-49,2022-08-05,2022,Q3,8,August,31,False,False,,https://betakit.com/uberflip-ceo-attributes-company-layoffs-to-unsteady-economy/,Layoffs.fyi
L02870,iRobot,Boston,United States,Consumer,Acquired,,,140.0,50-199,2022-08-05,2022,Q3,8,August,31,False,False,,https://www.geekwire.com/2022/amazon-to-acquire-roomba-maker-irobot-for-1-7-billion/,Layoffs.fyi
L02878,10X Genomics,SF Bay Area,United States,Healthcare,Post-IPO,,,100.0,50-199,2022-08-04,2022,Q3,8,August,31,False,False,,https://www.genomeweb.com/business-news/10x-genomics-lays-approximately-100-employees#.YuxWk-zMKqV,Layoffs.fyi
L02876,Article,"Vancouver,Non-U.S.",Canada,Retail,Series B,,,216.0,200-999,2022-08-04,2022,Q3,8,August,31,False,False,,https://dailyhive.com/vancouver/vancouver-article-layoffs,Layoffs.fyi
L02875,Doma,SF Bay Area,United States,Finance,Post-IPO,,,250.0,200-999,2022-08-04,2022,Q3,8,August,31,False,False,,https://www.inman.com/2022/08/19/doma-announces-more-layoffs-as-cumulative-losses-top-300m/amp/,Layoffs.fyi
L02877,Jam City,Los Angeles,United States,Consumer,Unknown,,,200.0,200-999,2022-08-04,2022,Q3,8,August,31,False,False,,https://venturebeat.com/2022/08/04/jam-city-lays-off-hundreds-of-staff-as-part-of-restructuring/,Layoffs.fyi
L02879,LEAD,"Mumbai,Non-U.S.",India,Education,Series E,,,80.0,50-199,2022-08-04,2022,Q3,8,August,31,False,False,,https://www.moneycontrol.com/news/business/startup/school-edtech-unicorn-lead-lets-go-of-about-100-employees-8954821.html,Layoffs.fyi
L02881,On Deck,SF Bay Area,United States,Education,Series A,,,73.0,50-199,2022-08-04,2022,Q3,8,August,31,False,False,,https://techcrunch.com/2022/08/04/on-deck-lays-off-a-third-of-staff-after-cutting-a-quarter-just-months-prior/,Layoffs.fyi
L02882,RenoRun,"Montreal,Non-U.S.",Canada,Construction,Series B,,,70.0,50-199,2022-08-04,2022,Q3,8,August,31,False,False,,https://betakit.com/renorun-lays-off-12-percent-of-staff-pauses-geographic-expansion-amid-uncertainty-surrounding-consumer-spending/,Layoffs.fyi
L02883,RingCentral,SF Bay Area,United States,Support,Post-IPO,,,50.0,50-199,2022-08-04,2022,Q3,8,August,31,False,False,,https://www.bizjournals.com/sanfrancisco/news/2022/08/04/ringcentral-lays-off-50-at-belmont-headquarters.html,Layoffs.fyi
L02880,Zendesk,SF Bay Area,United States,Support,Acquired,,,80.0,50-199,2022-08-04,2022,Q3,8,August,31,False,False,,Internal memo,Layoffs.fyi
L02891,Beyond Meat,Los Angeles,United States,Food,Post-IPO,,,40.0,1-49,2022-08-03,2022,Q3,8,August,31,False,False,,https://www.bloomberg.com/news/articles/2022-08-03/beyond-meat-eliminates-about-40-positions-in-cost-cutting-move,Layoffs.fyi
L02889,Healthcare.com,Miami,United States,Healthcare,Series C,,,149.0,50-199,2022-08-03,2022,Q3,8,August,31,False,False,,https://www.bizjournals.com/southflorida/inno/stories/news/2022/08/03/healthcare-inc-cuts-149-jobs-miami.html,Layoffs.fyi
L02892,The Org,"New Delhi,New York City",United States,HR,Series B,,,13.0,1-49,2022-08-03,2022,Q3,8,August,31,False,False,,https://www.linkedin.com/posts/theorg_this-week-the-org-laid-off-13-of-our-ny-based-activity-6960585154205515776-7Qf_/,Layoffs.fyi
L02890,Unbounce,"Vancouver,Non-U.S.",Canada,Marketing,Series A,,,47.0,1-49,2022-08-03,2022,Q3,8,August,31,False,False,,https://betakit.com/unbounce-lays-off-20-percent-of-staff-as-part-of-larger-company-restructuring/,Layoffs.fyi
L02907,Glossier,New York City,United States,Retail,Series E,,,19.0,1-49,2022-08-02,2022,Q3,8,August,31,False,False,,https://www.modernretail.co/startups/glossier-lays-off-about-two-dozen-employees-as-it-ramps-up-hiring-in-wholesale-and-retail/amp/,Layoffs.fyi
L02898,Latch,New York City,United States,Security,Post-IPO,,,115.0,50-199,2022-08-02,2022,Q3,8,August,31,False,False,,https://www.globenewswire.com/news-release/2022/08/02/2490797/0/en/Latch-announces-further-changes-to-improve-operating-efficiency.html,Layoffs.fyi
L02901,Nylas,SF Bay Area,United States,Product,Series C,,,80.0,50-199,2022-08-02,2022,Q3,8,August,31,False,False,,https://www.nylas.com/blog/a-message-from-nylas-co-founder-ceo-gleb-polyakov/,Layoffs.fyi
L02902,Outreach,Seattle,United States,Sales,Series G,,,60.0,50-199,2022-08-02,2022,Q3,8,August,31,False,False,,https://www.linkedin.com/posts/medinism_throughout-outreachs-journey-as-a-start-up-activity-6960299213226225664-PNsG/,Layoffs.fyi
L02897,Robinhood,SF Bay Area,United States,Finance,Post-IPO,,,713.0,200-999,2022-08-02,2022,Q3,8,August,31,False,False,,https://techcrunch.com/2022/08/02/robinhood-23-layoff-vlad-tenev-responsibility-hiring/,Layoffs.fyi
L02900,Seegrid,Pittsburgh,United States,Logistics,Unknown,,,90.0,50-199,2022-08-02,2022,Q3,8,August,31,False,False,,https://www.therobotreport.com/sources-amr-maker-seegrid-hit-with-layoffs/,Layoffs.fyi
L02903,Sendy,"Nairobi,Non-U.S.",Kenya,Logistics,Series B,,,54.0,50-199,2022-08-02,2022,Q3,8,August,31,False,False,,https://techcrunch.com/2022/10/05/sendy-conducts-second-round-of-layoffs-20-of-its-remaining-staff-affected/,Layoffs.fyi
L02905,Sendy,"Nairobi,Non-U.S.",Kenya,Logistics,Series B,,,30.0,1-49,2022-08-02,2022,Q3,8,August,31,False,False,,https://techcabal.com/2022/08/02/kenyan-logistics-startup-sendy-lays-off-10-of-its-staff/,Layoffs.fyi
L02906,Stedi,Boulder,United States,Product,Series B,,,23.0,1-49,2022-08-02,2022,Q3,8,August,31,False,False,,https://twitter.com/GergelyOrosz/status/1554707921984016387,Layoffs.fyi
L02904,The Predictive Index,Boston,United States,HR,Acquired,,,40.0,1-49,2022-08-02,2022,Q3,8,August,31,False,False,,https://www.linkedin.com/feed/update/urn:li:activity:6961029042426757120/,Layoffs.fyi
L02899,Vedantu,"Bengaluru,Non-U.S.",India,Education,Series E,,,100.0,50-199,2022-08-02,2022,Q3,8,August,31,False,False,,https://inc42.com/buzz/exclusive-edtech-unicorn-vedantu-lays-off-another-100-employees/,Layoffs.fyi
L02910,Hash,"Sao Paulo,Non-U.S.",Brazil,Finance,Series C,,,58.0,50-199,2022-08-01,2022,Q3,8,August,31,False,False,,https://oglobo.globo.com/blogs/capital/post/2022/08/startup-de-maquininha-demite-mais-de-metade-da-equipe-e-avalia-fechar-as-portas.ghtml,Layoffs.fyi
L02917,Metigy,"Sydney,Non-U.S.",Australia,Marketing,Series B,,,75.0,50-199,2022-07-31,2022,Q3,7,July,30,False,False,,https://www.linkedin.com/posts/myrabeal_talent-tech-recruitment-activity-6959703840858259456-V8Tv/,Layoffs.fyi
L02918,Vee,"Tel Aviv,Non-U.S.",Israel,HR,Seed,,,16.0,1-49,2022-07-31,2022,Q3,7,July,30,False,False,,https://www.calcalistech.com/ctechnews/article/syarhxntq,Layoffs.fyi
L02921,Clearco,"Toronto,Non-U.S.",Canada,Finance,Series C,,,125.0,50-199,2022-07-29,2022,Q3,7,July,30,False,False,,https://betakit.com/clearco-cuts-a-quarter-of-staff-amid-significant-headwinds/,Layoffs.fyi
L02922,Imperfect Foods,SF Bay Area,United States,Food,Series D,,,50.0,50-199,2022-07-29,2022,Q3,7,July,30,False,False,,https://www.bizjournals.com/sanfrancisco/news/2022/07/29/imperfect-foods-bayview-sf-hq-warehouse-layoffs.html,Layoffs.fyi
L02920,Ola,"Bengaluru,Non-U.S.",India,Transportation,Series J,,,1000.0,"1,000-4,999",2022-07-29,2022,Q3,7,July,30,True,False,,https://economictimes.indiatimes.com/tech/startups/ola-to-fire-about-1000-employees-across-verticals-even-as-focus-shifts-to-electric-mobility/articleshow/93194411.cms,Layoffs.fyi
L02924,Quantcast,SF Bay Area,United States,Marketing,Series C,,,40.0,1-49,2022-07-29,2022,Q3,7,July,30,False,False,,https://digiday.com/media/ad-tech-firm-quantcast-cuts-6-in-headcount-as-economic-storm-clouds-gather/,Layoffs.fyi
L02923,Shelf Engine,Seattle,United States,Food,Series B,,,43.0,1-49,2022-07-29,2022,Q3,7,July,30,False,False,,https://www.geekwire.com/2022/seattle-startup-shelf-engine-lays-off-43-employees-due-to-challenging-economic-conditions/,Layoffs.fyi
L02925,Sherpa,"Toronto,Non-U.S.",Canada,Travel,Unknown,,,22.0,1-49,2022-07-29,2022,Q3,7,July,30,False,False,,https://www.linkedin.com/posts/maxtremaine_it-has-been-an-amazing-year-for-sherpa-activity-6962384880487866368-v491/,Layoffs.fyi
L02933,Allbirds,SF Bay Area,United States,Retail,Post-IPO,,,23.0,1-49,2022-07-28,2022,Q3,7,July,30,False,False,,Internal memo,Layoffs.fyi
L02930,Career Karma,SF Bay Area,United States,Education,Series B,,,60.0,50-199,2022-07-28,2022,Q3,7,July,30,False,False,,https://techcrunch.com/2022/07/28/career-karma-conducts-layoffs-as-tech-jobs-face-a-massive-stress-test/,Layoffs.fyi
L02932,Laybuy,Auckland,New Zealand,Finance,Post-IPO,,,45.0,1-49,2022-07-28,2022,Q3,7,July,30,False,False,,https://www.stuff.co.nz/business/300648897/laybuy-to-cut-45-jobs-as-it-searches-for-profit,Layoffs.fyi
L02931,Metromile,SF Bay Area,United States,Finance,Acquired,,,60.0,50-199,2022-07-28,2022,Q3,7,July,30,False,False,,https://techcrunch.com/2022/07/29/lemonade-closes-on-acquisition-of-insurtech-metromile-promptly-lays-off-about-20-of-its-staff/,Layoffs.fyi
L02929,Ribbon,New York City,United States,Real Estate,Series C,,,136.0,50-199,2022-07-28,2022,Q3,7,July,30,False,False,,https://www.inman.com/2022/07/28/ribbon-slashes-one-third-of-workforce-to-adjust-to-new-reality/,Layoffs.fyi
L02934,TextNow,"Waterloo,Non-U.S.",Canada,Consumer,Seed,,,22.0,1-49,2022-07-28,2022,Q3,7,July,30,False,False,,Internal memo,Layoffs.fyi
L02943,Coinsquare,"Toronto,Non-U.S.",Canada,Crypto,Unknown,,,30.0,1-49,2022-07-27,2022,Q3,7,July,30,False,False,,https://betakit.com/coinsquare-lays-off-24-percent-of-staff-amid-turbulent-crypto-market-shifted-focus-to-regulation/,Layoffs.fyi
L02941,Rivian,Detroit,United States,Transportation,Post-IPO,,,840.0,200-999,2022-07-27,2022,Q3,7,July,30,False,False,,https://www.cnn.com/2022/07/27/business/rivian-layoffs/index.html,Layoffs.fyi
L02944,Skai,"Tel Aviv,Non-U.S.",Israel,Marketing,Series E,,,30.0,1-49,2022-07-27,2022,Q3,7,July,30,False,False,,https://www.calcalistech.com/ctechnews/article/ry0jnia39?prof=5211.Ctech-5214.ctech.Startups,Layoffs.fyi
L02942,Vox Media,Washington D.C.,United States,Media,Series F,,,39.0,1-49,2022-07-27,2022,Q3,7,July,30,False,False,,https://www.axios.com/2022/07/27/vox-media-layoffs-economic-uncertainty,Layoffs.fyi
L02950,Dover,SF Bay Area,United States,Recruiting,Series A,,,23.0,1-49,2022-07-26,2022,Q3,7,July,30,False,False,,https://blog.dover.io/changes-to-our-team/,Layoffs.fyi
L02947,Fiverr,"Tel Aviv,Non-U.S.",Israel,Other,Post-IPO,,,60.0,50-199,2022-07-26,2022,Q3,7,July,30,False,False,,https://en.globes.co.il/en/article-fiverr-lays-off-60-including-30-employees-in-israel-1001419413,Layoffs.fyi
L02951,Immutable,"Sydney,Non-U.S.",Australia,Crypto,Series C,,,20.0,1-49,2022-07-26,2022,Q3,7,July,30,False,False,,https://www.cnet.com/tech/gaming/crypto-star-immutable-creator-of-nft-game-gods-unchained-lays-off-over-20-staff/,Layoffs.fyi
L02948,InDebted,"Sydney,Non-U.S.",Australia,Finance,Series B,,,40.0,1-49,2022-07-26,2022,Q3,7,July,30,False,False,,https://www.news.com.au/finance/business/technology/startup-sacks-40-employees-amid-200-million-valuation/news-story/891f316c53bb38c7f12d519b26f07ee5,Layoffs.fyi
L02946,McMakler,"Berlin,Non-U.S.",Germany,Real Estate,Unknown,,,90.0,50-199,2022-07-26,2022,Q3,7,July,30,False,False,,https://www.businessinsider.de/gruenderszene/business/mcmakler-massenentlassung-nach-firmenfeier/,Layoffs.fyi
L02949,Outbrain,New York City,United States,Marketing,Post-IPO,,,38.0,1-49,2022-07-26,2022,Q3,7,July,30,False,False,,https://en.globes.co.il/en/article-fiverr-lays-off-60-including-30-employees-in-israel-1001419413,Layoffs.fyi
L02945,Shopify,"Ottawa,Non-U.S.",Canada,Retail,Post-IPO,,,1000.0,"1,000-4,999",2022-07-26,2022,Q3,7,July,30,True,False,,https://www.wsj.com/articles/shopify-to-lay-off-10-of-workers-in-broad-shake-up-11658839047,Layoffs.fyi
L02953,Pear Therapeutics ,Boston,United States,Healthcare,Post-IPO,,,25.0,1-49,2022-07-25,2022,Q3,7,July,30,False,False,,https://www.massdevice.com/pear-therapeutics-announces-layoffs/,Layoffs.fyi
L02952,Zymergen,SF Bay Area,United States,Other,Acquired,,,80.0,50-199,2022-07-25,2022,Q3,7,July,30,False,False,,https://www.bizjournals.com/sanfrancisco/news/2022/07/25/zymergen-ginkgo-bioworks-zyme-dna-merger-job-cuts.html,Layoffs.fyi
L02955,Soluto,"Tel Aviv,Non-U.S.",Israel,Support,Acquired,,,120.0,50-199,2022-07-24,2022,Q3,7,July,29,False,False,,https://www.calcalistech.com/ctechnews/article/s1xemk935,Layoffs.fyi
L02959,Clarify Health,SF Bay Area,United States,Healthcare,Series D,,,15.0,1-49,2022-07-22,2022,Q3,7,July,29,False,False,,https://twitter.com/erinbrodwin/status/1550495194805518337,Layoffs.fyi
L02956,Eucalyptus,"Sydney,Non-U.S.",United States,Healthcare,Series C,,,50.0,50-199,2022-07-22,2022,Q3,7,July,29,False,False,,https://www.news.com.au/finance/business/other-industries/australian-healthcare-startup-fires-20-per-cent-of-staff/news-story/c582a96f5cc55a99962c2c79aa7033a9,Layoffs.fyi
L02958,Quanto,"Sao Paulo,Non-U.S.",Brazil,Finance,Series A,,,28.0,1-49,2022-07-22,2022,Q3,7,July,29,False,False,,https://www.seudinheiro.com/2022/empresas/onda-de-demissoes-quanto-startup-facily-involves-lils/,Layoffs.fyi
L02957,Workstream,SF Bay Area,United States,HR,Series B,,,45.0,1-49,2022-07-22,2022,Q3,7,July,29,False,False,,LinkedIn,Layoffs.fyi
L02967,AppGate,Miami,United States,Security,Post-IPO,,,130.0,50-199,2022-07-21,2022,Q3,7,July,29,False,False,,https://m.marketscreener.com/quote/stock/APPGATE-INC-128303647/news/APPGATE-INC-Costs-Associated-with-Exit-or-Disposal-Activities-form-8-K-41078857/,Layoffs.fyi
L02965,Blockchain.com,"London,Non-U.S.",United Kingdom,Crypto,Series D,,,150.0,50-199,2022-07-21,2022,Q3,7,July,29,False,False,,https://www.coindesk.com/business/2022/07/21/blockchaincom-cuts-25-workforce-amid-crypto-bear-market/,Layoffs.fyi
L02966,Callisto Media,SF Bay Area,United States,Media,Series D,,,140.0,50-199,2022-07-21,2022,Q3,7,July,29,False,False,,https://www.publishersweekly.com/pw/by-topic/industry-news/publisher-news/article/89897-callisto-media-promising-to-act-swiftly-and-decisively-lays-off-35-of-workforce.html,Layoffs.fyi
L02970,Lunchbox,New York City,United States,Food,Series B,,,60.0,50-199,2022-07-21,2022,Q3,7,July,29,False,False,,https://www.businessinsider.com/lunchbox-lays-off-employees-as-food-tech-startups-face-downturn-2022-7,Layoffs.fyi
L02969,Rad Power Bikes,Seattle,United States,Transportation,Series D,,,63.0,50-199,2022-07-21,2022,Q3,7,July,29,False,False,,https://www.geekwire.com/2022/rad-power-bikes-cuts-about-10-of-staff-citing-economic-uncertainty-and-rising-operating-costs/,Layoffs.fyi
L02971,RealSelf,Seattle,United States,Healthcare,Series B,,,11.0,1-49,2022-07-21,2022,Q3,7,July,29,False,False,,https://www.geekwire.com/2022/cosmetic-treatment-review-platform-realself-lays-off-11-employees/,Layoffs.fyi
L02968,WHOOP,Boston,United States,Fitness,Series F,,,95.0,50-199,2022-07-21,2022,Q3,7,July,29,False,False,,https://frontofficesports.com/fitness-company-whoop-slashes-workforce-by-15/,Layoffs.fyi
L02986,Arc,SF Bay Area,United States,HR,Seed,,,13.0,1-49,2022-07-20,2022,Q3,7,July,29,False,False,,https://www.linkedin.com/posts/weitingliu_today-i-shared-the-hard-news-about-the-difficult-activity-6955435904693878784-hl3J/,Layoffs.fyi
L02980,BlueStacks,SF Bay Area,United States,Other,Series C,,,60.0,50-199,2022-07-20,2022,Q3,7,July,29,False,False,,https://inc42.com/buzz/exclusive-a16z-backed-bluestacks-lays-off-60-indian-employees/,Layoffs.fyi
L02978,Flyhomes,Seattle,United States,Real Estate,Series C,,,200.0,200-999,2022-07-20,2022,Q3,7,July,29,False,False,,https://www.geekwire.com/2022/seattle-real-estate-startup-flyhomes-cuts-20-of-staff-citing-uncertain-economic-conditions/,Layoffs.fyi
L02985,Forma.ai,"Toronto,Non-U.S.",Canada,Sales,Series B,,,15.0,1-49,2022-07-20,2022,Q3,7,July,29,False,False,,Internal memo,Layoffs.fyi
L02982,Introhive,"Ferdericton,Non-U.S.",Canada,Sales,Series C,,,57.0,50-199,2022-07-20,2022,Q3,7,July,29,False,False,,https://entrevestor.com/home/entry/introhive-lays-off-staff-braces-for-recession,Layoffs.fyi
L02977,Just Eat Takeaway,"Amsterdam,Non-U.S.",Netherlands,Food,Post-IPO,,,390.0,200-999,2022-07-20,2022,Q3,7,July,29,False,False,,https://www.reuters.com/business/retail-consumer/just-eat-takeaway-cut-staff-france-spokesperson-says-2022-07-20/,Layoffs.fyi
L02981,Lyft,SF Bay Area,United States,Transportation,Post-IPO,,,60.0,50-199,2022-07-20,2022,Q3,7,July,29,False,False,,https://www.wsj.com/articles/lyft-lays-off-about-60-employees-folds-its-car-rentals-for-riders-11658340622,Layoffs.fyi
L02984,Splice,New York City,United States,Media,Series D,,,23.0,1-49,2022-07-20,2022,Q3,7,July,29,False,False,,https://www.washingtonpost.com/business/2022/08/02/job-openings-labor-market-jolts/,Layoffs.fyi
L02979,Varo,SF Bay Area,United States,Finance,Series E,,,75.0,50-199,2022-07-20,2022,Q3,7,July,29,False,False,,https://www.axios.com/pro/fintech-deals/2022/07/20/varo-bank-lays-off-75,Layoffs.fyi
L02983,Zencity,"Tel Aviv,Non-U.S.",Israel,Other,Unknown,,,30.0,1-49,2022-07-20,2022,Q3,7,July,29,False,False,,https://www.calcalistech.com/ctechnews/article/bysqkusnc,Layoffs.fyi
L02987,Invitae,SF Bay Area,United States,Healthcare,Post-IPO,,,1000.0,"1,000-4,999",2022-07-19,2022,Q3,7,July,29,True,False,,https://www.genomeweb.com/business-news/invitae-lay-over-1000-workers-amid-restructuring-leadership-transition#.YtbajOzMK8D,Layoffs.fyi
L02989,M1,Chicago,United States,Finance,Series E,,,38.0,1-49,2022-07-19,2022,Q3,7,July,29,False,False,,Internal memo,Layoffs.fyi
L02988,Olive,Columbus,United States,Healthcare,Series H,,,450.0,200-999,2022-07-19,2022,Q3,7,July,29,False,False,,https://oliveai.com/important-changes-to-our-business,Layoffs.fyi
L02990,SellerX,"Berlin,Non-U.S.",Germany,Retail,Unknown,,,28.0,1-49,2022-07-19,2022,Q3,7,July,29,False,False,,https://sifted.eu/articles/layoffs-amazon-aggregators-downturn/,Layoffs.fyi
L02991,Stint,"London,Non-U.S.",United Kingdom,HR,Unknown,,,28.0,1-49,2022-07-19,2022,Q3,7,July,29,False,False,,https://sifted.eu/articles/startup-tech-company-layoffs/,Layoffs.fyi
L02994,Gemini,New York City,United States,Crypto,Unknown,,,68.0,50-199,2022-07-18,2022,Q3,7,July,29,False,False,,https://techcrunch.com/2022/07/18/crypto-exchange-gemini-executes-second-round-of-layoffs-less-than-two-months-after-axing-10-of-staff/,Layoffs.fyi
L02995,Lusha,New York City,United States,Marketing,Series B,,,30.0,1-49,2022-07-18,2022,Q3,7,July,29,False,False,,https://www.calcalistech.com/ctechnews/article/rjqkrgx3q,Layoffs.fyi
L02993,PACT Pharma,SF Bay Area,United States,Healthcare,Series C,,,94.0,50-199,2022-07-18,2022,Q3,7,July,29,False,False,,https://www.fiercebiotech.com/biotech/personalized-cancer-therapy-biotech-pact-pharma-lets-go-nearly-100-staffers,Layoffs.fyi
L03004,Aspire,SF Bay Area,United States,Marketing,Series A,,,23.0,1-49,2022-07-15,2022,Q3,7,July,28,False,False,,https://www.businessinsider.com/influencer-marketing-firm-aspire-lays-off-staffers-creator-economy-2022-7,Layoffs.fyi
L03001,Bright Money,"Bengaluru,Non-U.S.",India,Finance,Series A,,,100.0,50-199,2022-07-15,2022,Q3,7,July,28,False,False,,https://www.outlookindia.com/business/sequoia-backed-bright-money-is-latest-start-up-to-hand-out-pink-slips-news-211290?,Layoffs.fyi
L03003,Heroes,"London,Non-U.S.",United States,Retail,Unknown,,,24.0,1-49,2022-07-15,2022,Q3,7,July,28,False,False,,https://www.businessinsider.com/amazon-rollup-heroes-quietly-laid-off-staff-2022-7,Layoffs.fyi
L03002,Project44,Chicago,United States,Logistics,Unknown,,,63.0,50-199,2022-07-15,2022,Q3,7,July,28,False,False,,https://www.freightwaves.com/news/project44-cuts-5-of-global-workforce-plans-for-engineering-first-focus,Layoffs.fyi
L03009,Kiavi,SF Bay Area,United States,Real Estate,Series E,,,39.0,1-49,2022-07-14,2022,Q3,7,July,28,False,False,,https://www.housingwire.com/articles/fix-and-flip-lender-kiavi-lays-off-7-of-employees/,Layoffs.fyi
L03007,The Mom Project,Chicago,United States,HR,Series C,,,54.0,50-199,2022-07-14,2022,Q3,7,July,28,False,False,,https://www.linkedin.com/posts/the-mom-project_today-we-shared-the-difficult-news-with-activity-6953445024575475712-VHen/,Layoffs.fyi
L03008,Unstoppable Domains,SF Bay Area,United States,Crypto,Series B,,,42.0,1-49,2022-07-14,2022,Q3,7,July,28,False,False,,https://twitter.com/matthewegould/status/1547699609480286208,Layoffs.fyi
L03006,Zego,"London,Non-U.S.",United Kingdom,Finance,Series C,,,85.0,50-199,2022-07-14,2022,Q3,7,July,28,False,False,,https://coverager.com/layoffs-at-zego/,Layoffs.fyi
L03019,100 Thieves,Los Angeles,United States,Consumer,Series C,,,12.0,1-49,2022-07-13,2022,Q3,7,July,28,False,False,,https://www.dexerto.com/esports/100-thieves-layoffs-social-content-teams-1870915/,Layoffs.fyi
L03016,Bryter,"Berlin,Non-U.S.",Germany,Product,Series B,,,100.0,50-199,2022-07-13,2022,Q3,7,July,28,False,False,,https://twitter.com/pierre_vannier/status/1547311744837685249,Layoffs.fyi
L03017,ChowNow,Los Angeles,United States,Food,Series C,,,100.0,50-199,2022-07-13,2022,Q3,7,July,28,False,False,,https://techcrunch.com/2022/07/13/signaling-tough-times-ahead-chownow-lays-off-employees/,Layoffs.fyi
L03015,Fabric,New York City,United States,Logistics,Series C,,,120.0,50-199,2022-07-13,2022,Q3,7,July,28,False,False,,https://techcrunch.com/2022/07/13/fabric-lays-off-40-of-staff-as-it-shifts-strategy-from-service-to-platform/,Layoffs.fyi
L03018,Involves,"Florianópolis,Non-U.S.",Brazil,Retail,Unknown,,,70.0,50-199,2022-07-13,2022,Q3,7,July,28,False,False,,https://www.baguete.com.br/noticias/13/07/2022/involves-demite-18,Layoffs.fyi
L03020,Nuro,SF Bay Area,United States,Transportation,Series D,,,7.0,1-49,2022-07-13,2022,Q3,7,July,28,False,False,,https://www.therobotreport.com/nuro-lays-off-employees-in-texas-california-and-arizona/,Layoffs.fyi
L03014,Tonal,SF Bay Area,United States,Fitness,Series E,,,262.0,200-999,2022-07-13,2022,Q3,7,July,28,False,False,,https://www.cnbc.com/2022/07/13/peloton-rival-tonal-cuts-jobs-ahead-of-possible-recession-ipo.html,Layoffs.fyi
L03013,Wave,"Dakar,Non-U.S.",Senegal,Finance,Series A,,,300.0,200-999,2022-07-13,2022,Q3,7,July,28,False,False,,https://techcrunch.com/2022/07/13/wave-a-stripe-backed-african-fintech-valued-at-1-7-billion-cut-15-of-its-staff-in-june/,Layoffs.fyi
L03026,Babylon,"London,Non-U.S.",United Kingdom,Healthcare,Post-IPO,,,100.0,50-199,2022-07-12,2022,Q3,7,July,28,False,False,,https://www.bloomberg.com/news/articles/2022-07-12/uk-health-app-babylon-plans-job-cuts-in-bid-to-slash-costs#xj4y7vzkg,Layoffs.fyi
L03025,Fraazo,"Mumbai,Non-U.S.",India,Food,Series B,,,150.0,50-199,2022-07-12,2022,Q3,7,July,28,False,False,,https://inc42.com/buzz/exclusive-fraazo-lays-off-150-employees-shuts-50-dark-stores/,Layoffs.fyi
L03024,Gopuff,Philadelphia,United States,Food,Series H,,,1500.0,"1,000-4,999",2022-07-12,2022,Q3,7,July,28,True,False,,https://www.bloomberg.com/news/articles/2022-07-12/gopuff-is-cutting-10-jobs-in-us-closing-warehouses-to-preserve-cash,Layoffs.fyi
L03027,Hubilo,SF Bay Area,United States,Marketing,Series B,,,45.0,1-49,2022-07-12,2022,Q3,7,July,28,False,False,,https://inc42.com/buzz/hubilo-lays-off-12-workforce-as-physical-events-resume/,Layoffs.fyi
L03032,Alice,"Sao Paulo,Non-U.S.",Brazil,Healthcare,Series C,,,63.0,50-199,2022-07-11,2022,Q3,7,July,28,False,False,,https://forbes.com.br/carreira/2022/07/healthtech-alice-demite-63-funcionarios/,Layoffs.fyi
L03031,Hopin,"London,Non-U.S.",United Kingdom,Other,Series D,,,242.0,200-999,2022-07-11,2022,Q3,7,July,28,False,False,,https://www.businessinsider.com/live-events-unicorn-startup-hopin-is-laying-off-tk-staff-2022-7?op=1&scrolla=5eb6d68b7fedc32c19ef33b4,Layoffs.fyi
L03033,SundaySky,New York City,United States,Marketing,Series D,,,24.0,1-49,2022-07-11,2022,Q3,7,July,28,False,False,,https://en.globes.co.il/en/article-clearhaven-partners-buys-israeli-co-sundaysky-1001417731,Layoffs.fyi
L03039,Butler Hospitality,New York City,United States,Food,Series B,,,1000.0,"1,000-4,999",2022-07-08,2022,Q3,7,July,27,True,False,,https://techcrunch.com/2022/07/08/butler-shows-hundreds-of-employees-the-door-after-raising-50m-for-room-service-delivery/,Layoffs.fyi
L03040,Calibrate,New York City,United States,Healthcare,Series B,,,156.0,50-199,2022-07-08,2022,Q3,7,July,27,False,False,,https://news.bloomberglaw.com/capital-markets/health-startup-calibrate-cuts-24-of-workforce-in-restructuring,Layoffs.fyi
L03038,PuduTech,"Shenzen,Non-U.S.",China,Other,Series C,,,1500.0,"1,000-4,999",2022-07-08,2022,Q3,7,July,27,True,False,,https://www.therobotreport.com/reports-major-layoffs-at-pudu-robotics/,Layoffs.fyi
L03044,Adwerx,Durham,United States,Marketing,Unknown,,,40.0,1-49,2022-07-07,2022,Q3,7,July,27,False,False,,https://www.inman.com/2022/07/08/adwerx-lays-off-40-employees-as-company-slows-new-initiatives/,Layoffs.fyi
L03042,Argo AI,Pittsburgh,United States,Transportation,Unknown,,,150.0,50-199,2022-07-07,2022,Q3,7,July,27,False,False,,https://techcrunch.com/2022/07/07/ford-vw-backed-argo-ai-lays-off-150-workers-slows-hiring/,Layoffs.fyi
L03045,Emotive,Los Angeles,United States,Marketing,Series B,,,30.0,1-49,2022-07-07,2022,Q3,7,July,27,False,False,,https://dot.la/emotive-layoffs-2657628462.html,Layoffs.fyi
L03043,Next Insurance,SF Bay Area,United States,Finance,Series E,,,150.0,50-199,2022-07-07,2022,Q3,7,July,27,False,False,,https://www.calcalistech.com/ctechnews/article/byybineic,Layoffs.fyi
L03050,Anodot,"Tel Aviv,Non-U.S.",United States,Data,Series C,,,35.0,1-49,2022-07-06,2022,Q3,7,July,27,False,False,,https://www.calcalistech.com/ctechnews/article/sypfe11ms5,Layoffs.fyi
L03052,Anodot,"Tel Aviv,Non-U.S.",United States,Data,Series C,,,15.0,1-49,2022-07-06,2022,Q3,7,July,27,False,False,,https://www.calcalistech.com/ctechnews/article/sjy5hbre3,Layoffs.fyi
L03048,Remote,SF Bay Area,United States,HR,Series C,,,100.0,50-199,2022-07-06,2022,Q3,7,July,27,False,False,,https://www.publico.pt/2022/07/06/economia/noticia/crise-chega-tecnologicas-portugal-remote-despede-9-2012650,Layoffs.fyi
L03051,SQream,New York City,United States,Data,Series B,,,30.0,1-49,2022-07-06,2022,Q3,7,July,27,False,False,,https://www.calcalistech.com/ctechnews/article/hyvmtrmo9,Layoffs.fyi
L03049,Shopify,"Ottawa,Non-U.S.",Canada,Retail,Post-IPO,,,50.0,50-199,2022-07-06,2022,Q3,7,July,27,False,False,,https://www.theglobeandmail.com/business/article-shopify-compensation-hiring-plans/,Layoffs.fyi
L03055,Bizzabo,New York City,United States,Marketing,Series E,,,120.0,50-199,2022-07-05,2022,Q3,7,July,27,False,False,,https://www.calcalistech.com/ctechnews/article/hysobwfi5,Layoffs.fyi
L03059,Bullish,"Hong Kong,Non-U.S.",Hong Kong,Crypto,Unknown,,,30.0,1-49,2022-07-05,2022,Q3,7,July,27,False,False,,https://www.theblock.co/post/155859/bullish-com-cuts-jobs-crypto-exchange,Layoffs.fyi
L03054,Loft,"Sao Paulo,Non-U.S.",Brazil,Real Estate,Unknown,,,384.0,200-999,2022-07-05,2022,Q3,7,July,27,False,False,,https://startups.com.br/noticias/loft-faz-segunda-rodada-de-demissoes-e-corta-mais-380/,Layoffs.fyi
L03058,Outschool,SF Bay Area,United States,Education,Series D,,,31.0,1-49,2022-07-05,2022,Q3,7,July,27,False,False,,https://techcrunch.com/2022/07/05/outschool-which-raised-a-series-b-c-and-d-in-12-months-lays-off-18-of-workforce/,Layoffs.fyi
L03062,Syte,"Tel Aviv,Non-U.S.",Israel,Retail,Series C,,,13.0,1-49,2022-07-05,2022,Q3,7,July,27,False,False,,https://www.themarker.com/technation/2022-07-04/ty-article/.premium/00000181-ca01-d0be-a5e9-ff132aa30000,Layoffs.fyi
L03061,Thimble,New York City,United States,Finance,Series A,,,20.0,1-49,2022-07-05,2022,Q3,7,July,27,False,False,,https://coverager.com/layoffs-at-thimble/,Layoffs.fyi
L03060,Transmit Security,Boston,United States,Security,Series A,,,27.0,1-49,2022-07-05,2022,Q3,7,July,27,False,False,,https://www.themarker.com/technation/2022-07-05/ty-article/.premium/00000181-cd88-dd1b-a7d1-efffaa730000,Layoffs.fyi
L03057,Verbit,New York City,United States,Data,Series E,,,80.0,50-199,2022-07-05,2022,Q3,7,July,27,False,False,,https://www.calcalistech.com/ctechnews/article/bj4k0azi5,Layoffs.fyi
L03056,eToro,"Tel Aviv,Non-U.S.",Israel,Finance,Unknown,,,100.0,50-199,2022-07-05,2022,Q3,7,July,27,False,False,,https://www.calcalistech.com/ctechnews/article/ryoxm611sc,Layoffs.fyi
L03064,Chessable,"London,Non-U.S.",United Kingdom,Consumer,Acquired,,,29.0,1-49,2022-07-04,2022,Q3,7,July,27,False,False,,https://dotesports.com/chess/news/chessbase-lays-off-29-employees-citing-new-economic-reality,Layoffs.fyi
L03066,Lendis,"Berlin,Non-U.S.",Germany,Other,Series A,,,18.0,1-49,2022-07-04,2022,Q3,7,July,27,False,False,,https://www.businessinsider.de/gruenderszene/news/news-ticker-lendis-2022-07/,Layoffs.fyi
L03063,Lightricks,"Jerusalem,Non-U.S.",Israel,Consumer,Series D,,,80.0,50-199,2022-07-04,2022,Q3,7,July,27,False,False,,https://en.globes.co.il/en/article-app-developer-lightricks-lays-off-70-in-israel-1001417020,Layoffs.fyi
L03065,Sendle,"Sydney,Non-U.S.",Australia,Logistics,Series C,,,27.0,1-49,2022-07-04,2022,Q3,7,July,27,False,False,,https://www.afr.com/technology/australia-post-disruptor-sendle-airtasker-lead-in-tech-jobs-losses-20220701-p5aydb,Layoffs.fyi
L03069,Celsius,New York City,United States,Crypto,Series B,,,150.0,50-199,2022-07-03,2022,Q3,7,July,26,False,False,,https://www.calcalistech.com/ctechnews/article/syvuxha99,Layoffs.fyi
L03068,Gorillas,"Berlin,Non-U.S.",Germany,Food,Series C,,,540.0,200-999,2022-07-03,2022,Q3,7,July,26,False,False,,https://www.retailfood.it/index.php/2022/07/03/gorillas-flop-lascia-litalia/,Layoffs.fyi
L03075,Bamboo Health,Louisville,United States,Healthcare,Unknown,,,52.0,50-199,2022-07-01,2022,Q3,7,July,26,False,False,,Internal memo,Layoffs.fyi
L03074,Canoo,Los Angeles,United States,Transportation,Post-IPO,,,58.0,50-199,2022-07-01,2022,Q3,7,July,26,False,False,,https://www.businessinsider.com/canoo-layoffs-production-goals-electric-vehicle-startup-2022-6,Layoffs.fyi
L03076,Teleport,SF Bay Area,United States,Infrastructure,Series C,,,15.0,1-49,2022-07-01,2022,Q3,7,July,26,False,False,,https://goteleport.com/blog/managing-downturn/,Layoffs.fyi
L03073,WanderJaunt,SF Bay Area,United States,Travel,Series B,,,85.0,50-199,2022-07-01,2022,Q3,7,July,26,False,False,,https://shorttermrentalz.com/news/wanderjaunt-ceases-operations/#.Yr7oNfKExPA.twitter,Layoffs.fyi
L03085,Abra,SF Bay Area,United States,Crypto,Series C,,,12.0,1-49,2022-06-30,2022,Q2,6,June,26,False,False,,https://www.theblock.co/post/155209/abra-becomes-latest-crypto-firm-to-cut-jobs,Layoffs.fyi
L03079,Crejo.Fun,"Bengaluru,Non-U.S.",India,Education,Seed,,,170.0,50-199,2022-06-30,2022,Q2,6,June,26,False,False,,https://inc42.com/buzz/exclusive-matrix-backed-edtech-startup-crejo-fun-shuts-down/,Layoffs.fyi
L03078,Enjoy,SF Bay Area,United States,Retail,Post-IPO,,,400.0,200-999,2022-06-30,2022,Q2,6,June,26,False,False,,https://news.crunchbase.com/public/bankruptcy-enjoy-apple-ron-johnson/,Layoffs.fyi
L03084,Finleap Connect,"Hamburg,Non-U.S.",Germany,Finance,Series A,,,14.0,1-49,2022-06-30,2022,Q2,6,June,26,False,False,,https://paymentandbanking.com/open-banking-anbieter-finleap-connect-vollzieht-wechsel-an-der-management-spitze/,Layoffs.fyi
L03081,Nate,New York City,United States,Retail,Series A,,,30.0,1-49,2022-06-30,2022,Q2,6,June,26,False,False,,https://www.theinformation.com/articles/coatue-backed-shopping-startup-that-exaggerated-tech-capabilities-to-potential-investors-lays-off-20-of-staff,Layoffs.fyi
L03082,Snyk,Boston,United States,Security,Series F,,,30.0,1-49,2022-06-30,2022,Q2,6,June,26,False,False,,https://snyk.io/blog/announcing-organizational-updates-to-better-serve-our-customers/,Layoffs.fyi
L03080,Stash Financial,New York City,United States,Finance,Unknown,,,40.0,1-49,2022-06-30,2022,Q2,6,June,26,False,False,,https://www.forbes.com/sites/jeffkauflin/2022/07/28/in-fintech-2022-is-becoming-the-year-of-layoffs/?sh=70ae2b0d20f3,Layoffs.fyi
L03083,Stream,Boulder,United States,Product,Series B,,,20.0,1-49,2022-06-30,2022,Q2,6,June,26,False,False,,https://twitter.com/gergelyorosz/status/1542559097878466561?s=21&t=j_BKvp6OmyhkImXKMIPJIA,Layoffs.fyi
L03092,AvantStay,Los Angeles,United States,Travel,Unknown,,,80.0,50-199,2022-06-29,2022,Q2,6,June,26,False,False,,https://skift.com/blog/avantstay-fires-a-significant-chunk-of-its-employee-roster/,Layoffs.fyi
L03098,Baton,SF Bay Area,United States,Transportation,Series A,,,16.0,1-49,2022-06-29,2022,Q2,6,June,26,False,False,,https://www.freightwaves.com/news/digital-drop-freight-platform-baton-lays-off-25-of-workforce,Layoffs.fyi
L03094,Clutch,"Toronto,Non-U.S.",Canada,Transportation,Series B,,,76.0,50-199,2022-06-29,2022,Q2,6,June,26,False,False,,https://betakit.com/clutch-cuts-staff-to-extend-runway-citing-market-conditions/,Layoffs.fyi
L03091,Niantic,SF Bay Area,United States,Consumer,Series D,,,85.0,50-199,2022-06-29,2022,Q2,6,June,26,False,False,,https://www.bloomberg.com/news/articles/2022-06-29/pokemon-go-creator-niantic-cancels-four-projects-cuts-jobs#xj4y7vzkg,Layoffs.fyi
L03096,Oye Rickshaw,"New Delhi,Non-U.S.",India,Transportation,Unknown,,,40.0,1-49,2022-06-29,2022,Q2,6,June,26,False,False,,https://inc42.com/buzz/exclusive-matrix-partners-backed-oye-rickshaw-lays-off-40-employees/,Layoffs.fyi
L03095,Parallel Wireless,Nashua,United States,Infrastructure,Unknown,,,60.0,50-199,2022-06-29,2022,Q2,6,June,26,False,False,,https://www.calcalist.co.il/calcalistech/article/skbud0tc9,Layoffs.fyi
L03093,Qumulo,Seattle,United States,Data,Series E,,,80.0,50-199,2022-06-29,2022,Q2,6,June,26,False,False,,https://www.geekwire.com/2022/seattle-startup-qumulo-lays-off-80-employees-ceo-cites-economic-conditions-and-reaching-profitability/,Layoffs.fyi
L03097,Rows,"Berlin,Non-U.S.",Germany,Other,Series B,,,18.0,1-49,2022-06-29,2022,Q2,6,June,26,False,False,,https://eco.sapo.pt/2022/08/05/onda-de-despedimentos-nas-tech-chega-a-unicornio-talkdesk/,Layoffs.fyi
L03099,Substack,SF Bay Area,United States,Media,Series B,,,13.0,1-49,2022-06-29,2022,Q2,6,June,26,False,False,,https://www.nytimes.com/2022/06/29/business/media/substack-layoffs.html,Layoffs.fyi
L03089,Toppr,"Mumbai,Non-U.S.",India,Education,Acquired,,,350.0,200-999,2022-06-29,2022,Q2,6,June,26,False,False,,https://inc42.com/buzz/after-whitehat-jr-byjus-owned-toppr-lays-off-350-employees/,Layoffs.fyi
L03090,Unity,SF Bay Area,United States,Other,Post-IPO,,,200.0,200-999,2022-06-29,2022,Q2,6,June,26,False,False,,https://kotaku.com/sources-unity-laying-off-hundreds-of-staffers-1849125482,Layoffs.fyi
L03111,Bright Machines,SF Bay Area,Israel,Data,Unknown,,,30.0,1-49,2022-06-28,2022,Q2,6,June,26,False,False,,https://www.calcalist.co.il/calcalistech/article/rkkjpsuc5,Layoffs.fyi
L03112,HealthMatch,"Sydney,Non-U.S.",Australia,Healthcare,Series B,,,18.0,1-49,2022-06-28,2022,Q2,6,June,26,False,False,,https://www.smh.com.au/business/entrepreneurship/i-m-heartbroken-wave-of-layoffs-begins-as-start-ups-fight-for-survival-20220628-p5ax6a.html,Layoffs.fyi
L03105,Huobi,"Beijing,Non-U.S.",China,Crypto,Unknown,,,300.0,200-999,2022-06-28,2022,Q2,6,June,26,False,False,,https://www.coindesk.com/business/2022/06/28/huobi-global-could-cut-over-30-workforce-as-china-crackdown-leads-to-fall-in-revenue/,Layoffs.fyi
L03108,Sidecar Health,Los Angeles,United States,Healthcare,Series C,,,110.0,50-199,2022-06-28,2022,Q2,6,June,26,False,False,,Internal memo,Layoffs.fyi
L03107,StockX,Detroit,United States,Retail,Series E,,,120.0,50-199,2022-06-28,2022,Q2,6,June,26,False,False,,https://www.theinformation.com/briefings/stockx-cuts-8-of-its-staff,Layoffs.fyi
L03109,StockX,Detroit,United States,Retail,Series E,,,80.0,50-199,2022-06-28,2022,Q2,6,June,26,False,False,,https://www.complex.com/sneakers/stockx-layoffs-november-2022,Layoffs.fyi
L03110,Vezeeta,"Dubai,Non-U.S.",United Arab Emirates,Healthcare,Series D,,,50.0,50-199,2022-06-28,2022,Q2,6,June,26,False,False,,https://techcrunch.com/2022/06/28/egyptian-healthtech-startup-vezeeta-cuts-10-of-500-person-staff/?tpcc=tcplustwitter,Layoffs.fyi
L03106,WhiteHat Jr,"Mumbai,Non-U.S.",India,Education,Acquired,,,300.0,200-999,2022-06-28,2022,Q2,6,June,26,False,False,,https://techcrunch.com/2022/06/28/byjus-unit-whitehat-jr-cuts-300-jobs/,Layoffs.fyi
L03116,AppLovin,SF Bay Area,United States,Marketing,Post-IPO,,,300.0,200-999,2022-06-27,2022,Q2,6,June,26,False,False,,https://www.bizjournals.com/sanjose/news/2022/06/29/applovin-lays-off-300-workers-report.html,Layoffs.fyi
L03120,Banxa,"Melbourne,Non-U.S.",Australia,Crypto,Post-IPO,,,70.0,50-199,2022-06-27,2022,Q2,6,June,26,False,False,,https://decrypt.co/103891/australian-crypto-firm-banxa-cut-staff-30-citing-another-crypto-winter,Layoffs.fyi
L03119,Cue,San Diego,United States,Healthcare,Post-IPO,,,170.0,50-199,2022-06-27,2022,Q2,6,June,26,False,False,,https://www.genomeweb.com/business-news/cue-health-lay-170-people#.YrpDa-zML9t,Layoffs.fyi
L03121,SafeGraph,SF Bay Area,United States,Data,Series B,,,27.0,1-49,2022-06-27,2022,Q2,6,June,26,False,False,,https://www.safegraph.com/blog/setting-up-safegraph-for-a-prosperous-future,Layoffs.fyi
L03118,Udaan,"Bengaluru,Non-U.S.",India,Retail,Unknown,,,180.0,50-199,2022-06-27,2022,Q2,6,June,26,False,False,,https://inc42.com/buzz/exclusive-b2b-ecommerce-unicorn-udaan-lays-off-180-employees/,Layoffs.fyi
L03117,UiPath,New York City,United States,Data,Post-IPO,,,210.0,200-999,2022-06-27,2022,Q2,6,June,26,False,False,,https://www.cnbc.com/2022/06/27/uipath-to-cut-5percent-of-its-workforce-as-part-of-restructuring-plan.html,Layoffs.fyi
L03123,Postscript,SF Bay Area,United States,Marketing,Series C,,,43.0,1-49,2022-06-26,2022,Q2,6,June,25,False,False,,https://twitter.com/ringmybeller/status/1541154423065427972,Layoffs.fyi
L03126,Bestow,Dallas,United States,Finance,Series C,,,41.0,1-49,2022-06-24,2022,Q2,6,June,25,False,False,,https://coverager.com/layoffs-at-bestow/,Layoffs.fyi
L03124,Bitpanda,"Vienna,Non-U.S.",Austria,Crypto,Series C,,,270.0,200-999,2022-06-24,2022,Q2,6,June,25,False,False,,https://brutkasten.com/bitpanda-kuendigungen/,Layoffs.fyi
L03127,Ethos Life,SF Bay Area,United States,Finance,Series D,,,40.0,1-49,2022-06-24,2022,Q2,6,June,25,False,False,,https://www.coverager.com/ethos-lays-off-40-employees/,Layoffs.fyi
L03125,Sunday,Atlanta,United States,Finance,Series A,,,90.0,50-199,2022-06-24,2022,Q2,6,June,25,False,False,,https://www.lesechos.fr/start-up/ecosysteme/la-fintech-sunday-coupe-dans-ses-effectifs-1415671,Layoffs.fyi
L03131,Aura,Boston,United States,Security,Series F,,,70.0,50-199,2022-06-23,2022,Q2,6,June,25,False,False,,https://www.bankinfosecurity.com/aura-lays-off-70-staff-after-raising-350m-over-past-year-a-19448,Layoffs.fyi
L03130,Netflix,SF Bay Area,United States,Media,Post-IPO,,,300.0,200-999,2022-06-23,2022,Q2,6,June,25,False,False,,https://www.cnbc.com/2022/06/23/netflix-lays-off-300-more-employees-as-revenue-growth-continues-to-slow.html,Layoffs.fyi
L03132,Pipl,Spokane,United States,Security,Unknown,,,22.0,1-49,2022-06-23,2022,Q2,6,June,25,False,False,,https://en.globes.co.il/en/article-fake-profile-finder-pipl-firing-22-hiring-50-1001416113,Layoffs.fyi
L03133,Vouch,SF Bay Area,United States,Finance,Series C,,,15.0,1-49,2022-06-23,2022,Q2,6,June,25,False,False,,Internal memo,Layoffs.fyi
L03134,Voyage SMS,Los Angeles,United States,Marketing,Unknown,,,8.0,1-49,2022-06-23,2022,Q2,6,June,25,False,False,,https://dot.la/voyage-fires-staffers-downturn-continues-2657548730.html,Layoffs.fyi
L03148,Balto,St. Louis,United States,Sales,Series B,,,30.0,1-49,2022-06-22,2022,Q2,6,June,25,False,False,,https://www.bizjournals.com/stlouis/inno/stories/news/2022/06/22/software-startup-balto-lays-off-about-30-employees.html,Layoffs.fyi
L03143,Bungalow,SF Bay Area,United States,Real Estate,Series C,,,70.0,50-199,2022-06-22,2022,Q2,6,June,25,False,False,,Internal memo,Layoffs.fyi
L03142,IronNet,Washington D.C.,United States,Security,Post-IPO,,,90.0,50-199,2022-06-22,2022,Q2,6,June,25,False,False,,https://www.crn.com/news/security/ironnet-lays-off-35-percent-of-staff-raises-going-concern-red-flag,Layoffs.fyi
L03144,IronNet,Washington D.C.,United States,Security,Post-IPO,,,55.0,50-199,2022-06-22,2022,Q2,6,June,25,False,False,,https://ir.ironnet.com/financials/all-sec-filings##document-520-0001193125-22-180852-1,Layoffs.fyi
L03141,MasterClass,SF Bay Area,United States,Education,Series E,,,120.0,50-199,2022-06-22,2022,Q2,6,June,25,False,False,,https://techcrunch.com/2022/06/22/masterclass-cuts-20-of-600-person-staff-to-get-to-self-sustainability-faster/,Layoffs.fyi
L03149,Ritual,"Toronto,Non-U.S.",Canada,Food,Series C,,,23.0,1-49,2022-06-22,2022,Q2,6,June,25,False,False,,https://www.linkedin.com/feed/update/urn:li:activity:6945414597742903297/,Layoffs.fyi
L03145,Sprinklr,New York City,United States,Support,Post-IPO,,,50.0,50-199,2022-06-22,2022,Q2,6,June,25,False,False,,https://www.businessinsider.com/sprinklr-layoff-marketing-department-martech-2022-7,Layoffs.fyi
L03146,Superpedestrian,Boston,United States,Transportation,Series C,,,35.0,1-49,2022-06-22,2022,Q2,6,June,25,False,False,,https://techcrunch.com/2022/06/22/superpedestrian-voi-among-the-latest-micromobility-layoffs/,Layoffs.fyi
L03147,Voi,"Stockholm,Non-U.S.",United States,Transportation,Series D,,,35.0,1-49,2022-06-22,2022,Q2,6,June,25,False,False,,https://www.voiscooters.com/blog/increased-focus-on-profitability/,Layoffs.fyi
L03154,Community,Los Angeles,United States,Marketing,Unknown,,,40.0,1-49,2022-06-21,2022,Q2,6,June,25,False,False,,https://www.businessinsider.com/creator-celeb-text-messaging-platform-community-has-layoffs-2022-6,Layoffs.fyi
L03152,Ebanx,"Curitiba,Non-U.S.",Brazil,Finance,Series B,,,340.0,200-999,2022-06-21,2022,Q2,6,June,25,False,False,,https://www.reuters.com/technology/brazils-ebanx-lays-off-20-employees-cuts-sweep-tech-sector-2022-06-21/,Layoffs.fyi
L03155,Sourcegraph,SF Bay Area,United States,Product,Series D,,,24.0,1-49,2022-06-21,2022,Q2,6,June,25,False,False,,https://newsletter.pragmaticengineer.com/p/the-scoop-15,Layoffs.fyi
L03153,TaskUs,Los Angeles,United States,Support,Post-IPO,,,52.0,50-199,2022-06-21,2022,Q2,6,June,25,False,False,,Internal memo,Layoffs.fyi
L03162,Aqgromalin,"Chennai,Non-U.S.",India,Food,Unknown,,,80.0,50-199,2022-06-20,2022,Q2,6,June,25,False,False,,https://inc42.com/buzz/exclusive-sequoia-backed-aqgromalin-lays-off-30-workforce/,Layoffs.fyi
L03163,Bonsai,"Toronto,Non-U.S.",Canada,Retail,Series A,,,30.0,1-49,2022-06-20,2022,Q2,6,June,25,False,False,,https://betakit.com/torontos-bonsai-lays-off-staff-for-second-time-in-two-months/,Layoffs.fyi
L03164,Brighte,"Sydney,Non-U.S.",Australia,Energy,Series C,,,30.0,1-49,2022-06-20,2022,Q2,6,June,25,False,False,,https://www.startupdaily.net/topic/fintech/renewables-fintech-brighte-powers-down-shedding-15-of-its-team/,Layoffs.fyi
L03159,Bybit,"Singapore,Non-U.S.",Singapore,Crypto,Unknown,,,600.0,200-999,2022-06-20,2022,Q2,6,June,25,False,False,,https://techcrunch.com/2022/06/20/bybit-crypto-exchange-joins-the-the-list-of-companies-cutting-staff/,Layoffs.fyi
L03160,SummerBio,SF Bay Area,United States,Healthcare,Unknown,,,101.0,50-199,2022-06-20,2022,Q2,6,June,25,False,False,,https://www.bizjournals.com/sanfrancisco/inno/stories/news/2022/06/20/covid-testing-startup-summerbio-is-cutting-jobs.html,Layoffs.fyi
L03161,Trax,"Singapore,Non-U.S.",Singapore,Retail,Series E,,,100.0,50-199,2022-06-20,2022,Q2,6,June,25,False,False,,https://en.globes.co.il/en/article-retail-analytics-co-trax-laying-off-over-100-1001415644,Layoffs.fyi
L03168,BitOasis,"Dubai,Non-U.S.",United Arab Emirates,Crypto,Series B,,,9.0,1-49,2022-06-19,2022,Q2,6,June,24,False,False,,https://www.reuters.com/markets/rates-bonds/middle-east-focused-crypto-firm-bitoasis-cuts-jobs-amid-sector-turmoil-2022-06-19/,Layoffs.fyi
L03167,CityMall,"Gurugram,Non-U.S.",India,Retail,Series C,,,191.0,50-199,2022-06-19,2022,Q2,6,June,24,False,False,,https://techcrunch.com/2022/06/19/indias-citymall-cuts-191-jobs-following-75-million-fundraise-in-late-march/,Layoffs.fyi
L03169,Unacademy,"Bengaluru,Non-U.S.",India,Education,Series H,,,150.0,50-199,2022-06-18,2022,Q2,6,June,24,False,False,,https://www.moneycontrol.com/news/business/startup/softbank-backed-unacademy-lays-off-another-150-employees-8703281.html,Layoffs.fyi
L03170,Bytedance,"Shanghai,Non-U.S.",China,Consumer,Unknown,,,150.0,50-199,2022-06-17,2022,Q2,6,June,24,False,False,,https://www.bloomberg.com/news/articles/2022-06-17/bytedance-disbands-shanghai-games-studio-in-expansion-setback#xj4y7vzkg,Layoffs.fyi
L03172,Finite State,Columbus,United States,Security,Series B,,,16.0,1-49,2022-06-17,2022,Q2,6,June,24,False,False,,https://www.bizjournals.com/columbus/inno/stories/news/2022/06/17/startup-finite-state-layoffs.html,Layoffs.fyi
L03171,Socure,Reno,United States,Finance,Series E,,,69.0,50-199,2022-06-17,2022,Q2,6,June,24,False,False,,https://www.forbes.com/sites/jeffkauflin/2022/06/17/high-flying-unicorn-socure-lays-off-13-of-staff-as-troubles-in-fintech-spread/?sh=527a320b606c,Layoffs.fyi
L03173,JOKR,New York City,United States,Food,Series B,,,50.0,50-199,2022-06-16,2022,Q2,6,June,24,False,False,,https://techcrunch.com/2022/06/16/jokr-grocery-delivery-leaving-us-latin-america/,Layoffs.fyi
L03175,PharmEasy,"Mumbai,Non-U.S.",India,Healthcare,Unknown,,,40.0,1-49,2022-06-16,2022,Q2,6,June,24,False,False,,https://inc42.com/buzz/ipo-bound-pharmeasy-lays-off-40-employees-from-docon/,Layoffs.fyi
L03174,Zumper,SF Bay Area,United States,Real Estate,Series D,,,45.0,1-49,2022-06-16,2022,Q2,6,June,24,False,False,,https://therealdeal.com/2022/06/16/zumper-slashes-15-of-staff/,Layoffs.fyi
L03183,Airtame,"Copenhagen,Non-U.S.",Denmark,Consumer,Unknown,,,15.0,1-49,2022-06-15,2022,Q2,6,June,24,False,False,,Internal memo,Layoffs.fyi
L03181,Elementor,"Tel Aviv,Non-U.S.",Israel,Media,Unknown,,,60.0,50-199,2022-06-15,2022,Q2,6,June,24,False,False,,https://en.globes.co.il/en/article-elementor-begins-laying-off-15-of-workforce-1001415176,Layoffs.fyi
L03180,Notarize,Boston,United States,Legal,Series D,,,110.0,50-199,2022-06-15,2022,Q2,6,June,24,False,False,,https://www.bizjournals.com/boston/news/2022/06/15/notarize-cuts-25-of-staff-in-latest-tech-layoff.html,Layoffs.fyi
L03184,OpenWeb,"Tel Aviv,Non-U.S.",Israel,Media,Series E,,,14.0,1-49,2022-06-15,2022,Q2,6,June,24,False,False,,https://en.globes.co.il/en/article-openweb-announces-streamlining-plan-including-layoffs-1001415224,Layoffs.fyi
L03177,Swappie,"Helsinki,Non-U.S.",Finland,Retail,Series C,,,250.0,200-999,2022-06-15,2022,Q2,6,June,24,False,False,,https://swappie.com/fi/blogi/viesti-swappien-toimitusjohtajalta/,Layoffs.fyi
L03185,Swyft,"Toronto,Non-U.S.",Canada,Logistics,Series A,,,10.0,1-49,2022-06-15,2022,Q2,6,June,24,False,False,,https://www.theglobeandmail.com/business/technology/article-shopify-backed-ecommerce-delivery-startup-swyft-latest-canadian-tech/,Layoffs.fyi
L03182,Tonkean,SF Bay Area,United States,Other,Series B,,,23.0,1-49,2022-06-15,2022,Q2,6,June,24,False,False,,https://www.themarker.com/technation/ty-article/.premium/00000181-6871-dedd-ab9f-e9ff49480000,Layoffs.fyi
L03178,Wealthsimple,"Toronto,Non-U.S.",Canada,Finance,Unknown,,,159.0,50-199,2022-06-15,2022,Q2,6,June,24,False,False,,https://www.piquenewsmagazine.com/national-business/wealthsimple-to-layoff-13-of-staff-amid-market-volatility-5481248,Layoffs.fyi
L03179,Weee!,SF Bay Area,United States,Food,Series E,,,150.0,50-199,2022-06-15,2022,Q2,6,June,24,False,False,,https://www.businessinsider.com/softbank-backed-grocer-weee-laid-off-10-percent-of-its-staff-amid-a-slowdown-in-online-grocery-2022-6,Layoffs.fyi
L03192,Breathe,"New Delhi,Non-U.S.",India,Healthcare,Series A,,,50.0,50-199,2022-06-14,2022,Q2,6,June,24,False,False,,https://inc42.com/buzz/accel-backed-breathe-well-being-lays-off-50-employees/,Layoffs.fyi
L03188,Coinbase,SF Bay Area,United States,Crypto,Post-IPO,,,1100.0,"1,000-4,999",2022-06-14,2022,Q2,6,June,24,True,False,,https://www.cnbc.com/2022/06/14/coinbase-lays-off-18percent-as-execs-prepare-for-recession-crypto-winter.html,Layoffs.fyi
L03190,Compass,New York City,United States,Real Estate,Post-IPO,,,450.0,200-999,2022-06-14,2022,Q2,6,June,24,False,False,,https://www.bloomberg.com/news/articles/2022-06-14/compass-to-cut-about-10-of-workforce-amid-us-housing-slowdown#xj4y7vzkg,Layoffs.fyi
L03193,Hunty,"Bogota,Non-U.S.",Colombia,HR,Seed,,,30.0,1-49,2022-06-14,2022,Q2,6,June,24,False,False,,https://www.bloomberglinea.com/english/colombian-startups-addi-hunty-confirm-layoffs-as-merqueo-exits-mexico,Layoffs.fyi
L03189,Redfin,Seattle,United States,Real Estate,Post-IPO,,,470.0,200-999,2022-06-14,2022,Q2,6,June,24,False,False,,https://www.streetinsider.com/dr/news.php?id=20212223&gfv=1,Layoffs.fyi
L03191,Sami,"Sao Paulo,Non-U.S.",Brazil,Healthcare,Unknown,,,75.0,50-199,2022-06-14,2022,Q2,6,June,24,False,False,,https://braziljournal.com/sami-demite-15-para-conter-queima-de-caixa/,Layoffs.fyi
L03194,TIFIN,Boulder,United States,Crypto,Series D,,,24.0,1-49,2022-06-14,2022,Q2,6,June,24,False,False,,https://www.axios.com/pro/fintech-deals/2022/06/14/coinbases-layoffs-hiring-freeze,Layoffs.fyi
L03197,BlockFi,New York City,United States,Crypto,Series E,,,250.0,200-999,2022-06-13,2022,Q2,6,June,24,False,False,,https://blockfi.com/a-message-from-our-founders,Layoffs.fyi
L03199,Studio,SF Bay Area,United States,Education,Series B,,,33.0,1-49,2022-06-13,2022,Q2,6,June,24,False,False,,Internal memo,Layoffs.fyi
L03198,Wave Sports and Entertainment,Los Angeles,United States,Media,Series B,,,56.0,50-199,2022-06-13,2022,Q2,6,June,24,False,False,,https://dot.la/wave-sports-entertainment-layoffs-2657504206.html,Layoffs.fyi
L03207,Albert,Los Angeles,United States,Finance,Series C,,,20.0,1-49,2022-06-10,2022,Q2,6,June,23,False,False,,https://dot.la/albert-fintech-layoffs-2657493613.html50,Layoffs.fyi
L03204,Berlin Brands Group,"Berlin,Non-U.S.",Germany,Retail,Unknown,,,100.0,50-199,2022-06-10,2022,Q2,6,June,23,False,False,,https://www.startbase.com/news/berlin-brands-group-entlaesst-fast-100-mitarbeiter/,Layoffs.fyi
L03202,Crypto.com,"Singapore,Non-U.S.",Singapore,Crypto,Unknown,,,260.0,200-999,2022-06-10,2022,Q2,6,June,23,False,False,,https://blockworks.co/crypto-com-cutting-5-of-workforce-amid-digital-asset-downturn/,Layoffs.fyi
L03203,FarEye,"New Delhi,Non-U.S.",India,Logistics,Series E,,,250.0,200-999,2022-06-10,2022,Q2,6,June,23,False,False,,https://inc42.com/buzz/exclusive-dragoneer-backed-fareye-lays-off-250-employees/,Layoffs.fyi
L03206,Freetrade,"London,Non-U.S.",United Kingdom,Finance,Unknown,,,45.0,1-49,2022-06-10,2022,Q2,6,June,23,False,False,,https://www.altfi.com/article/9362_exclusive-freetrade-announces-job-cuts-of-up-to-15-of-staff,Layoffs.fyi
L03205,Sanar,"Sao Paulo,Non-U.S.",Brazil,Healthcare,Unknown,,,60.0,50-199,2022-06-10,2022,Q2,6,June,23,False,False,,"https://www.terra.com.br/noticias/tecnologia/inovacao/startup-de-medicina-sanar-demite-60-e-pega-funcionarios-de-surpresa,313ce3bfb0f7ebdf601130784b3e8f5fjpp13hkv.html",Layoffs.fyi
L03216,Boozt,"Malmo,Non-U.S.",Sweden,Retail,Post-IPO,,,70.0,50-199,2022-06-09,2022,Q2,6,June,23,False,False,,https://www.breakit.se/artikel/33353/sparpaket-pa-boozt-efter-vinstsmallen-sager-upp-personal,Layoffs.fyi
L03214,Convoy,Seattle,United States,Logistics,Series E,,,90.0,50-199,2022-06-09,2022,Q2,6,June,23,False,False,,https://www.geekwire.com/2022/convoy-which-just-raised-260m-lays-off-7-of-workforce-in-latest-tech-startup-cuts/,Layoffs.fyi
L03213,Daniel Wellington,"Stockholm,Non-U.S.",Sweden,Retail,Unknown,,,200.0,200-999,2022-06-09,2022,Q2,6,June,23,False,False,,https://www.breakit.se/artikel/33347/stora-nedskarningar-pa-daniel-wellington-200-personer-sags-upp,Layoffs.fyi
L03215,Hologram,Chicago,United States,Infrastructure,Series B,,,80.0,50-199,2022-06-09,2022,Q2,6,June,23,False,False,,LinkedIn,Layoffs.fyi
L03211,OneTrust,Atlanta,United States,Security,Series C,,,950.0,200-999,2022-06-09,2022,Q2,6,June,23,False,False,,https://www.onetrust.com/blog/onetrust-organizational-update/,Layoffs.fyi
L03219,Preply,Boston,United States,Education,Series C,,,26.0,1-49,2022-06-09,2022,Q2,6,June,23,False,False,,Internal memo,Layoffs.fyi
L03218,Stashaway,"Singapore,Non-U.S.",Singapore,Finance,Series D,,,31.0,1-49,2022-06-09,2022,Q2,6,June,23,False,False,,https://www.techinasia.com/stashaway-lays-off-staff,Layoffs.fyi
L03212,Stitch Fix,SF Bay Area,United States,Retail,Post-IPO,,,330.0,200-999,2022-06-09,2022,Q2,6,June,23,False,False,,https://www.cnbc.com/2022/06/09/stitch-fix-is-laying-off-15percent-of-its-salaried-employees-internal-memo-says.html,Layoffs.fyi
L03217,The Grommet,Boston,United States,Retail,Acquired,,,40.0,1-49,2022-06-09,2022,Q2,6,June,23,False,False,,https://www.bizjournals.com/boston/news/2022/06/09/the-grommet-layoffs-employees.html,Layoffs.fyi
L03224,Kavak,"Sao Paulo,Non-U.S.",Brazil,Transportation,Series E,,,150.0,50-199,2022-06-08,2022,Q2,6,June,23,False,False,,"https://www.terra.com.br/amp/noticias/tecnologia/inovacao/startup-kavak-demite-150-no-rio-e-em-sao-paulo,5cd47d831e523a86ead7e9b2cb92b9dcg9xp78y3.html",Layoffs.fyi
L03223,Sonder,SF Bay Area,United States,Travel,Post-IPO,,,250.0,200-999,2022-06-08,2022,Q2,6,June,23,False,False,,Internal memo,Layoffs.fyi
L03225,Truepill,SF Bay Area,United States,Healthcare,Series D,,,150.0,50-199,2022-06-08,2022,Q2,6,June,23,False,False,,https://medium.com/truepill-insights/a-message-from-truepill-ceo-sid-viswanathan-9973660e2d8,Layoffs.fyi
L03226,iPrice Group,Kuala Lumpur,Malaysia,Retail,Unknown,,,50.0,50-199,2022-06-08,2022,Q2,6,June,23,False,False,,https://www.techinasia.com/malaysias-iprice-group-sacks-20-employees,Layoffs.fyi
L03232,Bird,Los Angeles,United States,Transportation,Post-IPO,,,138.0,50-199,2022-06-07,2022,Q2,6,June,23,False,False,,Internal memo,Layoffs.fyi
L03228,Cazoo,"London,Non-U.S.",United Kingdom,Transportation,Post-IPO,,,750.0,200-999,2022-06-07,2022,Q2,6,June,23,False,False,,https://news.sky.com/story/car-retailer-cazoo-to-cut-750-jobs-after-inflation-hit-12629350,Layoffs.fyi
L03229,Cazoo,"London,Non-U.S.",United Kingdom,Transportation,Post-IPO,,,750.0,200-999,2022-06-07,2022,Q2,6,June,23,False,False,,https://sifted.eu/articles/cazoo-layoffs-european-union/,Layoffs.fyi
L03233,ID.me,Washington D.C.,United States,Security,Unknown,,,130.0,50-199,2022-06-07,2022,Q2,6,June,23,False,False,,https://www.businessinsider.com/idme-identity-verification-irs-unemployment-facial-recognition-staff-layoffs-economy-2022-6,Layoffs.fyi
L03234,KiwiCo,SF Bay Area,United States,Retail,Unknown,,,40.0,1-49,2022-06-07,2022,Q2,6,June,23,False,False,,Internal memo,Layoffs.fyi
L03231,Lummo,"Jakarta,Non-U.S.",Indonesia,Marketing,Series C,,,150.0,50-199,2022-06-07,2022,Q2,6,June,23,False,False,,https://www.moneycontrol.com/news/business/startup/jeff-bezos-sequoia-capital-backed-saas-startup-lummo-lays-off-50-60-employees-from-its-bengaluru-office-8663251.html,Layoffs.fyi
L03230,Rupeek,"Bengaluru,Non-U.S.",India,Finance,Unknown,,,180.0,50-199,2022-06-07,2022,Q2,6,June,23,False,False,,https://www.moneycontrol.com/news/business/startup/gold-loan-platform-rupeek-lays-off-over-180-of-its-employees-8653571.html,Layoffs.fyi
L03238,Clearco,"Toronto,Non-U.S.",Canada,Finance,Series C,,,60.0,50-199,2022-06-06,2022,Q2,6,June,23,False,False,,https://techcrunch.com/2022/08/30/clearco-cuts-international-staff-as-it-retracts-presence-announces-new-partner/,Layoffs.fyi
L03239,Dutchie,Bend,United States,Other,Series D,,,50.0,50-199,2022-06-06,2022,Q2,6,June,23,False,False,,https://www.geekwire.com/2022/dutchie-lays-off-7-of-workforce-citing-dramatic-market-shift-in-latest-cannabis-tech-company-cuts/,Layoffs.fyi
L03243,Eruditus,"Mumbai,Non-U.S.",India,Education,Series E,,,40.0,1-49,2022-06-04,2022,Q2,6,June,22,False,False,,https://inc42.com/buzz/softbank-backed-edtech-unicorn-eruditus-trims-workforce-lays-off-40-employees/,Layoffs.fyi
L03244,Afterverse,"Brasilia,Non-U.S.",Brazil,Consumer,Unknown,,,60.0,50-199,2022-06-03,2022,Q2,6,June,22,False,False,,https://neofeed.com.br/blog/home/o-jogo-virou-afterverse-empresa-de-games-da-movile-corta-ate-60-funcionarios/,Layoffs.fyi
L03246,Food52,New York City,United States,Food,Acquired,,,21.0,1-49,2022-06-03,2022,Q2,6,June,22,False,False,,https://www.adweek.com/media/food52-lays-off-15-of-its-staff-in-a-second-round-of-cuts/,Layoffs.fyi
L03245,Superhuman,SF Bay Area,United States,Consumer,Series C,,,23.0,1-49,2022-06-03,2022,Q2,6,June,22,False,False,,https://www.businessinsider.com/superhuman-email-startup-lays-off-22-percent-staff-2022-6,Layoffs.fyi
L03250,Carbon Health,SF Bay Area,United States,Healthcare,Series D,,,250.0,200-999,2022-06-02,2022,Q2,6,June,22,False,False,,https://www.forbes.com/sites/katiejennings/2022/06/02/healthtech-unicorn-carbon-health-lays-off-250-employees/,Layoffs.fyi
L03254,Envato,"Melbourne,Non-U.S.",Australia,Marketing,Unknown,,,100.0,50-199,2022-06-02,2022,Q2,6,June,22,False,False,,https://www.smartcompany.com.au/technology/envato-redundancy-business-restructuring/,Layoffs.fyi
L03251,Favo,"Sao Paulo,Non-U.S.",Brazil,Food,Series A,,,170.0,50-199,2022-06-02,2022,Q2,6,June,22,False,False,,https://exame.com/negocios/de-malas-prontas-startup-favo-deixa-o-brasil-e-demite-170-funcionarios/,Layoffs.fyi
L03257,Gather,SF Bay Area,United States,Consumer,Series B,,,30.0,1-49,2022-06-02,2022,Q2,6,June,22,False,False,,https://www.forbes.com/sites/kenrickcai/2022/07/08/gather-town-layoffs-virtual-office-startup-june-2022/?sh=2ca5ac9d4748,Layoffs.fyi
L03255,Gemini,New York City,United States,Crypto,Unknown,,,100.0,50-199,2022-06-02,2022,Q2,6,June,22,False,False,,https://www.bloomberg.com/news/articles/2022-06-02/winklevoss-twins-gemini-slashes-staff-10-on-crypto-slump,Layoffs.fyi
L03259,IRL,SF Bay Area,United States,Consumer,Series C,,,25.0,1-49,2022-06-02,2022,Q2,6,June,22,False,False,,https://techcrunch.com/2022/06/02/irl-layoffs-abraham-shafi-social-media/,Layoffs.fyi
L03252,PolicyGenius,New York City,United States,Finance,Series E,,,170.0,50-199,2022-06-02,2022,Q2,6,June,22,False,False,,https://techcrunch.com/2022/06/02/insurtech-policygenius-cuts-25-of-staff-less-than-3-months-after-raising-125m/,Layoffs.fyi
L03258,Shef,SF Bay Area,United States,Food,Series A,,,29.0,1-49,2022-06-02,2022,Q2,6,June,22,False,False,,Internal memo,Layoffs.fyi
L03256,Stord,Atlanta,United States,Logistics,Series D,,,59.0,50-199,2022-06-02,2022,Q2,6,June,22,False,False,,https://www.businessinsider.com/stord-layoffs-supply-chain-tech-startup-after-raising-120-million-2022-6,Layoffs.fyi
L03253,Yojak,"Gurugram,Non-U.S.",India,Construction,Seed,,,140.0,50-199,2022-06-02,2022,Q2,6,June,22,False,False,,https://inc42.com/buzz/info-edge-backed-yojak-lays-off-around-140-employees/,Layoffs.fyi
L03266,2TM,"Sao Paulo,Non-U.S.",Brazil,Crypto,Unknown,,,90.0,50-199,2022-06-01,2022,Q2,6,June,22,False,False,,"https://www.terra.com.br/noticias/tecnologia/2tm-dono-do-mercado-bitcoin-demite-90-funcionarios,9ce67613ba7b79292f03bc2027ceb77e9uw5hy0w.html",Layoffs.fyi
L03267,Curve,"London,Non-U.S.",United Kingdom,Finance,Series C,,,65.0,50-199,2022-06-01,2022,Q2,6,June,22,False,False,,https://www.altfi.com/article/9332_exclusive-curve-joins-klarna-in-mass-jobs-cut,Layoffs.fyi
L03264,Cybereason,Boston,United States,Security,Series F,,,100.0,50-199,2022-06-01,2022,Q2,6,June,22,False,False,,https://www.calcalistech.com/ctechnews/article/s1zg60v005,Layoffs.fyi
L03271,Eaze,SF Bay Area,United States,Consumer,Series D,,,25.0,1-49,2022-06-01,2022,Q2,6,June,22,False,False,,https://www.businessinsider.com/cannabis-tech-startup-eaze-laid-off-employees-2022-6,Layoffs.fyi
L03270,Impala,"London,Non-U.S.",United Kingdom,Travel,Series B,,,30.0,1-49,2022-06-01,2022,Q2,6,June,22,False,False,,https://newsletter.pragmaticengineer.com/p/the-scoop-13,Layoffs.fyi
L03268,Loom,SF Bay Area,United States,Product,Series C,,,34.0,1-49,2022-06-01,2022,Q2,6,June,22,False,False,,https://techcrunch.com/2022/06/01/a16z-backed-loom-video-layoffs/,Layoffs.fyi
L03269,Skillshare,New York City,United States,Education,Unknown,,,31.0,1-49,2022-06-01,2022,Q2,6,June,22,False,False,,Internal memo,Layoffs.fyi
L03263,TomTom,"Amsterdam,Non-U.S.",Netherlands,Transportation,Post-IPO,,,500.0,200-999,2022-06-01,2022,Q2,6,June,22,False,False,,https://www.businessinsider.com/tomtom-gps-navigation-tech-layoffs-employees-maps-unit-2022-6,Layoffs.fyi
L03265,Udayy,"Gurugram,Non-U.S.",India,Education,Seed,,,100.0,50-199,2022-06-01,2022,Q2,6,June,22,False,False,,https://www.moneycontrol.com/news/business/startup/info-edge-backed-edtech-startup-udayy-shuts-down-lays-off-all-employees-8621551.html,Layoffs.fyi
L03278,BookClub,Salt Lake City,United States,Education,Series A,,,12.0,1-49,2022-05-31,2022,Q2,5,May,22,False,False,,Internal memo,Layoffs.fyi
L03277,Getta,"Tel Aviv,Non-U.S.",Israel,Transportation,Series A,,,30.0,1-49,2022-05-31,2022,Q2,5,May,22,False,False,,https://www.themarker.com/technation/2022-05-31/ty-article/.premium/00000181-18d2-d57f-afc1-b8d762210000,Layoffs.fyi
L03274,Playtika,"Tel Aviv,Non-U.S.",Israel,Consumer,Post-IPO,,,250.0,200-999,2022-05-31,2022,Q2,5,May,22,False,False,,https://en.globes.co.il/en/article-israeli-mobile-games-co-playtika-to-lay-off-250-1001413811,Layoffs.fyi
L03275,Replicated,Los Angeles,United States,Infrastructure,Series C,,,50.0,50-199,2022-05-31,2022,Q2,5,May,22,False,False,,https://www.replicated.com/blog/a-message-from-replicateds-ceo/,Layoffs.fyi
L03276,Tomo,Stamford,United States,Finance,Series A,,,44.0,1-49,2022-05-31,2022,Q2,5,May,22,False,False,,https://www.businessinsider.com/purchase-mortgage-company-tomo-lays-off-staff-housing-market-slows-2022-5,Layoffs.fyi
L03281,Mobile Premier League,"Bengaluru,Non-U.S.",India,Consumer,Series E,,,100.0,50-199,2022-05-30,2022,Q2,5,May,22,False,False,,https://www.moneycontrol.com/news/business/startup/exclusive-mobile-premier-league-to-lay-off-100-employees-exit-indonesia-market-8603881.html,Layoffs.fyi
L03280,SWVL,"Dubai,Non-U.S.",United Arab Emirates,Transportation,Post-IPO,,,400.0,200-999,2022-05-30,2022,Q2,5,May,22,False,False,,https://techcrunch.com/2022/05/30/swvl-plans-to-lay-off-32-of-its-team-two-months-after-going-public/,Layoffs.fyi
L03282,SumUp,"Sao Paulo,Non-U.S.",Brazil,Finance,Unknown,,,100.0,50-199,2022-05-30,2022,Q2,5,May,22,False,False,,https://financefwd.com/de/sumup-entlassungen-brasilien/,Layoffs.fyi
L03285,Daloopa,"New Delhi,Non-U.S.",India,Data,Series A,,,40.0,1-49,2022-05-27,2022,Q2,5,May,21,False,False,,https://www.moneycontrol.com/news/business/daloopa-lays-off-40-employees-noida-8620121.html,Layoffs.fyi
L03284,FrontRow,"Bengaluru,Non-U.S.",India,Education,Series A,,,145.0,50-199,2022-05-27,2022,Q2,5,May,21,False,False,,https://inc42.com/buzz/exclusive-lightspeed-backed-frontrow-lays-off-145-employees-cut-cost/,Layoffs.fyi
L03286,Uncapped,"London,Non-U.S.",United Kingdom,Finance,Unknown,,,29.0,1-49,2022-05-27,2022,Q2,5,May,21,False,False,,https://sifted.eu/articles/startup-tech-company-layoffs/,Layoffs.fyi
L03291,Bitso,"Mexico City,Non-U.S.",Mexico,Crypto,Series C,,,80.0,50-199,2022-05-26,2022,Q2,5,May,21,False,False,,https://www.coindesk.com/business/2022/05/26/top-latin-american-crypto-exchange-bitso-lays-off-80-employees/,Layoffs.fyi
L03293,Dazn,"London,Non-U.S.",United Kingdom,Consumer,Unknown,,,50.0,50-199,2022-05-26,2022,Q2,5,May,21,False,False,,https://deadline.com/2022/05/dazn-50-roles-redundant-london-1235033389/,Layoffs.fyi
L03292,Foodpanda,"Bucharest,Non-U.S.",Romania,Food,Acquired,,,80.0,50-199,2022-05-26,2022,Q2,5,May,21,False,False,,https://sifted.eu/articles/glovo-foodpanda-layoffs/,Layoffs.fyi
L03290,VTEX,"Sao Paulo,Non-U.S.",Brazil,Retail,Post-IPO,,,200.0,200-999,2022-05-26,2022,Q2,5,May,21,False,False,,https://www.bloomberglinea.com.br/2022/05/26/inverno-chegou-unicornios-vtex-e-bitso-fazem-demissao-em-massa/,Layoffs.fyi
L03295,Bolt,SF Bay Area,United States,Finance,Series E,,,240.0,200-999,2022-05-25,2022,Q2,5,May,21,False,False,,https://www.forbes.com/sites/kenrickcai/2022/05/25/checkout-startup-bolt-lays-off-more-than-200-people-or-at-least-25-of-its-staff/?sh=1789cd092201,Layoffs.fyi
L03299,Coterie Insurance,Cincinnati,United States,Finance,Series B,,,30.0,1-49,2022-05-25,2022,Q2,5,May,21,False,False,,https://www.bizjournals.com/cincinnati/inno/stories/news/2022/05/27/cincinnati-tech-startup-coterie-cuts-downs.html,Layoffs.fyi
L03297,Kontist,"Berlin,Non-U.S.",Germany,Finance,Series B,,,50.0,50-199,2022-05-25,2022,Q2,5,May,21,False,False,,https://financefwd.com/de/kontist-entlassungen/,Layoffs.fyi
L03294,Lacework,SF Bay Area,United States,Security,Series D,,,300.0,200-999,2022-05-25,2022,Q2,5,May,21,False,False,,https://twitter.com/GergelyOrosz/status/1529575067117658112,Layoffs.fyi
L03298,Nuri,"Berlin,Non-U.S.",Germany,Finance,Series B,,,45.0,1-49,2022-05-25,2022,Q2,5,May,21,False,False,,https://www.handelsblatt.com/finanzen/banken-versicherungen/banken/fintech-berliner-neobank-nuri-streicht-jede-fuenfte-stelle/28373716.html,Layoffs.fyi
L03296,PeerStreet,Los Angeles,United States,Finance,Series C,,,75.0,50-199,2022-05-25,2022,Q2,5,May,21,False,False,,Internal memo,Layoffs.fyi
L03303,Gorillas,"Berlin,Non-U.S.",Germany,Food,Series C,,,300.0,200-999,2022-05-24,2022,Q2,5,May,21,False,False,,https://www.theverge.com/2022/5/24/23139272/gorillas-on-demand-grocery-delivery-app-lays-off-employees-hq,Layoffs.fyi
L03305,The Zebra,Austin,United States,Finance,Series D,,,40.0,1-49,2022-05-24,2022,Q2,5,May,21,False,False,,https://coverager.com/layoffs-at-the-zebra/,Layoffs.fyi
L03304,Zenius,"Jakarta,Non-U.S.",Indonesia,Education,Series B,,,200.0,200-999,2022-05-24,2022,Q2,5,May,21,False,False,,https://www.cnnindonesia.com/ekonomi/20220524142448-92-800561/zenius-phk-lebih-dari-200-karyawan,Layoffs.fyi
L03311,Airtime,New York City,United States,Consumer,Series B,,,30.0,1-49,2022-05-23,2022,Q2,5,May,21,False,False,,Internal memo,Layoffs.fyi
L03309,BeyondMinds,"Tel Aviv,Non-U.S.",Israel,Data,Series A,,,65.0,50-199,2022-05-23,2022,Q2,5,May,21,False,False,,https://en.globes.co.il/en/article-beyondminds-shuts-down-lays-off-65-1001412743,Layoffs.fyi
L03308,Buenbit,"Buenos Aires,Non-U.S.",Argentina,Crypto,Series A,,,80.0,50-199,2022-05-23,2022,Q2,5,May,21,False,False,,https://www.coindesk.com/business/2022/05/24/argentinian-crypto-exchange-buenbit-cuts-45-of-staff-due-to-tech-industry-downturn/,Layoffs.fyi
L03310,ClickUp,San Diego,United States,Other,Series C,,,60.0,50-199,2022-05-23,2022,Q2,5,May,21,False,False,,https://www.protocol.com/bulletins/clickup-layoff-productivity-app,Layoffs.fyi
L03306,Klarna,"Stockholm,Non-U.S.",Sweden,Finance,Unknown,,,700.0,200-999,2022-05-23,2022,Q2,5,May,21,False,False,,https://www.di.se/digital/sparpaket-pa-klarna-sparkar-10-procent-av-alla-anstallda/,Layoffs.fyi
L03307,PayPal,SF Bay Area,United States,Finance,Post-IPO,,,83.0,50-199,2022-05-23,2022,Q2,5,May,21,False,False,,https://www.bizjournals.com/sanjose/news/2022/05/23/paypal-lays-off-83-workers-from-san-jose-hq.html,Layoffs.fyi
L03313,MFine,"Bengaluru,Non-U.S.",India,Healthcare,Series C,,,600.0,200-999,2022-05-21,2022,Q2,5,May,20,False,False,,https://inc42.com/buzz/exclusive-healthtech-startup-mfine-fires-600-employees/,Layoffs.fyi
L03314,Latch,New York City,United States,Security,Post-IPO,,,130.0,50-199,2022-05-20,2022,Q2,5,May,20,False,False,,https://www.globenewswire.com/news-release/2022/05/20/2447915/0/en/Latch-resets-cost-structure.html,Layoffs.fyi
L03315,Outside,Boulder,United States,Media,Series B,,,87.0,50-199,2022-05-20,2022,Q2,5,May,20,False,False,,https://www.adweek.com/media/outside-inc-lays-off-15-of-staff-as-it-transitions-to-digital/,Layoffs.fyi
L03316,Skillz,SF Bay Area,United States,Consumer,Post-IPO,,,70.0,50-199,2022-05-20,2022,Q2,5,May,20,False,False,,https://techcrunch.com/2022/05/20/startup-tech-layoff-may-week-3/,Layoffs.fyi
L03317,Cars24,"Gurugram,Non-U.S.",India,Transportation,Series G,,,600.0,200-999,2022-05-19,2022,Q2,5,May,20,False,False,,https://entrackr.com/2022/05/softbank-backed-cars24-lays-off-600-employees/,Layoffs.fyi
L03318,Vedantu,"Bengaluru,Non-U.S.",India,Education,Series E,,,424.0,200-999,2022-05-18,2022,Q2,5,May,20,False,False,,https://economictimes.indiatimes.com/tech/startups/vedantu-says-it-is-laying-off-another-424-employees/articleshow/91636698.cms,Layoffs.fyi
L03320,Kry,"Stockholm,Non-U.S.",Sweden,Healthcare,Series D,,,100.0,50-199,2022-05-17,2022,Q2,5,May,20,False,False,,https://www.di.se/digital/sparpaket-pa-kry-varslar-100-personer/,Layoffs.fyi
L03319,Netflix,SF Bay Area,United States,Media,Post-IPO,,,150.0,50-199,2022-05-17,2022,Q2,5,May,20,False,False,,https://www.cnbc.com/2022/05/17/netflix-lays-off-150-employees-as-the-streaming-service-contends-with-big-subscriber-losses.html,Layoffs.fyi
L03321,Picsart,Miami,United States,Consumer,Series C,,,90.0,50-199,2022-05-17,2022,Q2,5,May,20,False,False,,https://www.theinformation.com/articles/picsart-a-photo-editing-startup-for-creators-cuts-8-of-workforce,Layoffs.fyi
L03322,Zak,"Sao Paulo,Non-U.S.",United States,Food,Series A,,,100.0,50-199,2022-05-16,2022,Q2,5,May,20,False,False,,https://www.baguete.com.br/noticias/16/05/2022/zak-demite-40-da-equipe,Layoffs.fyi
L03324,AliExpress Russia,"Moscow,Non-U.S.",Russia,Retail,Acquired,,,400.0,200-999,2022-05-14,2022,Q2,5,May,19,False,False,,https://asia.nikkei.com/Politics/Ukraine-war/Alibaba-s-Russian-venture-slashes-40-of-staff-amid-Ukraine-war,Layoffs.fyi
L03325,Thirty Madison,New York City,United States,Healthcare,Acquired,,,24.0,1-49,2022-05-14,2022,Q2,5,May,19,False,False,,https://usanewsweb.com/hybrid-clinic-thirty-madison-lays-off-24-folks-after-nurx-merger/,Layoffs.fyi
L03326,CommonBond,New York City,United States,Finance,Series D,,,22.0,1-49,2022-05-13,2022,Q2,5,May,19,False,False,,https://www.linkedin.com/feed/update/urn:li:activity:6930967047673708544/,Layoffs.fyi
L03329,Section4,New York City,United States,Education,Series A,,,32.0,1-49,2022-05-12,2022,Q2,5,May,19,False,False,,https://techcrunch.com/2022/05/12/professor-scott-galloways-edtech-startup-section-4-lay-offs/,Layoffs.fyi
L03328,Zwift,Los Angeles,United States,Fitness,Series C,,,150.0,50-199,2022-05-12,2022,Q2,5,May,19,False,False,,https://www.dcrainmaker.com/2022/05/zwift-cancels-smart-bike-hardware-plans-announces-significant-layoffs.html,Layoffs.fyi
L03331,DataRobot,Boston,United States,Data,Series G,,,70.0,50-199,2022-05-11,2022,Q2,5,May,19,False,False,,https://www.theinformation.com/briefings/ai-startup-datarobot-lays-off-7-in-cost-cutting-move,Layoffs.fyi
L03332,Carvana,Phoenix,United States,Transportation,Post-IPO,,,2500.0,"1,000-4,999",2022-05-10,2022,Q2,5,May,19,True,False,,https://techcrunch.com/2022/05/10/carvana-to-cut-2500-staff-as-it-struggles-with-overcapacity/,Layoffs.fyi
L03333,Doma,SF Bay Area,United States,Finance,Post-IPO,,,310.0,200-999,2022-05-10,2022,Q2,5,May,19,False,False,,https://www.housingwire.com/articles/doma-lays-off-15-of-work-force-as-q1-revenue-declines/,Layoffs.fyi
L03335,Latch,New York City,United States,Security,Post-IPO,,,30.0,1-49,2022-05-10,2022,Q2,5,May,19,False,False,,https://techcrunch.com/2022/05/13/startup-tech-layoff-and-hiring-freeze-in-may/,Layoffs.fyi
L03334,Pollen,"London,Non-U.S.",United Kingdom,Travel,Series C,,,200.0,200-999,2022-05-10,2022,Q2,5,May,19,False,False,,https://newsletter.pragmaticengineer.com/p/the-scoop-11?s=w,Layoffs.fyi
L03336,Meero,"Paris,Non-U.S.",France,Other,Series C,,,350.0,200-999,2022-05-09,2022,Q2,5,May,19,False,False,,https://www.challenges.fr/entreprise/la-licorne-meero-le-uber-de-la-photo-a-licencie-pres-de-50-de-ses-effectifs_812527,Layoffs.fyi
L03337,Vroom,New York City,United States,Transportation,Post-IPO,,,270.0,200-999,2022-05-09,2022,Q2,5,May,19,False,False,,https://www.marketwatch.com/amp/story/vroom-names-shortt-as-ceo-amid-business-realignment-shares-up-after-hours-271652132516,Layoffs.fyi
L03338,Reef,Miami,United States,Transportation,Unknown,,,750.0,200-999,2022-05-06,2022,Q2,5,May,18,False,False,,https://www.restaurantbusinessonline.com/technology/reef-lay-5-workforce,Layoffs.fyi
L03339,divvyDOSE,Davenport,United States,Healthcare,Acquired,,,62.0,50-199,2022-05-06,2022,Q2,5,May,18,False,False,,https://qctimes.com/business/local/online-pharmacy-that-said-it-would-add-200-300-jobs-lays-off-62-davenport-workers/article_15603279-2b4e-5f43-b452-123c5fd3f7a9.html,Layoffs.fyi
L03342,Mural,SF Bay Area,United States,Product,Series C,,,90.0,50-199,2022-05-05,2022,Q2,5,May,18,False,False,,LinkedIn,Layoffs.fyi
L03343,On Deck,SF Bay Area,United States,Education,Series A,,,72.0,50-199,2022-05-05,2022,Q2,5,May,18,False,False,,https://techcrunch.com/2022/05/05/on-deck-lay-off-accelerator/,Layoffs.fyi
L03341,Progrexion,Salt Lake City,United States,Finance,Acquired,,,100.0,50-199,2022-05-05,2022,Q2,5,May,18,False,False,,https://news.crunchbase.com/job-market/progrexion-lays-off-workers/,Layoffs.fyi
L03340,Vedantu,"Bengaluru,Non-U.S.",India,Education,Series E,,,200.0,200-999,2022-05-05,2022,Q2,5,May,18,False,False,,https://economictimes.indiatimes.com/tech/startups/edtech-unicorn-vedantu-lays-off-200-employees/articleshow/91346831.cms,Layoffs.fyi
L03346,Cameo,Chicago,United States,Consumer,Unknown,,,87.0,50-199,2022-05-04,2022,Q2,5,May,18,False,False,,https://www.theinformation.com/articles/cameo-a-celebrity-shoutout-app-lays-off-25-of-workforce,Layoffs.fyi
L03345,Colossus,Boston,United States,Energy,Series A,,,97.0,50-199,2022-05-04,2022,Q2,5,May,18,False,False,,Company exec,Layoffs.fyi
L03348,Ideoclick,Seattle,United States,Retail,Series A,,,40.0,1-49,2022-05-04,2022,Q2,5,May,18,False,False,,https://www.bizjournals.com/seattle/news/2022/05/04/ideoclick-discloses-40-layoffs.html,Layoffs.fyi
L03347,Mainstreet,SF Bay Area,United States,Finance,Series A,,,45.0,1-49,2022-05-04,2022,Q2,5,May,18,False,False,,https://www.businessinsider.com/mainstreet-lays-off-third-of-employees-market-conditions-2022-5,Layoffs.fyi
L03344,SEND,"Sydney,Non-U.S.",Australia,Food,Seed,,,300.0,200-999,2022-05-04,2022,Q2,5,May,18,False,False,,https://www.smartcompany.com.au/finance/delivery-startup-send-collapses/,Layoffs.fyi
L03349,Vise,New York City,United States,Finance,Series C,,,25.0,1-49,2022-05-04,2022,Q2,5,May,18,False,False,,https://citywireusa.com/registered-investment-advisor/news/vise-lays-off-sales-staff-as-part-of-strategy-shift/a2386682,Layoffs.fyi
L03352,Avo,"Tel Aviv,Non-U.S.",Israel,Food,Series B,,,500.0,200-999,2022-05-01,2022,Q2,5,May,17,False,False,,https://en.globes.co.il/en/article-israeli-grocery-delivery-co-avo-lays-off-500-1001410720,Layoffs.fyi
L03353,Noom,New York City,United States,Healthcare,Series F,,,495.0,200-999,2022-04-29,2022,Q2,4,April,17,False,False,,https://www.engadget.com/noom-reported-layoffs-101346556.html,Layoffs.fyi
L03354,Domestika,SF Bay Area,United States,Education,Series D,,,150.0,50-199,2022-04-28,2022,Q2,4,April,17,False,False,,https://www.epe.es/es/economia/20220428/domestika-tecnologica-despidos-ere-encubierto-13576187,Layoffs.fyi
L03355,Netflix,SF Bay Area,United States,Media,Post-IPO,,,25.0,1-49,2022-04-28,2022,Q2,4,April,17,False,False,,https://www.thewrap.com/netflix-layoffs-tudum-site-marketing-department/,Layoffs.fyi
L03356,Wahoo Fitness,Atlanta,United States,Fitness,Unknown,,,50.0,50-199,2022-04-27,2022,Q2,4,April,17,False,False,,https://road.cc/content/news/wahoo-buys-rgt-cyclingand-lays-50-staff-292273,Layoffs.fyi
L03358,Bonsai,"Toronto,Non-U.S.",Canada,Retail,Series A,,,29.0,1-49,2022-04-26,2022,Q2,4,April,17,False,False,,https://betakit.com/bonsai-lays-off-a-third-of-employees-shortly-after-21-million-series-a-citing-shift-to-growth-strategy/,Layoffs.fyi
L03357,Robinhood,SF Bay Area,United States,Finance,Post-IPO,,,340.0,200-999,2022-04-26,2022,Q2,4,April,17,False,False,,https://www.cnbc.com/2022/04/26/robinhood-cutting-about-9percent-of-full-time-employees.html,Layoffs.fyi
L03360,Clyde,New York City,United States,Marketing,Series B,,,22.0,1-49,2022-04-25,2022,Q2,4,April,17,False,False,,https://docs.google.com/spreadsheets/d/1jWyr1oko2FKvofXRRIgCu3tTKlNdnqXj7Qyr1oy-OAE/edit,Layoffs.fyi
L03359,Sigfox,"Toulouse,Non-U.S.",France,Other,Acquired,,,64.0,50-199,2022-04-25,2022,Q2,4,April,17,False,False,,https://www.lightreading.com/iot/sigfox-takeover-saddles-unabiz-with-heavy-baggage/d/d-id/777022,Layoffs.fyi
L03361,Xiaohongshu,"Shanghai,Non-U.S.",China,Consumer,Series E,,,180.0,50-199,2022-04-21,2022,Q2,4,April,16,False,False,,https://www.reuters.com/technology/chinas-xiaohongshu-kicks-off-staff-layoffs-source-2022-04-21/,Layoffs.fyi
L03362,Facily,"Sao Paulo,Non-U.S.",Brazil,Retail,Series D,,,260.0,200-999,2022-04-20,2022,Q2,4,April,16,False,False,,https://startups.com.br/noticias/brazilian-e-commerce-firm-facily-slashes-workforce-by-30/,Layoffs.fyi
L03363,Lemonade,New York City,United States,Finance,Post-IPO,,,52.0,50-199,2022-04-20,2022,Q2,4,April,16,False,False,,https://coverager.com/layoffs-at-lemonade/,Layoffs.fyi
L03364,Blend,SF Bay Area,United States,Finance,Post-IPO,,,200.0,200-999,2022-04-19,2022,Q2,4,April,16,False,False,,https://www.housingwire.com/articles/blend-lays-off-200-workers-as-mortgage-industry-sputters/,Layoffs.fyi
L03366,Loft,"Sao Paulo,Non-U.S.",Brazil,Real Estate,Unknown,,,159.0,50-199,2022-04-19,2022,Q2,4,April,16,False,False,,https://thegoaspotlight.com/2022/04/19/loft-lays-off-159-employees-to-reorganize-credit-area/,Layoffs.fyi
L03365,QuintoAndar,"Sao Paulo,Non-U.S.",Brazil,Real Estate,Series E,,,160.0,50-199,2022-04-19,2022,Q2,4,April,16,False,False,,https://aimgroup.com/2022/04/19/quintoandar-lays-off-4-its-workforce/,Layoffs.fyi
L03369,Humble,SF Bay Area,United States,Media,Acquired,,,10.0,1-49,2022-04-15,2022,Q2,4,April,15,False,False,,https://www.gamedeveloper.com/business/humble-lays-off-employees-in-ecommerce-restructuring,Layoffs.fyi
L03371,Ahead,SF Bay Area,United States,Healthcare,Unknown,,,44.0,1-49,2022-04-14,2022,Q2,4,April,15,False,False,,https://www.bloomberg.com/news/articles/2022-04-14/online-adhd-medication-startup-ahead-is-shutting-down?sref=yLCixKPR,Layoffs.fyi
L03373,Rad Power Bikes,Seattle,United States,Transportation,Series D,,,100.0,50-199,2022-04-12,2022,Q2,4,April,15,False,False,,https://www.geekwire.com/2022/rad-power-bikes-lays-off-100-employees-about-14-of-staff-after-raising-304m-last-year/,Layoffs.fyi
L03374,Meesho,"Bengaluru,Non-U.S.",India,Retail,Series F,,,150.0,50-199,2022-04-11,2022,Q2,4,April,15,False,False,,https://inc42.com/buzz/meesho-layoffs-150-employees-fired-by-softbank-backed-unicorn/,Layoffs.fyi
L03375,Food52,New York City,United States,Food,Acquired,,,20.0,1-49,2022-04-08,2022,Q2,4,April,14,False,False,,https://www.businessinsider.com/food52-layoffs-employees-shocked-chernin-group-investment-2022-4,Layoffs.fyi
L03377,Goodfood,"Calgary,Non-U.S.",Canada,Food,Post-IPO,,,70.0,50-199,2022-04-07,2022,Q2,4,April,14,False,False,,https://thelogic.co/news/exclusive/meal-kit-pioneer-goodfood-goes-through-another-round-of-staff-cuts-amid-struggles-with-supply-chain-inflation/,Layoffs.fyi
L03376,Unacademy,"Bengaluru,Non-U.S.",India,Education,Series H,,,1000.0,"1,000-4,999",2022-04-07,2022,Q2,4,April,14,True,False,,https://economictimes.indiatimes.com/tech/startups/unacademy-lays-off-around-1000-employees-as-edtech-major-begins-a-massive-cost-cutting-exercise/articleshow/90703708.cms,Layoffs.fyi
L03378,Workrise,Austin,United States,Energy,Series E,,,450.0,200-999,2022-04-05,2022,Q2,4,April,14,False,False,,https://techcrunch.com/2022/04/05/workrise-cuts-staff-verticals-after-being-valued-at-2-9b-last-year/,Layoffs.fyi
L03380,BitMEX,Non-U.S.,Seychelles,Crypto,Seed,,,75.0,50-199,2022-04-04,2022,Q2,4,April,14,False,False,,https://www.theblockcrypto.com/post/140412/bitmex-lays-off-75-employees-after-bank-acquisition-collapses,Layoffs.fyi
L03381,Legible,"Vancouver,Non-U.S.",Canada,Media,Post-IPO,,,23.0,1-49,2022-04-04,2022,Q2,4,April,14,False,False,,https://betakit.com/in-effort-to-cut-costs-cse-listed-legible-lays-off-over-a-third-of-its-employees/,Layoffs.fyi
L03382,Lightico,"Tel Aviv,Non-U.S.",Israel,Finance,Series B,,,20.0,1-49,2022-03-31,2022,Q1,3,March,13,False,False,,https://www.calcalistech.com/ctechnews/article/bydwq4phj,Layoffs.fyi
L03384,Rasa,"Berlin,Non-U.S.",Germany,Data,Series B,,,59.0,50-199,2022-03-30,2022,Q1,3,March,13,False,False,,https://www.businessinsider.de/gruenderszene/business/exklusiv-massenentlassungen-rasa-andreessen-horowitz-ki/,Layoffs.fyi
L03383,Sea,"Bengaluru,Non-U.S.",India,Retail,Post-IPO,,,350.0,200-999,2022-03-30,2022,Q1,3,March,13,False,False,,https://www.techinasia.com/shopee-indias-over-300-staff-lurch-checks-out-country,Layoffs.fyi
L03385,Gopuff,Philadelphia,United States,Food,Series H,,,450.0,200-999,2022-03-29,2022,Q1,3,March,13,False,False,,https://www.theinformation.com/articles/gopuff-plans-hundreds-of-layoffs-to-cut-40-million-in-costs,Layoffs.fyi
L03386,Thinkific,"Vancouver,Non-U.S.",Canada,Education,Post-IPO,,,100.0,50-199,2022-03-29,2022,Q1,3,March,13,False,False,,https://betakit.com/following-2021-losses-thinkific-to-lay-off-100-employees/,Layoffs.fyi
L03387,Furlenco,"Bengaluru,Non-U.S.",India,Retail,Series D,,,180.0,50-199,2022-03-26,2022,Q1,3,March,12,False,False,,https://inc42.com/buzz/exclusive-furlenco-lays-off-180-employees-in-push-for-automation/,Layoffs.fyi
L03389,Storytel,"Stockholm,Non-U.S.",Sweden,Media,Post-IPO,,,100.0,50-199,2022-03-17,2022,Q1,3,March,11,False,False,,https://www.svt.se/kultur/storytel-pausar-planen-om-varldsherravalde-pa-ljudboksmarknaden,Layoffs.fyi
L03390,Curology,SF Bay Area,United States,Healthcare,Series D,,,150.0,50-199,2022-03-16,2022,Q1,3,March,11,False,False,,https://www.bizjournals.com/sanfrancisco/news/2022/03/16/curology-skincare-sf-layoffs-funding-dtc.html,Layoffs.fyi
L03392,Knock,New York City,United States,Real Estate,Unknown,,,115.0,50-199,2022-03-15,2022,Q1,3,March,11,False,False,,https://www.bloomberg.com/news/articles/2022-03-15/startup-knock-scraps-plans-to-go-public-lays-off-half-its-staff,Layoffs.fyi
L03391,Trell,"Bengaluru,Non-U.S.",India,Retail,Series B,,,300.0,200-999,2022-03-15,2022,Q1,3,March,11,False,False,,https://www.businesstoday.in/entrepreneurship/news/story/amidst-face-off-between-investors-co-founders-trell-may-lay-off-300-employees-326399-2022-03-17,Layoffs.fyi
L03396,Adaptive Biotechnologies,Seattle,United States,Healthcare,Post-IPO,,,100.0,50-199,2022-03-08,2022,Q1,3,March,10,False,False,,https://www.geekwire.com/2022/adaptive-biotechnologies-lays-off-about-100-people-12-of-headcount-to-streamline-our-workforce/,Layoffs.fyi
L03395,Better.com,New York City,United States,Real Estate,Unknown,,,3000.0,"1,000-4,999",2022-03-08,2022,Q1,3,March,10,True,False,,https://www.nytimes.com/2022/03/08/business/better-mortgage-lender-layoffs.html,Layoffs.fyi
L03397,Hyperscience,New York City,United States,Data,Series E,,,100.0,50-199,2022-03-03,2022,Q1,3,March,9,False,False,,https://www.theinformation.com/articles/automation-firm-hyperscience-slashes-staff-loses-ceo-as-startups-face-growing-pressure,Layoffs.fyi
L03398,WeDoctor,Non-U.S.,China,Healthcare,Series F,,,500.0,200-999,2022-03-02,2022,Q1,3,March,9,False,False,,https://www.bloomberg.com/news/articles/2022-03-03/wedoctor-is-said-to-cut-workforce-after-delay-in-going-public,Layoffs.fyi
L03399,Wish,SF Bay Area,United States,Retail,Post-IPO,,,190.0,50-199,2022-03-01,2022,Q1,3,March,9,False,False,,https://www.marketwatch.com/story/wish-stock-dives-as-holiday-sales-miss-layoffs-planned-11646170199,Layoffs.fyi
L03401,OKCredit,"New Delhi,Non-U.S.",India,Finance,Series B,,,30.0,1-49,2022-02-24,2022,Q1,2,February,8,False,False,,https://inc42.com/buzz/tiger-global-backed-okcredit-lays-off-around-40-employees/,Layoffs.fyi
L03402,Lido,"Mumbai,Non-U.S.",India,Education,Series A,,,150.0,50-199,2022-02-21,2022,Q1,2,February,8,False,False,,https://inc42.com/buzz/edtech-startup-lido-lays-off-over-150-employees-just-5-months-after-raising-10-mn/,Layoffs.fyi
L03403,Virgin Hyperloop,Los Angeles,United States,Transportation,Unknown,,,111.0,50-199,2022-02-21,2022,Q1,2,February,8,False,False,,https://www.ft.com/content/d87f77bd-0a0a-4512-b983-197f184f5352,Layoffs.fyi
L03404,Trustly,"Stockholm,Non-U.S.",Sweden,Finance,Acquired,,,120.0,50-199,2022-02-17,2022,Q1,2,February,7,False,False,,https://igamingbusiness.com/trustly-to-lay-off-120-as-it-increases-account-to-account-focus/,Layoffs.fyi
L03405,Liv Up,"Sao Paulo,Non-U.S.",Brazil,Food,Series D,,,100.0,50-199,2022-02-16,2022,Q1,2,February,7,False,False,,https://startups.com.br/noticias/liv-up-faz-reestruturacao-e-corta-15-do-quadro/,Layoffs.fyi
L03406,Homie,Salt Lake City,United States,Real Estate,Series B,,,119.0,50-199,2022-02-14,2022,Q1,2,February,7,False,False,,https://www.deseret.com/utah/2022/2/14/22933350/utah-real-esate-homie-cuts-staff-amid-roiled-real-estate-market-record-home-prices-low-inventory,Layoffs.fyi
L03408,Daily Harvest,New York City,United States,Food,Series D,,,60.0,50-199,2022-02-10,2022,Q1,2,February,6,False,False,,https://www.bloomberg.com/news/articles/2023-02-10/meal-startup-daily-harvest-layoffs-target-more-than-20-of-staff#xj4y7vzkg,Layoffs.fyi
L03407,Hopin,"London,Non-U.S.",United States,Other,Series D,,,138.0,50-199,2022-02-10,2022,Q1,2,February,6,False,False,,https://techcrunch.com/2022/02/10/virtual-events-platform-hopin-cuts-12-of-staff-citing-goal-of-sustainable-growth/,Layoffs.fyi
L03409,Peloton,New York City,United States,Fitness,Post-IPO,,,2800.0,"1,000-4,999",2022-02-08,2022,Q1,2,February,6,True,False,,https://techcrunch.com/2022/02/08/peloton-ceo-steps-down-as-the-company-cuts-2800-jobs/,Layoffs.fyi
L03411,Rhino,New York City,United States,Real Estate,Unknown,,,57.0,50-199,2022-02-03,2022,Q1,2,February,5,False,False,,https://therealdeal.com/2022/02/03/proptech-startup-rhino-lays-off-over-20-of-its-staff/,Layoffs.fyi
L03413,Glossier,New York City,United States,Consumer,Series E,,,80.0,50-199,2022-01-26,2022,Q1,1,January,4,False,False,,https://techcrunch.com/2022/01/26/glossier-just-laid-off-one-third-of-its-corporate-employees-mostly-in-tech/,Layoffs.fyi
L03412,Gopuff,Philadelphia,United States,Food,Series H,,,100.0,50-199,2022-01-26,2022,Q1,1,January,4,False,False,,https://www.businessinsider.com/gopuff-eliminates-about-100-jobs-control-costs-before-potential-ipo-2022-1,Layoffs.fyi
L03414,Root Insurance,Columbus,United States,Finance,Post-IPO,,,330.0,200-999,2022-01-20,2022,Q1,1,January,3,False,False,,https://coverager.com/root-lays-off-a-significant-number-of-employees/,Layoffs.fyi
L03417,Delivery Hero,"Berlin,Non-U.S.",Germany,Food,Post-IPO,,,300.0,200-999,2021-12-22,2021,Q4,12,December,51,False,False,,https://www.businessinsider.de/gruenderszene/food/nach-foodpanda-aus-delivery-hero-kuendigt-300-mitarbeitern-b/,Layoffs.fyi
L03419,Better.com,New York City,United States,Real Estate,Unknown,,,900.0,200-999,2021-12-01,2021,Q4,12,December,48,False,False,,https://techcrunch.com/2021/12/01/better-com-lays-off-9-of-its-staff/,Layoffs.fyi
L03420,BitTitan,Seattle,United States,Data,Acquired,,,70.0,50-199,2021-11-18,2021,Q4,11,November,46,False,False,,https://www.seattletimes.com/business/seventy-set-for-layoffs-at-bellevue-startup-bittitan/,Layoffs.fyi
L03421,Zillow,Seattle,United States,Real Estate,Post-IPO,,,2000.0,"1,000-4,999",2021-11-02,2021,Q4,11,November,44,True,False,,https://www.geekwire.com/2021/zillow-shutter-home-buying-business-lay-off-2k-employees-big-real-estate-bet-falters/,Layoffs.fyi
L03422,InVision,New York City,United States,Product,Unknown,,,22.0,1-49,2021-10-05,2021,Q4,10,October,40,False,False,,Internal memo,Layoffs.fyi
L03424,Zymergen,SF Bay Area,United States,Other,Post-IPO,,,120.0,50-199,2021-09-23,2021,Q3,9,September,38,False,False,,https://www.bizjournals.com/sanfrancisco/news/2021/09/23/zymergen-job-cuts-synthetic-biology-hyaline.html,Layoffs.fyi
L03427,Treehouse,Portland,United States,Education,Series B,,,41.0,1-49,2021-09-14,2021,Q3,9,September,37,False,False,,https://www.oregonlive.com/silicon-forest/2021/09/online-coding-school-treehouse-formerly-based-in-portland-lays-off-most-of-its-staff.html,Layoffs.fyi
L03429,Tanium,Seattle,United States,Security,Unknown,,,30.0,1-49,2021-08-30,2021,Q3,8,August,35,False,False,,https://www.businessinsider.com/tanium-layoffs-senior-product-marketing-2021-8,Layoffs.fyi
L03430,Flockjay,SF Bay Area,United States,Education,Series A,,,37.0,1-49,2021-08-24,2021,Q3,8,August,34,False,False,,https://techcrunch.com/2021/08/24/flockjay-cuts-at-least-half-of-its-workforce-as-it-pivots-away-from-bootcamps-into-b2b-saas/,Layoffs.fyi
L03431,Bytedance,"Shanghai,Non-U.S.",China,Consumer,Unknown,,,1800.0,"1,000-4,999",2021-08-05,2021,Q3,8,August,31,True,False,,https://www.reuters.com/world/china/bytedance-lay-off-staff-close-businesses-over-china-tutoring-clampdown-sources-2021-08-05/,Layoffs.fyi
L03432,Pagarbook,"Bengaluru,Non-U.S.",India,HR,Series A,,,80.0,50-199,2021-07-26,2021,Q3,7,July,30,False,False,,https://inc42.com/buzz/sequoia-backed-pagarbook-lays-off-around-80-employees/,Layoffs.fyi
L03433,Katerra,SF Bay Area,United States,Construction,Unknown,,,2434.0,"1,000-4,999",2021-06-01,2021,Q2,6,June,22,True,False,,https://therealdeal.com/2021/06/01/troubled-construction-startup-katerra-will-shut-down-report/,Layoffs.fyi
L03435,Lambda School,SF Bay Area,United States,Education,Series C,,,65.0,50-199,2021-04-29,2021,Q2,4,April,17,False,False,,https://techcrunch.com/2021/04/29/lambda-school-lays-off-65-employees-amid-restructuring/,Layoffs.fyi
L03437,Patreon,SF Bay Area,United States,Media,Series D,,,36.0,1-49,2021-04-26,2021,Q2,4,April,17,False,False,,https://www.youtube.com/watch?v=MV-3GgU6rlo,Layoffs.fyi
L03438,New Relic,SF Bay Area,United States,Infrastructure,Post-IPO,,,160.0,50-199,2021-04-06,2021,Q2,4,April,14,False,False,,https://siliconangle.com/2021/04/06/new-relic-let-go-7-employees-amid-business-model-refocus/,Layoffs.fyi
L03440,HuffPo,New York City,United States,Media,Acquired,,,47.0,1-49,2021-03-09,2021,Q1,3,March,10,False,False,,https://www.huffpost.com/entry/huffpost-buzzfeed-layoffs_n_60479ba2c5b6af8f98beb89d,Layoffs.fyi
L03444,Ninjacart,"Bengaluru,Non-U.S.",India,Food,Unknown,,,200.0,200-999,2021-02-23,2021,Q1,2,February,8,False,False,,https://inc42.com/buzz/ninjacart-employee-layoffs/,Layoffs.fyi
L03445,Bounce,"Bengaluru,Non-U.S.",India,Transportation,Series D,,,200.0,200-999,2021-02-22,2021,Q1,2,February,8,False,False,,https://economictimes.indiatimes.com/tech/startups/bounce-goes-for-second-round-of-layoffs-as-demand-for-mobility-lags/articleshow/81144047.cms,Layoffs.fyi
L03447,Indigo,Boston,United States,Other,Series F,,,80.0,50-199,2021-02-09,2021,Q1,2,February,6,False,False,,https://www.bizjournals.com/boston/news/2021/02/09/indigo-layoffs-across-multiple-locations.html,Layoffs.fyi
L03446,ThredUp,Chicago,United States,Retail,Series F,,,243.0,200-999,2021-02-09,2021,Q1,2,February,6,False,False,,https://www.chicagotribune.com/business/ct-biz-thredup-vernon-hills-layoffs-20210209-m7a47qe53vf2neztz26ouko23i-story.html,Layoffs.fyi
L03448,Limelight,New York City,United States,Recruiting,Unknown,,,13.0,1-49,2021-02-04,2021,Q1,2,February,5,False,False,,Company exec,Layoffs.fyi
L03449,Quandoo,"Berlin,Non-U.S.",Germany,Food,Acquired,,,87.0,50-199,2021-02-03,2021,Q1,2,February,5,False,False,,https://www.berliner-zeitung.de/en/berlin-reservation-platform-quandoo-slashes-jobs-li.137352,Layoffs.fyi
L03450,Hubba,"Toronto,Non-U.S.",Canada,Retail,Series B,,,45.0,1-49,2021-02-01,2021,Q1,2,February,5,False,False,,https://betakit.com/hubba-to-shut-down/,Layoffs.fyi
L03451,Bytedance,"Mumbai,Non-U.S.",India,Consumer,Unknown,,,1800.0,"1,000-4,999",2021-01-27,2021,Q1,1,January,4,True,False,,https://entrackr.com/2021/01/bytedance-set-to-wrap-up-indian-ops-and-lay-off-over-1800-employees/,Layoffs.fyi
L03452,Privitar,"London,Non-U.S.",United Kingdom,Data,Series C,,,20.0,1-49,2021-01-27,2021,Q1,1,January,4,False,False,,https://www.bizjournals.com/boston/inno/stories/news/2021/01/27/layoffs-at-privitar-coronavirus-boston.html,Layoffs.fyi
L03453,Shutterfly,SF Bay Area,United States,Retail,Acquired,,,800.0,200-999,2021-01-25,2021,Q1,1,January,4,False,False,,https://thedeadpixelssociety.com/lifetouch-shutterfly-staff-reductions-near-800/,Layoffs.fyi
L03454,Postmates,SF Bay Area,United States,Food,Acquired,,,180.0,50-199,2021-01-23,2021,Q1,1,January,3,False,False,,https://www.nytimes.com/2021/01/23/technology/uber-postmates-layoffs.html,Layoffs.fyi
L03455,Instacart,SF Bay Area,United States,Food,Unknown,,,1877.0,"1,000-4,999",2021-01-21,2021,Q1,1,January,3,True,False,,https://www.bloomberg.com/news/articles/2021-01-21/instacart-to-cut-1-900-jobs-including-its-only-union-positions,Layoffs.fyi
L03456,Pocketmath,Singapore,Singapore,Marketing,Unknown,,,21.0,1-49,2021-01-20,2021,Q1,1,January,3,False,False,,https://www.businessinsider.com/mobile-advertising-company-pocketmath-shut-down-facing-lawsuits-2021-1,Layoffs.fyi
L03457,Dropbox,SF Bay Area,United States,Other,Post-IPO,,,315.0,200-999,2021-01-13,2021,Q1,1,January,2,False,False,,https://www.cnbc.com/2021/01/13/dropbox-to-cut-11percent-of-its-global-workforce.html,Layoffs.fyi
L03460,WhiteHat Jr,"Mumbai,Non-U.S.",India,Education,Acquired,,,1800.0,"1,000-4,999",2021-01-06,2021,Q1,1,January,1,True,False,,https://inc42.com/buzz/whitehat-jr-employees-transition-opportunity-byjus/,Layoffs.fyi
L03461,Pulse Secure,SF Bay Area,United States,Security,Acquired,,,78.0,50-199,2020-12-23,2020,Q4,12,December,52,False,False,,https://www.bizjournals.com/sanjose/news/2020/12/23/pulse-secure-layoffs.html,Layoffs.fyi
L03463,Actifio,Boston,United States,Data,Acquired,,,54.0,50-199,2020-12-16,2020,Q4,12,December,51,False,False,,https://www.bizjournals.com/boston/news/2020/12/16/actifio-layoffs-google.html,Layoffs.fyi
L03462,Breather,"Montreal,Non-U.S.",Canada,Real Estate,Series D,,,120.0,50-199,2020-12-16,2020,Q4,12,December,51,False,False,,https://www.theglobeandmail.com/business/article-breather-hopes-for-second-wind-as-montreal-flexible-workspace-provider/,Layoffs.fyi
L03464,OYO,"Gurugram,Non-U.S.",India,Travel,Series F,,,600.0,200-999,2020-12-08,2020,Q4,12,December,50,False,False,,https://www.forbesindia.com/news/business/startup/exclusive-oyo-lays-off-another-600-800-employees-as-it-moves-to-a-revenue-sharing-model-6202571.html,Layoffs.fyi
L03466,Aya,"Toronto,Non-U.S.",United States,Finance,Seed,,,5.0,1-49,2020-11-19,2020,Q4,11,November,47,False,False,,https://betakit.com/fintech-and-healthtech-startup-aya-comes-out-of-stealth-with-3-2-million-cad-in-seed-financing/,Layoffs.fyi
L03468,Bridge Connector,Nashville,United States,Healthcare,Series B,,,154.0,50-199,2020-11-17,2020,Q4,11,November,47,False,False,,https://www.nashvillepost.com/business/health-care/article/21144528/bridge-connector-closing-down,Layoffs.fyi
L03469,Tidepool,SF Bay Area,United States,Healthcare,Unknown,,,18.0,1-49,2020-11-17,2020,Q4,11,November,47,False,False,,https://www.linkedin.com/posts/tidepoolorg_activity-6734927153630183424-s-x0/,Layoffs.fyi
L03472,Worksmith,Austin,United States,Retail,Unknown,,,30.0,1-49,2020-11-09,2020,Q4,11,November,46,False,False,,https://www.bizjournals.com/austin/inno/stories/profiles/2020/11/09/pandemic-forced-worksmith-to-innovate.html,Layoffs.fyi
L03475,LivePerson,New York City,United States,Support,Post-IPO,,,30.0,1-49,2020-11-01,2020,Q4,11,November,44,False,False,,https://en.globes.co.il/en/article-liveperson-to-lay-off-30-in-israel-1001347824#,Layoffs.fyi
L03477,Knotel,New York City,United States,Real Estate,Series C,,,20.0,1-49,2020-10-29,2020,Q4,10,October,44,False,False,,https://www.businessinsider.com/knotel-layoffs-job-cuts-coworking-fundraise-amol-sarva-office-demand-2020-10,Layoffs.fyi
L03476,Remedy,Austin,United States,Healthcare,Series A,,,82.0,50-199,2020-10-29,2020,Q4,10,October,44,False,False,,https://www.bizjournals.com/austin/news/2020/10/29/health-tech-startup-remedy-lays-off-82-employees.html,Layoffs.fyi
L03479,CodeCombat,SF Bay Area,United States,Education,Series A,,,8.0,1-49,2020-10-23,2020,Q4,10,October,43,False,False,,https://layoffs.fyi/2020/10/23/codecombat-launches-alumni-talent-directory-following-layoff/,Layoffs.fyi
L03482,GetYourGuide,"Berlin,Non-U.S.",Germany,Travel,Series E,,,90.0,50-199,2020-10-14,2020,Q4,10,October,42,False,False,,https://www.reuters.com/article/tech-getyourguide/german-travel-startup-getyourguide-lets-go-of-a-sixth-of-staff-idUSL8N2H544X,Layoffs.fyi
L03483,OLX India,"New Delhi,Non-U.S.",India,Marketing,Acquired,,,250.0,200-999,2020-10-10,2020,Q4,10,October,41,False,False,,https://inc42.com/buzz/olx-india-lays-off-250-employees-set-to-renew-focus-on-2-verticals/,Layoffs.fyi
L03485,Alto Pharmacy,SF Bay Area,United States,Healthcare,Series D,,,47.0,1-49,2020-09-29,2020,Q3,9,September,40,False,False,,https://layoffs.fyi/2020/10/07/alto-pharmacy-lays-off-47-employees/,Layoffs.fyi
L03491,Bleacher Report,"London,Non-U.S.",United Kingdom,Media,Acquired,,,20.0,1-49,2020-09-11,2020,Q3,9,September,37,False,False,,https://awfulannouncing.com/br/more-layoffs-in-works-at-bleacher-report.html,Layoffs.fyi
L03490,NS8,Las Vegas,United States,Data,Series A,,,240.0,200-999,2020-09-11,2020,Q3,9,September,37,False,False,,https://twitter.com/VitalVegas/status/1304355796008853506,Layoffs.fyi
L03493,Waze,SF Bay Area,United States,Transportation,Acquired,,,30.0,1-49,2020-09-09,2020,Q3,9,September,37,False,False,,https://www.theverge.com/2020/9/9/21428907/waze-layoff-pandemic-google-navigation-driving,Layoffs.fyi
L03498,Big Fish Games,Seattle,United States,Media,Acquired,,,250.0,200-999,2020-09-01,2020,Q3,9,September,36,False,False,,https://venturebeat.com/2020/09/01/big-fish-games-cuts-250-jobs-and-streamlines-mobile-game-operations/,Layoffs.fyi
L03499,GoBear,"Singapore,Non-U.S.",Singapore,Finance,Unknown,,,22.0,1-49,2020-09-01,2020,Q3,9,September,36,False,False,,https://layoffs.fyi/2020/09/13/gobear-launches-talent-directory-after-laying-off-22-employees/,Layoffs.fyi
L03500,MakeMyTrip,"New Delhi,Non-U.S.",India,Travel,Post-IPO,,,350.0,200-999,2020-08-31,2020,Q3,8,August,36,False,False,,https://yourstory.com/2020/08/makemytrip-restructuring-layoffs-deep-kalra,Layoffs.fyi
L03501,Salesforce,SF Bay Area,United States,Sales,Post-IPO,,,1000.0,"1,000-4,999",2020-08-26,2020,Q3,8,August,35,True,False,,https://www.bloomberg.com/news/articles/2020-08-26/salesforce-cuts-1-000-jobs-after-banner-quarter-stock-surge,Layoffs.fyi
L03503,Superloop,"Brisbane,Non-U.S.",Australia,Infrastructure,Post-IPO,,,30.0,1-49,2020-08-24,2020,Q3,8,August,35,False,False,,https://www.arnnet.com.au/article/682373/superloop-reduces-losses-30-workers-laid-off-amid-covid-19/,Layoffs.fyi
L03506,Docly,"London,Non-U.S.",United Kingdom,Healthcare,Seed,,,8.0,1-49,2020-08-19,2020,Q3,8,August,34,False,False,,https://sifted.eu/articles/docly-slash-in-uk/,Layoffs.fyi
L03510,Shopify,"Ottawa,Non-U.S.",Canada,Retail,Post-IPO,,,30.0,1-49,2020-08-14,2020,Q3,8,August,33,False,False,,https://betakit.com/shopify-cuts-office-staff-amid-remote-work-shift/,Layoffs.fyi
L03513,Mozilla,SF Bay Area,United States,Consumer,Unknown,,,250.0,200-999,2020-08-11,2020,Q3,8,August,33,False,False,,https://layoffs.fyi/2020/08/12/mozilla-lays-off-250-employees-launches-talent-directory/,Layoffs.fyi
L03514,Eatsy,"Singapore,Non-U.S.",Singapore,Food,Seed,,,20.0,1-49,2020-08-08,2020,Q3,8,August,32,False,False,,https://www.businesstimes.com.sg/garage/food-ordering-startup-eatsy-shutters-operations-0,Layoffs.fyi
L03515,Glossier,New York City,United States,Retail,Series D,,,150.0,50-199,2020-08-07,2020,Q3,8,August,32,False,False,,https://www.glossier.com/blog/retail-update-covid19,Layoffs.fyi
L03517,Thriver,"Toronto,Non-U.S.",Canada,Food,Series B,,,75.0,50-199,2020-08-06,2020,Q3,8,August,32,False,False,,https://betakit.com/platterz-raises-43-8-million-cad-series-b-rebrands-to-thriver-as-company-pivots-post-pandemic/,Layoffs.fyi
L03518,Vesta,Atlanta,United States,Sales,Unknown,,,56.0,50-199,2020-08-05,2020,Q3,8,August,32,False,False,,https://www.americaninno.com/atlanta/roundups/the-atlanta-tech-layoffs-that-happened-this-summer/,Layoffs.fyi
L03519,Booking.com,"Amsterdam,Non-U.S.",Netherlands,Travel,Acquired,,,4375.0,"1,000-4,999",2020-07-30,2020,Q3,7,July,31,True,False,,https://skift.com/2020/08/04/booking-com-restructuring-will-pare-its-workforce-by-up-to-25-percent/,Layoffs.fyi
L03520,Buy.com / Rakuten,SF Bay Area,United States,Retail,Acquired,,,87.0,50-199,2020-07-30,2020,Q3,7,July,31,False,False,,https://techcrunch.com/2020/07/30/rakuten-is-shuttering-the-online-shop-formerly-known-as-buy-com/,Layoffs.fyi
L03523,Procore,Los Angeles,United States,Construction,Unknown,,,180.0,50-199,2020-07-28,2020,Q3,7,July,31,False,False,,https://www.bloomberg.com/news/articles/2020-07-28/software-startup-procore-said-to-cut-180-jobs-ahead-of-ipo,Layoffs.fyi
L03524,Swiggy,"Bengaluru,Non-U.S.",India,Food,Series I,,,350.0,200-999,2020-07-27,2020,Q3,7,July,31,False,False,,https://www.livemint.com/companies/news/350-swiggy-employees-lose-their-jobs-in-round-2-of-layoffs-11595951553823.html,Layoffs.fyi
L03525,Zeitgold,"Berlin,Non-U.S.",Germany,Finance,Series B,,,75.0,50-199,2020-07-27,2020,Q3,7,July,31,False,False,,https://layoffs.fyi/2020/08/04/bookkeeping-startup-zeitgold-lays-off-75-employees-and-pivots-to-tax-prep-software/,Layoffs.fyi
L03527,Checkr,SF Bay Area,United States,HR,Series D,,,64.0,50-199,2020-07-23,2020,Q3,7,July,30,False,False,,https://layoffs.fyi/2020/07/28/checkr-lays-off-64-employees/,Layoffs.fyi
L03529,LinkedIn,SF Bay Area,United States,Recruiting,Acquired,,,960.0,200-999,2020-07-21,2020,Q3,7,July,30,False,False,,https://layoffs.fyi/2020/08/04/linkedin-launches-official-talent-directory-after-laying-off-960-employees/,Layoffs.fyi
L03530,Lighter Capital,Seattle,United States,Finance,Series B,,,22.0,1-49,2020-07-20,2020,Q3,7,July,30,False,False,,https://www.geekwire.com/2020/seattle-based-alternative-vc-firm-lighter-capital-lays-off-employees/,Layoffs.fyi
L03531,Curefit,"Bengaluru,Non-U.S.",India,Fitness,Series D,,,120.0,50-199,2020-07-17,2020,Q3,7,July,29,False,False,,https://tech.economictimes.indiatimes.com/news/internet/curefit-cuts-jobs-furloughs-600-staff-in-second-round-of-layoffs-as-business-suffers-amid-lockdown/77013891,Layoffs.fyi
L03533,Optimizely,SF Bay Area,United States,Marketing,Series D,,,60.0,50-199,2020-07-15,2020,Q3,7,July,29,False,False,,https://techcrunch.com/2020/07/15/benchmark-backed-optimizely-confirms-it-has-laid-off-15-percent-of-staff/,Layoffs.fyi
L03534,Skyscanner,"Edinburgh,Non-U.S.",United Kingdom,Travel,Acquired,,,300.0,200-999,2020-07-14,2020,Q3,7,July,29,False,False,,https://layoffs.fyi/2020/08/12/skyscanner-launches-talent-directory-after-laying-off-300-employees/,Layoffs.fyi
L03536,Yelp,SF Bay Area,United States,Consumer,Post-IPO,,,63.0,50-199,2020-07-13,2020,Q3,7,July,29,False,False,,https://www.cnbc.com/2020/07/13/yelp-will-bring-back-most-of-its-1100-furloughed-employees-next-month.html,Layoffs.fyi
L03537,Bizongo,"Mumbai,Non-U.S.",India,Logistics,Series C,,,140.0,50-199,2020-07-10,2020,Q3,7,July,28,False,False,,https://www.startupnews.fyi/post/bizongo-lays-off-140-employees-to-cut-costs,Layoffs.fyi
L03539,PaySense,"Mumbai,Non-U.S.",India,Finance,Acquired,,,40.0,1-49,2020-07-09,2020,Q3,7,July,28,False,False,,https://tech.economictimes.indiatimes.com/news/startups/naspers-owned-payu-lays-off-staff-at-credit-lending-unit-paysense/76872229,Layoffs.fyi
L03538,Zilingo,"Singapore,Non-U.S.",Singapore,Retail,Series D,,,100.0,50-199,2020-07-09,2020,Q3,7,July,28,False,False,,https://zilingotrade.com/en-th/blog/BLGCOMPANYANNOUNCEMENT,Layoffs.fyi
L03540,Funding Circle,SF Bay Area,United States,Finance,Post-IPO,,,85.0,50-199,2020-07-08,2020,Q3,7,July,28,False,False,,https://www.altfi.com/article/6790_funding-circle-joins-bounce-back-loan-scheme-as-it-cuts-us-headcount-by-85,Layoffs.fyi
L03545,Havenly,Denver,United States,Consumer,Series C,,,5.0,1-49,2020-07-01,2020,Q3,7,July,27,False,False,,https://businessden.com/2020/07/01/havenly-begins-to-rehire-after-pandemic-cuts-wont-reopen-retail-locations/,Layoffs.fyi
L03544,Kongregate,SF Bay Area,United States,Media,Series C,,,12.0,1-49,2020-07-01,2020,Q3,7,July,27,False,False,,https://www.forbes.com/sites/lizlanier/2020/07/01/kongregate-shift-in-focus-brings-layoffs-closes-portal-to-new-games/#148558087323,Layoffs.fyi
L03543,Sharethrough,SF Bay Area,United States,Marketing,Series D,,,18.0,1-49,2020-07-01,2020,Q3,7,July,27,False,False,,https://blog.sharethrough.com/post/adapting-to-covid-19-evolving-to-a-unified-revenue-team-at-sharethrough,Layoffs.fyi
L03542,The Wing,New York City,United States,Real Estate,Series C,,,56.0,50-199,2020-07-01,2020,Q3,7,July,27,False,False,,https://commercialobserver.com/2020/07/the-wing-lays-off-another-56-employees/,Layoffs.fyi
L03546,G2,Chicago,United States,Marketing,Series C,,,17.0,1-49,2020-06-30,2020,Q2,6,June,27,False,False,,https://www.americaninno.com/chicago/inno-news-chicago/layoffs-at-g2-as-the-tech-company-cuts-costs-during-covid/,Layoffs.fyi
L03550,Argo AI,"Munich,Non-U.S.",Germany,Transportation,Unknown,,,100.0,50-199,2020-06-29,2020,Q2,6,June,27,False,False,,https://www.theinformation.com/briefings/58401b,Layoffs.fyi
L03551,Bossa Nova,SF Bay Area,United States,Retail,Unknown,,,61.0,50-199,2020-06-29,2020,Q2,6,June,27,False,False,,https://www.post-gazette.com/business/tech-news/2020/06/29/Bossa-Nova-Robotics-autonomous-robots-layoffs-furloughs-terminations/stories/202006290098,Layoffs.fyi
L03549,Bounce,"Bengaluru,Non-U.S.",India,Transportation,Series D,,,130.0,50-199,2020-06-29,2020,Q2,6,June,27,False,False,,https://inc42.com/buzz/bounce-lays-off-130-employees-as-covid-19-impact-hits-mobility-startup/,Layoffs.fyi
L03548,Katerra,SF Bay Area,United States,Construction,Series E,,,400.0,200-999,2020-06-29,2020,Q2,6,June,27,False,False,,https://www.theinformation.com/articles/softbank-backed-katerra-lays-off-more-than-400-employees,Layoffs.fyi
L03552,New Relic,Portland,United States,Infrastructure,Post-IPO,,,20.0,1-49,2020-06-29,2020,Q2,6,June,27,False,False,,https://www.bizjournals.com/portland/news/2020/06/29/layoffs-at-new-relic-as-company-combines-2-enginee.html,Layoffs.fyi
L03556,GoDaddy,Austin,United States,Marketing,Post-IPO,,,451.0,200-999,2020-06-24,2020,Q2,6,June,26,False,False,,https://domainnamewire.com/2020/06/24/godaddy-plans-layoffs-and-is-closing-austin-offices/,Layoffs.fyi
L03557,Sonos,New York City,United States,Consumer,Post-IPO,,,174.0,50-199,2020-06-24,2020,Q2,6,June,26,False,False,,https://www.cnbc.com/2020/06/24/sonos-says-its-cutting-12percent-of-global-employees-because-of-covid-19.html,Layoffs.fyi
L03561,Dark,SF Bay Area,United States,Product,Seed,,,6.0,1-49,2020-06-23,2020,Q2,6,June,26,False,False,,https://layoffs.fyi/2020/06/29/programming-service-dark-releases-layoff-list/,Layoffs.fyi
L03559,Gojek,"Jakarta,Non-U.S.",Indonesia,Transportation,Series F,,,430.0,200-999,2020-06-23,2020,Q2,6,June,26,False,False,,https://layoffs.fyi/2020/08/06/gojek-creates-talent-directory-following-430-person-layoff/,Layoffs.fyi
L03560,ScaleFactor,Austin,United States,Finance,Series C,,,90.0,50-199,2020-06-23,2020,Q2,6,June,26,False,False,,https://www.forbes.com/sites/davidjeans/2020/06/23/scalefactor-fintech-startup-shuts-down-bessemer-coatue-canaan/#2bef45cf4901,Layoffs.fyi
L03562,Intuit,SF Bay Area,United States,Finance,Post-IPO,,,715.0,200-999,2020-06-22,2020,Q2,6,June,26,False,False,,https://intuitblog.com/news-social/a-message-from-intuit-ceo-sasan-goodarzi-to-intuit-employees/,Layoffs.fyi
L03563,WeWork,"London,Non-U.S.",United Kingdom,Real Estate,Series H,,,200.0,200-999,2020-06-19,2020,Q2,6,June,25,False,False,,https://www.wired.co.uk/article/wework-redundancies-uk-restructure,Layoffs.fyi
L03564,Atlas Obscura ,New York City,United States,Media,Series B,,,15.0,1-49,2020-06-18,2020,Q2,6,June,25,False,False,,https://www.poynter.org/?locally=atlas-obscura-laid-off-15-including-five-in-editorial-the-company-confirmed-to-poynter,Layoffs.fyi
L03565,Navi,"Bengaluru,Non-U.S.",India,Finance,Private Equity,,,40.0,1-49,2020-06-17,2020,Q2,6,June,25,False,False,,https://inc42.com/buzz/sachin-bansals-navi-general-insurance-lays-off-40-employees/,Layoffs.fyi
L03567,Grab,"Singapore,Non-U.S.",Singapore,Transportation,Series I,,,360.0,200-999,2020-06-16,2020,Q2,6,June,25,False,False,,https://layoffs.fyi/2020/06/24/official-grab-layoff-list-released-following-360-person-layoff/,Layoffs.fyi
L03566,PaisaBazaar,"Gurugram,Non-U.S.",India,Finance,Series G,,,1500.0,"1,000-4,999",2020-06-16,2020,Q2,6,June,25,True,False,,https://thetechportal.com/2020/06/16/policybazaar-paisabazaar-lay-offs/,Layoffs.fyi
L03569,Redox,Madison,United States,Healthcare,Series C,,,44.0,1-49,2020-06-16,2020,Q2,6,June,25,False,False,,https://theredoxpodcast.podbean.com/e/22-layoffs/,Layoffs.fyi
L03568,Splunk,SF Bay Area,United States,Data,Post-IPO,,,70.0,50-199,2020-06-16,2020,Q2,6,June,25,False,False,,https://www.bloomberg.com/news/articles/2020-06-17/splunk-joins-tech-s-belt-tightening-with-plan-to-shed-staff,Layoffs.fyi
L03573,SynapseFI,SF Bay Area,United States,Finance,Series B,,,63.0,50-199,2020-06-12,2020,Q2,6,June,24,False,False,,https://www.forbes.com/sites/jeffkauflin/2020/06/15/fintech-startup-synapse-lays-off-nearly-50-of-full-time-staff/#6a6f57b0300e,Layoffs.fyi
L03572,Uber,"Amsterdam,Non-U.S.",Netherlands,Transportation,Post-IPO,,,225.0,200-999,2020-06-12,2020,Q2,6,June,24,False,False,,https://www.dutchnews.nl/news/2020/06/uber-cuts-amsterdam-workforce-by-15-some-200-jobs-to-go/,Layoffs.fyi
L03575,Branch,New York City,United States,Retail,Seed,,,3.0,1-49,2020-06-11,2020,Q2,6,June,24,False,False,,https://techcrunch.com/2020/06/11/covid-19-nearly-killed-this-office-furniture-startup-turning-to-home-offices-may-save-it/,Layoffs.fyi
L03574,ScaleFocus,"Sofia,Non-U.S.",Bulgaria,Infrastructure,Unknown,,,120.0,50-199,2020-06-11,2020,Q2,6,June,24,False,False,,https://seenews.com/news/bulgarias-scalefocus-lays-off-10-of-workforce-report-702279,Layoffs.fyi
L03576,Her Campus Media,Boston,United States,Media,Unknown,,,10.0,1-49,2020-06-10,2020,Q2,6,June,24,False,False,,https://www.weny.com/story/42228087/college-life-will-never-be-the-same-this-media-company-is-documenting-the-change,Layoffs.fyi
L03577,Integrate.ai,"Toronto,Non-U.S.",Canada,Support,Unknown,,,26.0,1-49,2020-06-09,2020,Q2,6,June,24,False,False,,https://integrate.ai/blog/integrateai-restructuring-in-response-to-new-market-realities,Layoffs.fyi
L03579,Ethos Life,SF Bay Area,United States,Finance,Series C,,,18.0,1-49,2020-06-05,2020,Q2,6,June,23,False,False,,https://coverager.com/layoffs-at-ethos/,Layoffs.fyi
L03578,The Athletic,SF Bay Area,United States,Media,Series D,,,46.0,1-49,2020-06-05,2020,Q2,6,June,23,False,False,,https://www.axios.com/the-athletic-layoffs-pay-cuts-fa15a80d-47b7-46a5-a08f-3e7eba558f30.html,Layoffs.fyi
L03581,Builder,Los Angeles,United States,Product,Series A,,,39.0,1-49,2020-06-04,2020,Q2,6,June,23,False,False,,https://www.businessinsider.com/engineerai-builderai-layoffs-14-percent-staff-2020-6,Layoffs.fyi
L03580,Lastline,SF Bay Area,United States,Security,Series C,,,50.0,50-199,2020-06-04,2020,Q2,6,June,23,False,False,,https://techcrunch.com/2020/06/04/vmware-lastline-staff-cuts/,Layoffs.fyi
L03586,Credit Sesame,SF Bay Area,United States,Finance,Series F,,,22.0,1-49,2020-06-03,2020,Q2,6,June,23,False,False,,https://www.businessinsider.com/credit-sesame-layoffs-credit-business-trouble-2020-6,Layoffs.fyi
L03584,Kitty Hawk,SF Bay Area,United States,Aerospace,Unknown,,,70.0,50-199,2020-06-03,2020,Q2,6,June,23,False,False,,https://techcrunch.com/2020/06/03/kitty-hawk-ends-flyer-program-shifts-focus-to-once-secret-autonomous-aircraft/,Layoffs.fyi
L03583,Monzo,"London,Non-U.S.",United Kingdom,Finance,Series F,,,120.0,50-199,2020-06-03,2020,Q2,6,June,23,False,False,,https://layoffs.fyi/2020/07/21/monzo-launches-layoff-list-amid-multiple-rounds-of-layoffs/,Layoffs.fyi
L03585,SpotHero,Chicago,United States,Transportation,Series D,,,40.0,1-49,2020-06-03,2020,Q2,6,June,23,False,False,,https://www.americaninno.com/chicago/inno-news-chicago/spothero-cuts-40-employees-in-second-round-of-pandemic-related-layoffs/,Layoffs.fyi
L03587,Circ,"Berlin,Non-U.S.",Germany,Transportation,Acquired,,,100.0,50-199,2020-06-02,2020,Q2,6,June,23,False,False,,https://techcrunch.com/2020/06/02/bird-shuts-down-circ-operations-in-middle-east-scraps-as-many-as-10000-scooters/,Layoffs.fyi
L03590,Descartes Labs,Santa Fe,United States,Data,Series B,,,12.0,1-49,2020-06-02,2020,Q2,6,June,23,False,False,,https://www.santafenewmexican.com/news/local_news/descartes-labs-seeks-750-000-state-loan-to-make-lease-payments/article_b0f7eeaa-a4e6-11ea-8b9a-f34e580504e1.html,Layoffs.fyi
L03589,Fundbox,SF Bay Area,United States,Finance,Series C,,,14.0,1-49,2020-06-02,2020,Q2,6,June,23,False,False,,https://www.geektime.com/following-layoffs-management-pay-cuts-fundbox-raises-another-20-million/,Layoffs.fyi
L03591,MakerBot,New York City,United States,Consumer,Acquired,,,12.0,1-49,2020-06-02,2020,Q2,6,June,23,False,False,,Internal memo,Layoffs.fyi
L03588,Rivian,Detroit,United States,Transportation,Private Equity,,,40.0,1-49,2020-06-02,2020,Q2,6,June,23,False,False,,https://www.theverge.com/2020/6/2/21278019/rivian-layoffs-new-chief-operating-officer-harley-davidson,Layoffs.fyi
L03594,CrowdStreet,Portland,United States,Real Estate,Series C,,,24.0,1-49,2020-06-01,2020,Q2,6,June,23,False,False,,https://www.oregonlive.com/silicon-forest/2020/06/crowdstreet-portland-real-estate-funding-startup-lays-off-a-fifth-of-its-staff.html,Layoffs.fyi
L03593,MakeMyTrip,"Gurugram,Non-U.S.",India,Travel,Post-IPO,,,350.0,200-999,2020-06-01,2020,Q2,6,June,23,False,False,,https://www.livemint.com/companies/news/covid-19-lockdown-makemytrip-to-lay-off-10-of-its-workforce-as-revenues-hit-11591008074698.html,Layoffs.fyi
L03592,Stitch Fix,SF Bay Area,United States,Retail,Post-IPO,,,1400.0,"1,000-4,999",2020-06-01,2020,Q2,6,June,23,True,False,,https://www.cnbc.com/2020/06/01/stitch-fix-is-laying-off-1400-in-california-18percent-of-workforce.html,Layoffs.fyi
L03595,Brex,SF Bay Area,United States,Finance,Series C,,,62.0,50-199,2020-05-29,2020,Q2,5,May,22,False,False,,https://layoffs.fyi/2020/06/01/brex-laid-off-62-employees-to-prioritize-building-over-growing/,Layoffs.fyi
L03596,Loftium,Seattle,United States,Real Estate,Series A,,,32.0,1-49,2020-05-29,2020,Q2,5,May,22,False,False,,https://www.seattletimes.com/business/real-estate/seattle-based-airbnb-rental-startup-loftium-misses-its-own-rent-payments-slashes-staff-as-coronavirus-undercuts-business/,Layoffs.fyi
L03597,BookMyShow,"Mumbai,Non-U.S.",India,Consumer,Unknown,,,270.0,200-999,2020-05-28,2020,Q2,5,May,22,False,False,,https://www.cnbctv18.com/business/270-bookmyshow-employees-either-laid-off-or-furloughed-18-of-total-workforce-impacted-worldwide-6022801.htm,Layoffs.fyi
L03600,Culture Amp,"Melbourne,Non-U.S.",Australia,HR,Series E,,,36.0,1-49,2020-05-28,2020,Q2,5,May,22,False,False,,https://www.smh.com.au/business/small-business/tech-unicorn-culture-amp-lays-off-staff-as-growth-halves-20200528-p54x9d.html,Layoffs.fyi
L03599,StubHub,SF Bay Area,United States,Consumer,Acquired,,,200.0,200-999,2020-05-28,2020,Q2,5,May,22,False,False,,https://layoffs.fyi/2020/06/22/stubhub-shifts-200-of-its-furloughed-employees-into-permanent-layoffs-2/,Layoffs.fyi
L03601,The Sill,New York City,United States,Retail,Series A,,,20.0,1-49,2020-05-28,2020,Q2,5,May,22,False,False,,https://www.inc.com/emily-canal/the-sill-houseplants-sales-flourish-coronavirus-pandemic.html,Layoffs.fyi
L03598,TrueCar,Los Angeles,United States,Transportation,Post-IPO,,,219.0,200-999,2020-05-28,2020,Q2,5,May,22,False,False,,https://labusinessjournal.com/news/2020/jun/01/truecar-lays-30-staff/,Layoffs.fyi
L03603,Ebanx,"Curitiba,Non-U.S.",Brazil,Finance,Unknown,,,62.0,50-199,2020-05-27,2020,Q2,5,May,22,False,False,,https://exame.com/pme/comeca-uma-era-mais-pe-no-chao-para-as-startups-diz-fundador-do-ebanx/,Layoffs.fyi
L03602,Instructure,Salt Lake City,United States,Education,Acquired,,,150.0,50-199,2020-05-27,2020,Q2,5,May,22,False,False,,https://philonedtech.com/instructure-restructure-significant-layoffs-hitting-canvas-side-of-the-business/,Layoffs.fyi
L03606,Acorns,Portland,United States,Finance,Unknown,,,50.0,50-199,2020-05-26,2020,Q2,5,May,22,False,False,,https://techcrunch.com/2020/05/29/amid-unprecedented-growth-on-its-platform-acorns-cuts-roles-and-shuts-down-an-office/,Layoffs.fyi
L03605,Bluprint,Denver,United States,Education,Acquired,,,137.0,50-199,2020-05-26,2020,Q2,5,May,22,False,False,,https://businessden.com/2020/05/27/nbcuniversal-shutting-down-bluprint-formerly-known-as-craftsy/,Layoffs.fyi
L03604,Uber,Bengaluru,India,Transportation,Post-IPO,,,600.0,200-999,2020-05-26,2020,Q2,5,May,22,False,False,,https://www.reuters.com/article/us-india-uber-layoffs/uber-cuts-600-jobs-in-india-as-lockdown-hits-business-idUSKBN2320S3,Layoffs.fyi
L03607,CarDekho,"Gurugram,Non-U.S.",India,Transportation,Series D,,,200.0,200-999,2020-05-25,2020,Q2,5,May,22,False,False,,https://entrackr.com/2020/05/exclusive-cardekho-lays-off-200-employees-goes-for-pay-cuts/,Layoffs.fyi
L03608,Teamwork,"Cork,Non-U.S.",Ireland,Other,Unknown,,,21.0,1-49,2020-05-22,2020,Q2,5,May,21,False,False,,https://www.thecurrency.news/articles/17754/not-the-time-for-venture-capital-teamwork-rules-out-raising-vc-money-as-tech-valuations-fall,Layoffs.fyi
L03609,Cvent,Washington D.C.,United States,Marketing,Acquired,,,400.0,200-999,2020-05-21,2020,Q2,5,May,21,False,False,,https://www.eventmanagerblog.com/cvent-layoffs,Layoffs.fyi
L03611,Glitch,New York City,United States,Product,Series A,,,18.0,1-49,2020-05-21,2020,Q2,5,May,21,False,False,,https://www.theverge.com/2020/5/22/21268007/glitch-layoffs-substantial-number-coding-platform-union,Layoffs.fyi
L03610,PickYourTrail,"Chennai,Non-U.S.",India,Travel,Series A,,,70.0,50-199,2020-05-21,2020,Q2,5,May,21,False,False,,https://www.cnbctv18.com/travel/pickyourtrail-realigns-business-will-enter-domestic-travel-market-5968711.htm,Layoffs.fyi
L03618,Intercom,SF Bay Area,United States,Support,Series D,,,39.0,1-49,2020-05-20,2020,Q2,5,May,21,False,False,,https://layoffs.fyi/2020/07/09/intercom-creates-official-layoff-list-after-laying-off-39/,Layoffs.fyi
L03613,Ola,"Bengaluru,Non-U.S.",India,Transportation,Series J,,,1400.0,"1,000-4,999",2020-05-20,2020,Q2,5,May,21,True,False,,https://techcrunch.com/2020/05/20/indian-ride-hailing-firm-ola-cuts-1400-jobs/,Layoffs.fyi
L03614,Samsara,SF Bay Area,United States,Logistics,Series F,,,300.0,200-999,2020-05-20,2020,Q2,5,May,21,False,False,,https://layoffs.fyi/2020/05/21/samsara-lays-off-300-employees-launches-public-alumni-directory/,Layoffs.fyi
L03617,ShareChat,"Bengaluru,Non-U.S.",India,Marketing,Series D,,,101.0,50-199,2020-05-20,2020,Q2,5,May,21,False,False,,https://economictimes.indiatimes.com/small-biz/startups/newsbuzz/sharechat-lays-off-101-employees-as-advertising-market-tanks/articleshow/75838995.cms,Layoffs.fyi
L03616,SoFi,SF Bay Area,United States,Finance,Private Equity,,,112.0,50-199,2020-05-20,2020,Q2,5,May,21,False,False,,https://www.businessinsider.com/sofi-cut-7-percent-staff-quarterely-performance-reviews-2020-5,Layoffs.fyi
L03615,Stay Alfred,Spokane,United States,Travel,Series B,,,221.0,200-999,2020-05-20,2020,Q2,5,May,21,False,False,,https://www.spokanejournal.com/local-news/stay-alfred-closes-its-doors-permanently/,Layoffs.fyi
L03621,Dotscience,"London,Non-U.S.",United Kingdom,Product,Unknown,,,10.0,1-49,2020-05-19,2020,Q2,5,May,21,False,False,,https://layoffs.fyi/2020/05/22/devops-startup-dotscience-shuts-down/,Layoffs.fyi
L03619,Livspace,"Bengaluru,Non-U.S.",India,Retail,Series D,,,450.0,200-999,2020-05-19,2020,Q2,5,May,21,False,False,,https://tech.economictimes.indiatimes.com/news/startups/livspace-lays-off-450-employees-as-lockdown-hurts-operations/75823519,Layoffs.fyi
L03620,Pollen,"London,Non-U.S.",United Kingdom,Travel,Series B,,,69.0,50-199,2020-05-19,2020,Q2,5,May,21,False,False,,https://techcrunch.com/2020/05/19/pollen-layoffs-and-furloughs/,Layoffs.fyi
L03624,Agoda,"Singapore,Non-U.S.",Singapore,Travel,Acquired,,,1500.0,"1,000-4,999",2020-05-18,2020,Q2,5,May,21,True,False,,https://layoffs.fyi/2020/05/24/agoda-laid-off-1500-employees-launches-public-alumni-directory/,Layoffs.fyi
L03628,Intapp,SF Bay Area,United States,Legal,Private Equity,,,45.0,1-49,2020-05-18,2020,Q2,5,May,21,False,False,,https://news.bloomberglaw.com/us-law-week/intapp-cuts-5-of-workforce-due-to-coronavirus-crisis,Layoffs.fyi
L03627,Rubrik,SF Bay Area,United States,Infrastructure,Series E,,,57.0,50-199,2020-05-18,2020,Q2,5,May,21,False,False,,https://www.bizjournals.com/sanfrancisco/news/2020/04/16/exclusive-a-comprehensive-guide-to-locallayoffs.html,Layoffs.fyi
L03625,Swiggy,"Bengaluru,Non-U.S.",India,Food,Series I,,,1100.0,"1,000-4,999",2020-05-18,2020,Q2,5,May,21,True,False,,https://www.nytimes.com/reuters/2020/05/18/technology/18reuters-india-swiggy-layoffs.html,Layoffs.fyi
L03623,Uber,SF Bay Area,United States,Transportation,Post-IPO,,,3000.0,"1,000-4,999",2020-05-18,2020,Q2,5,May,21,True,False,,https://layoffs.fyi/2020/05/18/uber-lays-off-3000-more-employees-on-top-of-the-3700-laid-off-earlier-this-month/,Layoffs.fyi
L03626,WeWork,"New Delhi,Non-U.S.",India,Real Estate,Series H,,,100.0,50-199,2020-05-18,2020,Q2,5,May,21,False,False,,https://www.newindianexpress.com/business/2020/may/18/tough-step-needed-for-sustainable-structure-wework-india-lays-off-20-per-cent-staff-amid-covid-19-2144959.html,Layoffs.fyi
L03631,Magicbricks,"Noida,Non-U.S.",India,Real Estate,Unknown,,,250.0,200-999,2020-05-17,2020,Q2,5,May,20,False,False,,https://www.livemint.com/companies/start-ups/job-losses-mount-in-small-startups-unicorns-11589738073416.html,Layoffs.fyi
L03634,Lattice,SF Bay Area,United States,HR,Series C,,,16.0,1-49,2020-05-15,2020,Q2,5,May,20,False,False,,LinkedIn,Layoffs.fyi
L03633,Lendingkart,"Ahmedabad,Non-U.S.",India,Finance,Unknown,,,500.0,200-999,2020-05-15,2020,Q2,5,May,20,False,False,,https://officechai.com/news/lendingkart-lays-off-500-employees-50-workforce-sources/,Layoffs.fyi
L03632,Zomato,"Gurugram,Non-U.S.",India,Food,Series J,,,520.0,200-999,2020-05-15,2020,Q2,5,May,20,False,False,,https://layoffs.fyi/2020/06/18/zomato-layoff-list-continues-trend-of-company-launched-talent-directories/,Layoffs.fyi
L03636,Cruise,SF Bay Area,United States,Transportation,Acquired,,,150.0,50-199,2020-05-14,2020,Q2,5,May,20,False,False,,https://www.theverge.com/2020/5/14/21259001/cruise-gm-layoff-self-driving-unit-recruiting-product-design,Layoffs.fyi
L03638,Integral Ad Science,New York City,United States,Marketing,Acquired,,,70.0,50-199,2020-05-14,2020,Q2,5,May,20,False,False,,https://www.wsj.com/articles/ad-verification-firm-integral-ad-science-laying-off-nearly-10-of-workforce-11589481652,Layoffs.fyi
L03637,Quartz,New York City,United States,Media,Acquired,,,80.0,50-199,2020-05-14,2020,Q2,5,May,20,False,False,,https://www.nytimes.com/2020/05/14/business/media/quartz-to-lay-off-80-employees.html,Layoffs.fyi
L03639,Ridecell,SF Bay Area,United States,Transportation,Series B,,,35.0,1-49,2020-05-14,2020,Q2,5,May,20,False,False,,https://layoffs.fyi/2020/05/19/sf-based-ridecell-laid-off-35-employees-half-of-whom-are-engineers/,Layoffs.fyi
L03640,Veem,SF Bay Area,United States,Finance,Unknown,,,30.0,1-49,2020-05-14,2020,Q2,5,May,20,False,False,,https://www.economist.com/business/2020/05/16/silicon-valley-in-the-pandemic,Layoffs.fyi
L03644,Deliv,SF Bay Area,United States,Retail,Series C,,,669.0,200-999,2020-05-13,2020,Q2,5,May,20,False,False,,https://www.mercurynews.com/2020/05/15/ccalifornia-unemployment-layoff-rock-delivery-startup-ymca-uber-ross-ui-edd-tech-job-economy/,Layoffs.fyi
L03647,Intersect,"Toronto,Non-U.S.",Canada,Product,Acquired,,,19.0,1-49,2020-05-13,2020,Q2,5,May,20,False,False,,https://betakit.com/intersect-ceo-departs-company-following-recent-layoffs/,Layoffs.fyi
L03646,Kickstarter,New York City,United States,Finance,Unknown,,,25.0,1-49,2020-05-13,2020,Q2,5,May,20,False,False,,https://www.theverge.com/2020/5/13/21257585/kickstarter-layoffs-employees-union-negotiations-severance,Layoffs.fyi
L03645,Mercos,"Joinville,Non-U.S.",Brazil,Sales,Unknown,,,51.0,50-199,2020-05-13,2020,Q2,5,May,20,False,False,,https://www.linkedin.com/pulse/decis%C3%A3o-mais-dif%C3%ADcil-dos-%C3%BAltimos-10-anos-tiago-brandes/,Layoffs.fyi
L03648,Mode Analytics,SF Bay Area,United States,Data,Series C,,,17.0,1-49,2020-05-13,2020,Q2,5,May,20,False,False,,https://www.linkedin.com/posts/dereksteer_today-we-made-the-difficult-decision-to-part-activity-6666425220007628800-Nneq/,Layoffs.fyi
L03655,Hireology,Chicago,United States,Recruiting,Series D,,,36.0,1-49,2020-05-12,2020,Q2,5,May,20,False,False,,https://www.americaninno.com/chicago/inno-news-chicago/hireology-lays-off-17-of-its-staff/,Layoffs.fyi
L03654,Mixpanel,SF Bay Area,United States,Data,Series B,,,65.0,50-199,2020-05-12,2020,Q2,5,May,20,False,False,,https://www.bizjournals.com/sanfrancisco/news/2020/05/12/sf-analytics-company-yc-graduate-cuts-65-obs.html?iana=hpmvp_sfbt_news_headline,Layoffs.fyi
L03652,Stone,"Sao Paulo,Non-U.S.",Brazil,Finance,Post-IPO,,,1300.0,"1,000-4,999",2020-05-12,2020,Q2,5,May,20,True,False,,https://www.reuters.com/article/us-stoneco-layoff/brazilian-card-processor-stoneco-lays-off-20-of-workforce-1300-employees-idUSKBN22O31N,Layoffs.fyi
L03656,Top Hat,"Toronto,Non-U.S.",Canada,Education,Series D,,,16.0,1-49,2020-05-12,2020,Q2,5,May,20,False,False,,https://betakit.com/top-hat-restructures-makes-staff-reductions-as-covid-19-affects-higher-education/,Layoffs.fyi
L03653,Zeus Living,SF Bay Area,United States,Real Estate,Series B,,,73.0,50-199,2020-05-12,2020,Q2,5,May,20,False,False,,https://www.businessinsider.com/zeus-living-cuts-50-of-staff-after-raising-a-downround-2020-5,Layoffs.fyi
L03660,Cadre,New York City,United States,Real Estate,Series C,,,28.0,1-49,2020-05-11,2020,Q2,5,May,20,False,False,,https://layoffs.fyi/2020/05/19/real-estate-investing-startup-cadre-laid-off-28-employees/,Layoffs.fyi
L03659,Revolut,"London,Non-U.S.",United Kingdom,Finance,Series D,,,60.0,50-199,2020-05-11,2020,Q2,5,May,20,False,False,,https://www.fnlondon.com/articles/digital-bank-revolut-just-cut-about-60-workers-as-covid-19-crisis-bites-20200511,Layoffs.fyi
L03661,N26,New York City,United States,Finance,Series D,,,9.0,1-49,2020-05-08,2020,Q2,5,May,19,False,False,,https://financefwd.com/de/n26-usa-kuendigungen/,Layoffs.fyi
L03665,Flywire,Boston,United States,Finance,Series E,,,60.0,50-199,2020-05-07,2020,Q2,5,May,19,False,False,,https://www.americaninno.com/boston/inno-news-boston/fintech-startup-flywire-downsizes-12-percent-of-workforce/,Layoffs.fyi
L03663,Glassdoor,SF Bay Area,United States,Recruiting,Acquired,,,300.0,200-999,2020-05-07,2020,Q2,5,May,19,False,False,,https://www.businessinsider.com/glassdoor-lays-off-300-30-staff-due-to-covid-19-2020-5,Layoffs.fyi
L03662,Jump,New York City,United States,Transportation,Acquired,,,500.0,200-999,2020-05-07,2020,Q2,5,May,19,False,False,,https://www.nytimes.com/2020/05/07/technology/the-results-are-in-for-the-sharing-economy-they-are-ugly.html,Layoffs.fyi
L03664,Numbrs,"Zurich,Non-U.S.",Switzerland,Finance,Series B,,,62.0,50-199,2020-05-07,2020,Q2,5,May,19,False,False,,https://financefwd.com/de/finanzierungsrunde-geplatzt-numbrs/,Layoffs.fyi
L03666,SalesLoft,Atlanta,United States,Sales,Series D,,,55.0,50-199,2020-05-07,2020,Q2,5,May,19,False,False,,https://www.protocol.com/salesloft-shot-money-from-guns-layoffs-coronavirus,Layoffs.fyi
L03667,Tally,SF Bay Area,United States,Finance,Series C,,,28.0,1-49,2020-05-07,2020,Q2,5,May,19,False,False,,https://layoffs.fyi/2020/05/13/credit-card-automation-startup-tally-laid-off-28-employees/,Layoffs.fyi
L03671,Flatiron School,New York City,United States,Education,Acquired,,,100.0,50-199,2020-05-06,2020,Q2,5,May,19,False,False,,https://www.businessinsider.com/weworks-flatiron-school-lays-off-workers-2020-5,Layoffs.fyi
L03672,Rubicon Project,Los Angeles,United States,Marketing,Post-IPO,,,50.0,50-199,2020-05-06,2020,Q2,5,May,19,False,False,,https://www.adexchanger.com/platforms/post-merger-rubicon-project-cuts-8-of-staff/,Layoffs.fyi
L03673,Segment,SF Bay Area,United States,Data,Series D,,,50.0,50-199,2020-05-06,2020,Q2,5,May,19,False,False,,https://www.businessinsider.com/segment-10-percent-layoffs-downturn-2020-5,Layoffs.fyi
L03669,Uber,SF Bay Area,United States,Transportation,Post-IPO,,,3700.0,"1,000-4,999",2020-05-06,2020,Q2,5,May,19,True,False,,https://layoffs.fyi/2020/05/12/uber-laid-off-3700-employees-with-more-expected/,Layoffs.fyi
L03670,Validity,Boston,United States,Data,Private Equity,,,130.0,50-199,2020-05-06,2020,Q2,5,May,19,False,False,,https://www.americaninno.com/boston/inno-news-boston/customer-data-quality-startup-validity-lays-off-130/,Layoffs.fyi
L03676,Airbnb,SF Bay Area,United States,Travel,Private Equity,,,1900.0,"1,000-4,999",2020-05-05,2020,Q2,5,May,19,True,False,,https://layoffs.fyi/2020/05/07/airbnb-laid-off-1900-employees/,Layoffs.fyi
L03678,Andela,New York City,United States,Recruiting,Series D,,,135.0,50-199,2020-05-05,2020,Q2,5,May,19,False,False,,https://layoffs.fyi/2020/07/08/andela-layoff-list-emerges/,Layoffs.fyi
L03677,Juul,SF Bay Area,United States,Consumer,Unknown,,,900.0,200-999,2020-05-05,2020,Q2,5,May,19,False,False,,https://layoffs.fyi/2020/06/03/juul-layoff-list-emerges-1550-employees-have-been-cut-in-the-past-year/,Layoffs.fyi
L03680,Pipedrive,"Tallinn,Non-U.S.",Estonia,Sales,Series C,,,31.0,1-49,2020-05-05,2020,Q2,5,May,19,False,False,,https://news.err.ee/1086024/pipedrive-laying-off-14-employees-in-tallinn-tartu-offices,Layoffs.fyi
L03679,Stack Overflow,New York City,United States,Recruiting,Series D,,,40.0,1-49,2020-05-05,2020,Q2,5,May,19,False,False,,https://www.businessinsider.com/stack-overflow-reduces-workforce-furloughs-layoffs-2020-5,Layoffs.fyi
L03681,Workable,Boston,United States,Recruiting,Series C,,,25.0,1-49,2020-05-05,2020,Q2,5,May,19,False,False,,https://www.insider.gr/epiheiriseis/tehnologia/136195/se-mazikes-apolyseis-prohora-i-workable,Layoffs.fyi
L03686,Careem,"Dubai,Non-U.S.",United Arab Emirates,Transportation,Acquired,,,536.0,200-999,2020-05-04,2020,Q2,5,May,19,False,False,,https://www.thenational.ae/business/economy/dubai-s-careem-cuts-536-jobs-as-lockdowns-hit-ride-hailing-across-middle-east-1.1014784,Layoffs.fyi
L03685,Curefit,"Bengaluru,Non-U.S.",India,Fitness,Series D,,,800.0,200-999,2020-05-04,2020,Q2,5,May,19,False,False,,https://www.reuters.com/article/us-curefit-jobs/fitness-group-cure-fit-lays-off-employees-mulls-all-digital-move-sources-idUSKBN22G1WI,Layoffs.fyi
L03690,Deputy,"Sydney,Non-U.S.",Australia,HR,Series B,,,60.0,50-199,2020-05-04,2020,Q2,5,May,19,False,False,,https://www.afr.com/young-rich/young-rich-lister-shifts-gears-to-survive-20200403-p54gty,Layoffs.fyi
L03689,Element AI,"Montreal,Non-U.S.",Canada,Other,Series B,,,62.0,50-199,2020-05-04,2020,Q2,5,May,19,False,False,,https://www.theglobeandmail.com/business/article-element-ai-cuts-staff-adds-senior-executives-as-it-attempts-to-live/,Layoffs.fyi
L03691,Loopio,"Toronto,Non-U.S.",Canada,Sales,Series A,,,11.0,1-49,2020-05-04,2020,Q2,5,May,19,False,False,,https://betakit.com/loopio-lays-off-11-staff-as-it-sees-increased-scrutiny-from-buyers-during-pandemic/,Layoffs.fyi
L03687,Oriente,"Hong Kong,Non-U.S.",Hong Kong,Finance,Series B,,,400.0,200-999,2020-05-04,2020,Q2,5,May,19,False,False,,https://www.dealstreetasia.com/stories/oriente-lay-off-workforce-187008/,Layoffs.fyi
L03688,Veriff,"Tallinn,Non-U.S.",Estonia,Security,Series A,,,63.0,50-199,2020-05-04,2020,Q2,5,May,19,False,False,,https://news.err.ee/1085714/estonian-id-verification-company-veriff-to-lay-off-63-staff,Layoffs.fyi
L03695,LiveTiles,New York City,United States,Other,Post-IPO,,,50.0,50-199,2020-05-03,2020,Q2,5,May,18,False,False,,https://medium.com/@ErikRalston/livetiles-time-to-say-goodbye-d86bfb28a93,Layoffs.fyi
L03694,Trax,"Tel Aviv,Non-U.S.",Israel,Retail,Series D,,,120.0,50-199,2020-05-03,2020,Q2,5,May,18,False,False,,"https://www.calcalistech.com/ctech/articles/0,7340,L-3815332,00.html",Layoffs.fyi
L03698,Culture Trip,"London,Non-U.S.",United Kingdom,Media,Series B,,,95.0,50-199,2020-05-01,2020,Q2,5,May,18,False,False,,https://www.businessinsider.com/culture-trip-layoffs-2020-5?,Layoffs.fyi
L03701,Monese,"Lisbon,Non-U.S.",Portugal,Finance,Unknown,,,35.0,1-49,2020-05-01,2020,Q2,5,May,18,False,False,,https://www.altfi.com/article/6531_exclusive-monese-looking-to-close-lisbon-and-berlin-offices-with-layoffs-across-the-company,Layoffs.fyi
L03697,Namely,New York City,United States,HR,Series E,,,110.0,50-199,2020-05-01,2020,Q2,5,May,18,False,False,,https://layoffs.fyi/2020/05/11/namely-laid-off-160-employees-citing-challenges-faced-by-its-smb-customers/,Layoffs.fyi
L03696,OYO,"London,Non-U.S.",United Kingdom,Travel,Series F,,,150.0,50-199,2020-05-01,2020,Q2,5,May,18,False,False,,https://www.yahoo.com/lifestyle/coronavirus-covid-19-oyo-hotels-uk-redundancies-exclusive-155109993.html,Layoffs.fyi
L03699,Sandbox VR,SF Bay Area,United States,Consumer,Series A,,,80.0,50-199,2020-05-01,2020,Q2,5,May,18,False,False,,https://layoffs.fyi/2020/05/08/sandbox-vr-laid-off-its-engineering-team/,Layoffs.fyi
L03702,TheSkimm,New York City,United States,Media,Series C,,,26.0,1-49,2020-05-01,2020,Q2,5,May,18,False,False,,https://www.wsj.com/articles/theskimm-cuts-20-of-staff-amid-coronavirus-pandemic-11588362569,Layoffs.fyi
L03700,Virtudent,Boston,United States,Healthcare,Series A,,,70.0,50-199,2020-05-01,2020,Q2,5,May,18,False,False,,https://www.americaninno.com/boston/inno-news-boston/teledentisty-startup-virtudent-downsizes-amid-coronavirus-crisis/,Layoffs.fyi
L03705,Bullhorn,Boston,United States,Sales,Acquired,,,100.0,50-199,2020-04-30,2020,Q2,4,April,18,False,False,,https://layoffs.fyi/2020/05/05/bullhorn-laid-off-100-employees/,Layoffs.fyi
L03706,Care.com,Boston,United States,Consumer,Acquired,,,81.0,50-199,2020-04-30,2020,Q2,4,April,18,False,False,,https://www.bloomberg.com/news/articles/2020-04-30/iac-to-cut-81-care-com-employees-in-restructuring-after-deal,Layoffs.fyi
L03713,Kayak / OpenTable,Stamford,United States,Travel,Acquired,,,160.0,50-199,2020-04-29,2020,Q2,4,April,18,False,False,,https://skift.com/2020/04/29/kayak-and-opentable-layoffs-and-furloughs-impact-400-employees/,Layoffs.fyi
L03714,Kitopi,New York City,United States,Food,Series B,,,124.0,50-199,2020-04-29,2020,Q2,4,April,18,False,False,,https://commercialobserver.com/2020/04/ghost-kitchen-kitopi-cuts-124-new-york-city-employees/,Layoffs.fyi
L03715,Lime,SF Bay Area,United States,Transportation,Series D,,,80.0,50-199,2020-04-29,2020,Q2,4,April,18,False,False,,https://layoffs.fyi/2020/05/04/lime-laid-off-80-employees/,Layoffs.fyi
L03711,Lyft,SF Bay Area,United States,Transportation,Post-IPO,,,982.0,200-999,2020-04-29,2020,Q2,4,April,18,False,False,,https://layoffs.fyi/2020/04/30/lyft-laid-off-982-employees/,Layoffs.fyi
L03716,Transfix,New York City,United States,Logistics,Series D,,,24.0,1-49,2020-04-29,2020,Q2,4,April,18,False,False,,https://www.freightwaves.com/news/breaking-transfix-lays-off-10-of-its-staff,Layoffs.fyi
L03712,WeWork,SF Bay Area,United States,Real Estate,Series H,,,300.0,200-999,2020-04-29,2020,Q2,4,April,18,False,False,,https://news.crunchbase.com/news/wework-lays-off-staff-as-part-of-a-realignment/,Layoffs.fyi
L03721,App Annie,SF Bay Area,United States,Data,Unknown,,,80.0,50-199,2020-04-28,2020,Q2,4,April,18,False,False,,https://www.gamesindustry.biz/articles/2020-04-28-app-annie-lays-off-a-small-fraction-of-its-workforce,Layoffs.fyi
L03720,Deliveroo,"London,Non-U.S.",United Kingdom,Food,Series G,,,367.0,200-999,2020-04-28,2020,Q2,4,April,18,False,False,,https://layoffs.fyi/2020/06/24/deliveroo-layoff-list-showcases-over-100-of-its-global-employees/,Layoffs.fyi
L03722,OpenX,Los Angeles,United States,Marketing,Unknown,,,35.0,1-49,2020-04-28,2020,Q2,4,April,18,False,False,,https://www.adexchanger.com/platforms/openx-cuts-staff-hours-and-executive-pay-in-response-to-reduced-marketer-spend/,Layoffs.fyi
L03723,PayJoy,SF Bay Area,United States,Finance,Series B,,,27.0,1-49,2020-04-28,2020,Q2,4,April,18,False,False,,https://layoffs.fyi/2020/05/27/exclusive-fintech-startup-payjoy-laid-off-23-employees/,Layoffs.fyi
L03719,Renmoney,"Lagos,Non-U.S.",Nigeria,Finance,Unknown,,,391.0,200-999,2020-04-28,2020,Q2,4,April,18,False,False,,https://techcabal.com/2020/04/28/tech-startups-recession/,Layoffs.fyi
L03724,Shipsi,Los Angeles,United States,Retail,Seed,,,20.0,1-49,2020-04-28,2020,Q2,4,April,18,False,False,,https://dot.la/shipsi-los-angeles-layoffs-2645859647.html,Layoffs.fyi
L03718,TripAdvisor,Boston,United States,Travel,Post-IPO,,,900.0,200-999,2020-04-28,2020,Q2,4,April,18,False,False,,https://layoffs.fyi/2020/04/30/tripadvisor-laid-off-900-employees/,Layoffs.fyi
L03727,Automation Anywhere,SF Bay Area,United States,Other,Series B,,,260.0,200-999,2020-04-27,2020,Q2,4,April,18,False,False,,https://siliconangle.com/2020/04/27/automation-anywhere-lays-off-tenth-workforce-due-covid-19/,Layoffs.fyi
L03728,JetClosing,Seattle,United States,Real Estate,Series A,,,20.0,1-49,2020-04-27,2020,Q2,4,April,18,False,False,,https://www.nytimes.com/2020/04/27/technology/startups-sba-loans-backlash.html,Layoffs.fyi
L03730,OYO,"Sao Paulo,Non-U.S.",Brazil,Travel,Series F,,,500.0,200-999,2020-04-25,2020,Q2,4,April,17,False,False,,https://headtopics.com/br/oyo-demite-centenas-no-brasil-contaazul-enxuga-um-terco-do-time-link-estad-o-12623044,Layoffs.fyi
L03731,Stoqo,"Jakarta,Non-U.S.",Indonesia,Food,Series A,,,250.0,200-999,2020-04-25,2020,Q2,4,April,17,False,False,,https://www.bloomberg.com/news/articles/2020-04-29/indonesian-startup-stoqo-becomes-latest-casualty-of-the-virus,Layoffs.fyi
L03732,Submittable,Missoula,United States,Other,Series B,,,30.0,1-49,2020-04-25,2020,Q2,4,April,17,False,False,,https://layoffs.fyi/2020/05/15/submittable-laid-off-30-employees-as-university-clients-shut-down-operations/,Layoffs.fyi
L03734,Ada Support,"Toronto,Non-U.S.",Canada,Support,Series B,,,36.0,1-49,2020-04-24,2020,Q2,4,April,17,False,False,,https://betakit.com/ada-support-lays-off-23-percent-of-staff-amid-uncertainty-caused-by-pandemic/,Layoffs.fyi
L03733,Divergent 3D,Los Angeles,United States,Transportation,Series B,,,57.0,50-199,2020-04-24,2020,Q2,4,April,17,False,False,,https://techcrunch.com/2020/04/24/manufacturing-startup-divergent-3d-reduces-staff-by-one-third/,Layoffs.fyi
L03737,Horizn Studios,"Berlin,Non-U.S.",Germany,Travel,Series B,,,15.0,1-49,2020-04-24,2020,Q2,4,April,17,False,False,,https://www.deutsche-startups.de/2020/04/24/horizn-studios-sanierung/,Layoffs.fyi
L03739,Jiobit,Chicago,United States,Consumer,Unknown,,,6.0,1-49,2020-04-24,2020,Q2,4,April,17,False,False,,https://www.chicagobusiness.com/john-pletz-technology/what-covid-19-means-chicagos-tech-sector,Layoffs.fyi
L03736,Lighter Capital,Seattle,United States,Finance,Series B,,,18.0,1-49,2020-04-24,2020,Q2,4,April,17,False,False,,https://www.geekwire.com/2020/seattle-investment-company-lighter-capital-trims-staff-preserve-runway/,Layoffs.fyi
L03740,TutorMundi,"Sao Paulo,Non-U.S.",Brazil,Education,Series A,,,4.0,1-49,2020-04-24,2020,Q2,4,April,17,False,False,,Company executive,Layoffs.fyi
L03735,UPshow,Chicago,United States,Marketing,Series A,,,19.0,1-49,2020-04-24,2020,Q2,4,April,17,False,False,,https://www.chicagobusiness.com/john-pletz-technology/what-covid-19-means-chicagos-tech-sector,Layoffs.fyi
L03738,Welkin Health,SF Bay Area,United States,Healthcare,Series B,,,10.0,1-49,2020-04-24,2020,Q2,4,April,17,False,False,,https://nypost.com/2020/09/13/welkin-health-startup-cut-staff-three-days-before-ppp-loan/,Layoffs.fyi
L03746,Oscar Health,New York City,United States,Healthcare,Unknown,,,70.0,50-199,2020-04-23,2020,Q2,4,April,17,False,False,,https://www.bloomberg.com/news/articles/2020-04-24/white-house-linked-oscar-health-laying-off-5-of-staff,Layoffs.fyi
L03747,Simon Data,New York City,United States,Marketing,Series C,,,6.0,1-49,2020-04-23,2020,Q2,4,April,17,False,False,,Internal memo,Layoffs.fyi
L03745,Sisense,New York City,United States,Data,Series F,,,80.0,50-199,2020-04-23,2020,Q2,4,April,17,False,False,,"https://www.calcalistech.com/ctech/articles/0,7340,L-3810192,00.html?path=5211.Ctech-5220.ctech.News",Layoffs.fyi
L03743,StockX,Detroit,United States,Retail,Series C,,,100.0,50-199,2020-04-23,2020,Q2,4,April,17,False,False,,https://www.inputmag.com/style/stockx-layoffs-12-percent-staff-cutting-costs-profit,Layoffs.fyi
L03744,Zenefits,SF Bay Area,United States,HR,Series C,,,87.0,50-199,2020-04-23,2020,Q2,4,April,17,False,False,,https://www.businessinsider.com/coronavirus-hr-startup-zenefits-lays-off-15-percent-staff-2020-4,Layoffs.fyi
L03753,Ike,SF Bay Area,United States,Transportation,Series A,,,10.0,1-49,2020-04-22,2020,Q2,4,April,17,False,False,,https://www.theinformation.com/briefings/59d773,Layoffs.fyi
L03751,Magic Leap,Miami,United States,Consumer,Series E,,,1000.0,"1,000-4,999",2020-04-22,2020,Q2,4,April,17,True,False,,https://layoffs.fyi/2020/04/27/magic-leap-laid-off-1000-employees/,Layoffs.fyi
L03752,When I Work,Minneapolis,United States,HR,Series B,,,55.0,50-199,2020-04-22,2020,Q2,4,April,17,False,False,,https://www.americaninno.com/minne/inno-news-minne/after-long-period-of-growth-when-i-work-cuts-35-of-minneapolis-staff/,Layoffs.fyi
L03768,Bringg,"Tel Aviv,Non-U.S.",Israel,Logistics,Series D,,,10.0,1-49,2020-04-21,2020,Q2,4,April,17,False,False,,"https://www.calcalistech.com/ctech/articles/0,7340,L-3809651,00.html",Layoffs.fyi
L03762,Casper,New York City,United States,Retail,Post-IPO,,,78.0,50-199,2020-04-21,2020,Q2,4,April,17,False,False,,https://www.fastcompany.com/90494129/breaking-casper-lays-off-78-corporate-employees-winds-down-europe-business,Layoffs.fyi
L03764,Freshbooks,"Toronto,Non-U.S.",Canada,Finance,Series B,,,38.0,1-49,2020-04-21,2020,Q2,4,April,17,False,False,,https://betakit.com/freshbooks-reduces-headcount-by-9-ceo-says-company-remains-in-growth-mode-despite-covid-19/,Layoffs.fyi
L03761,Houzz,SF Bay Area,United States,Consumer,Series E,,,155.0,50-199,2020-04-21,2020,Q2,4,April,17,False,False,,https://techcrunch.com/2020/04/21/houzz-lays-off-155-employees-cuts-executive-salaries/,Layoffs.fyi
L03766,Lambda School,SF Bay Area,United States,Education,Series B,,,19.0,1-49,2020-04-21,2020,Q2,4,April,17,False,False,,https://techcrunch.com/2020/04/22/lambda-school-cuts-staff-and-exec-pay-amid-market-uncertainty/,Layoffs.fyi
L03760,Lending Club,SF Bay Area,United States,Finance,Post-IPO,,,460.0,200-999,2020-04-21,2020,Q2,4,April,17,False,False,,https://www.cnbc.com/2020/04/21/lendingclub-cuts-30percent-of-workforce-as-covid-19-dampens-demand-for-loans.html,Layoffs.fyi
L03765,Patreon,SF Bay Area,United States,Media,Series D,,,30.0,1-49,2020-04-21,2020,Q2,4,April,17,False,False,,https://techcrunch.com/2020/04/21/patreon-lays-off-13-of-workforce/,Layoffs.fyi
L03759,Paytm,"New Delhi,Non-U.S.",India,Finance,Unknown,,,500.0,200-999,2020-04-21,2020,Q2,4,April,17,False,False,,https://hrnxt.com/news/paytm-to-lay-off-about-500-employees-after-a-performance-review/17875/2020/04/21/,Layoffs.fyi
L03767,Politico / Protocol,Washington D.C.,United States,Media,Unknown,,,13.0,1-49,2020-04-21,2020,Q2,4,April,17,False,False,,https://www.niemanlab.org/2020/04/protocol-11-weeks-into-life-is-already-laying-off-a-big-chunk-of-its-staff/,Layoffs.fyi
L03763,RealSelf,Seattle,United States,Healthcare,Series B,,,40.0,1-49,2020-04-21,2020,Q2,4,April,17,False,False,,https://www.geekwire.com/2020/cosmetic-treatment-review-startup-realself-cuts-staff-elective-medical-procedures-put-hold/,Layoffs.fyi
L03758,Swiggy,"Bengaluru,Non-U.S.",India,Food,Series I,,,800.0,200-999,2020-04-21,2020,Q2,4,April,17,False,False,,https://entrackr.com/2020/04/exclusive-swiggy-to-lay-off-cloud-kitchen-staff-shuts-down-kitchens/,Layoffs.fyi
L03770,ConsenSys,New York City,United States,Crypto,Unknown,,,91.0,50-199,2020-04-20,2020,Q2,4,April,17,False,False,,https://www.coindesk.com/new-layoffs-hit-ethereum-incubator-consensys,Layoffs.fyi
L03776,Forward,SF Bay Area,United States,Healthcare,Series C,,,10.0,1-49,2020-04-20,2020,Q2,4,April,17,False,False,,https://www.businessinsider.com/forward-primary-care-startup-layoffs-amid-coronavirus-pandemic-2020-4,Layoffs.fyi
L03771,GumGum,Los Angeles,United States,Marketing,Series D,,,90.0,50-199,2020-04-20,2020,Q2,4,April,17,False,False,,https://www.businessinsider.com/gumgum-lays-off-25-of-employees-citing-the-coronavirus-impact-2020-4,Layoffs.fyi
L03769,Klook,"Hong Kong,Non-U.S.",Hong Kong,Travel,Series D,,,300.0,200-999,2020-04-20,2020,Q2,4,April,17,False,False,,https://layoffs.fyi/2020/08/09/asian-travel-startup-klook-releases-talent-directory/,Layoffs.fyi
L03775,Komodo Health,SF Bay Area,United States,Healthcare,Series C,,,23.0,1-49,2020-04-20,2020,Q2,4,April,17,False,False,,https://www.businessinsider.com/forward-primary-care-startup-layoffs-amid-coronavirus-pandemic-2020-4,Layoffs.fyi
L03772,Kueski,"Guadalajara,Non-U.S.",Mexico,Finance,Series B,,,90.0,50-199,2020-04-20,2020,Q2,4,April,17,False,False,,https://elceo.com/tecnologia/fintech-de-prestamos-en-linea-sufriran-estragos-por-el-covid-19/,Layoffs.fyi
L03773,Movidesk,"Blumenau,Non-U.S.",Brazil,Support,Seed,,,33.0,1-49,2020-04-20,2020,Q2,4,April,17,False,False,,https://scinova.com.br/demissoes-a-conta-da-covid-19-bate-as-portas-de-empresas-de-tecnologia-em-santa-catarina/,Layoffs.fyi
L03774,Zum,SF Bay Area,United States,Transportation,Series C,,,28.0,1-49,2020-04-20,2020,Q2,4,April,17,False,False,,https://layoffs.fyi/2020/04/23/kid-friendly-ride-service-zum-conducts-layoff/,Layoffs.fyi
L03779,BlackBuck,"Bengaluru,Non-U.S.",India,Logistics,Series D,,,200.0,200-999,2020-04-17,2020,Q2,4,April,16,False,False,,https://www.cnbctv18.com/startup/coronavirus-effect-blackbuck-to-lay-off-over-200-employees-ecom-express-puts-hiring-on-hold-5704301.htm,Layoffs.fyi
L03780,ContaAzul,"Joinville,Non-U.S.",Brazil,Education,Series D,,,140.0,50-199,2020-04-17,2020,Q2,4,April,16,False,False,,https://www.contxto.com/en/brazil/startups-brazil-confirm-layoffs-covid-cause/,Layoffs.fyi
L03781,Greenhouse,New York City,United States,Recruiting,Series D,,,120.0,50-199,2020-04-17,2020,Q2,4,April,16,False,False,,https://layoffs.fyi/2020/04/20/greenhouse-lays-off-120-employees/,Layoffs.fyi
L03785,Labster,"Copenhagen,Non-U.S.",Denmark,Education,Series B,,,40.0,1-49,2020-04-17,2020,Q2,4,April,16,False,False,,LinkedIn,Layoffs.fyi
L03783,Loft,"Sao Paulo,Non-U.S.",Brazil,Real Estate,Series C,,,47.0,1-49,2020-04-17,2020,Q2,4,April,16,False,False,,"https://link.estadao.com.br/noticias/inovacao,quinto-andar-demite-cerca-de-8-do-time-por-conta-do-coronavirus,70003274741",Layoffs.fyi
L03787,People.ai,SF Bay Area,United States,Marketing,Series C,,,30.0,1-49,2020-04-17,2020,Q2,4,April,16,False,False,,https://techcrunch.com/2020/04/17/sales-startup-people-ai-lays-off-18-of-staff-raises-debt-round-amid-covid-19-uncertainty/,Layoffs.fyi
L03782,QuintoAndar,"Sao Paulo,Non-U.S.",Brazil,Real Estate,Series D,,,88.0,50-199,2020-04-17,2020,Q2,4,April,16,False,False,,https://labs.ebanx.com/en/notes/brazilian-home-rentals-unicorn-quintoandar-lays-off-8-of-employees/,Layoffs.fyi
L03786,Sweetgreen,Los Angeles,United States,Food,Series I,,,35.0,1-49,2020-04-17,2020,Q2,4,April,16,False,False,,https://dot.la/sweetgreen-layoffs-2645746821.html,Layoffs.fyi
L03788,Tor,Boston,United States,Security,Unknown,,,13.0,1-49,2020-04-17,2020,Q2,4,April,16,False,False,,https://blog.torproject.org/covid19-impact-tor,Layoffs.fyi
L03784,Zilingo,"Singapore,Non-U.S.",Singapore,Retail,Series D,,,44.0,1-49,2020-04-17,2020,Q2,4,April,16,False,False,,https://www.bloomberg.com/news/articles/2020-04-20/singapore-s-zilingo-cuts-jobs-after-putting-global-push-on-hold,Layoffs.fyi
L03793,CarGurus,Boston,United States,Transportation,Post-IPO,,,130.0,50-199,2020-04-16,2020,Q2,4,April,16,False,False,,https://layoffs.fyi/2020/05/04/cargurus-laid-off-130-employees/,Layoffs.fyi
L03795,CleverTap,"Mumbai,Non-U.S.",India,Marketing,Series C,,,60.0,50-199,2020-04-16,2020,Q2,4,April,16,False,False,,https://inc42.com/buzz/startupsvscovid19-indian-startup-layoffs-pay-cut-tracker/,Layoffs.fyi
L03794,Funding Societies,"Singapore,Non-U.S.",Singapore,Finance,Series B,,,65.0,50-199,2020-04-16,2020,Q2,4,April,16,False,False,,https://www.techinasia.com/raising-40m-funding-societies-streamlines-business-pandemic,Layoffs.fyi
L03807,Akulaku,"Jakarta,Non-U.S.",Indonesia,Finance,Series D,,,100.0,50-199,2020-04-15,2020,Q2,4,April,16,False,False,,https://www.techinasia.com/indonesia-online-lenders-tighten-credit-cut-jobs,Layoffs.fyi
L03806,Carta,SF Bay Area,United States,Finance,Series E,,,161.0,50-199,2020-04-15,2020,Q2,4,April,16,False,False,,https://layoffs.fyi/2020/04/22/carta-laid-off-161-employees-citing-customer-slowdown/,Layoffs.fyi
L03803,GoPro,SF Bay Area,United States,Consumer,Post-IPO,,,200.0,200-999,2020-04-15,2020,Q2,4,April,16,False,False,,https://techcrunch.com/2020/04/16/gopro-lays-off-200-employees-representing-20-of-the-company/,Layoffs.fyi
L03809,Kodiak Robotics,SF Bay Area,United States,Transportation,Series A,,,15.0,1-49,2020-04-15,2020,Q2,4,April,16,False,False,,https://www.freightwaves.com/news/kodiak-robotics-lays-of-20-of-its-staff,Layoffs.fyi
L03802,Opendoor,SF Bay Area,United States,Real Estate,Series E,,,600.0,200-999,2020-04-15,2020,Q2,4,April,16,False,False,,https://layoffs.fyi/2020/04/16/opendoor-lays-off-600-people-amid-declining-real-estate-activity/,Layoffs.fyi
L03808,Parsable,SF Bay Area,United States,HR,Series C,,,40.0,1-49,2020-04-15,2020,Q2,4,April,16,False,False,,Company executive,Layoffs.fyi
L03804,Shop101,"Mumbai,Non-U.S.",India,Retail,Series C,,,200.0,200-999,2020-04-15,2020,Q2,4,April,16,False,False,,https://inc42.com/buzz/exclusive-shop101-lays-off-200-employees-remaining-to-get-pay-cuts/,Layoffs.fyi
L03811,Trove Recommerce,SF Bay Area,United States,Retail,Series C,,,13.0,1-49,2020-04-15,2020,Q2,4,April,16,False,False,,https://layoffs.fyi/2020/04/22/trove-recommerce-laid-off-13-employees/,Layoffs.fyi
L03810,Tulip Retail,"Toronto,Non-U.S.",Canada,Retail,Series B,,,14.0,1-49,2020-04-15,2020,Q2,4,April,16,False,False,,https://www.linkedin.com/posts/aliasaria_today-tulip-made-the-difficult-decision-to-activity-6656277826045571072-PEPm,Layoffs.fyi
L03805,Zume,SF Bay Area,United States,Food,Unknown,,,200.0,200-999,2020-04-15,2020,Q2,4,April,16,False,False,,https://www.businessinsider.com/zume-employee-layoffs-softbank-robotics-startup-zoom-2020-4,Layoffs.fyi
L03820,DataStax,SF Bay Area,United States,Data,Series E,,,15.0,1-49,2020-04-14,2020,Q2,4,April,16,False,False,,https://www.businessinsider.com/967-million-datastax-april-layoffs-third-cuts-under-ceo-kapoor-2020-4,Layoffs.fyi
L03817,Envoy,SF Bay Area,United States,HR,Series B,,,58.0,50-199,2020-04-14,2020,Q2,4,April,16,False,False,,https://www.forbes.com/sites/alexandrawilson1/2020/04/15/smart-office-startup-envoy-furloughs-and-lays-off-30-of-employees-cuts-salaries-of-others/#e0729a7b94cf,Layoffs.fyi
L03819,Skillz,SF Bay Area,United States,Consumer,Series D,,,21.0,1-49,2020-04-14,2020,Q2,4,April,16,False,False,,https://fortune.com/2020/04/14/coronavirus-layoffs-startup-jobs-tech-industry-covid-19-jobs/,Layoffs.fyi
L03815,The RealReal,SF Bay Area,United States,Retail,Post-IPO,,,235.0,200-999,2020-04-14,2020,Q2,4,April,16,False,False,,https://techcrunch.com/2020/04/14/the-real-real-layoffs-furloughs/,Layoffs.fyi
L03816,TouchBistro,"Toronto,Non-U.S.",Canada,Food,Series E,,,131.0,50-199,2020-04-14,2020,Q2,4,April,16,False,False,,https://betakit.com/touchbistro-furloughs-131-employees-as-restaurants-hit-hard-by-covid-19-pandemic/,Layoffs.fyi
L03818,VSCO,SF Bay Area,United States,Consumer,Series B,,,45.0,1-49,2020-04-14,2020,Q2,4,April,16,False,False,,https://layoffs.fyi/2020/04/15/vsco-lays-off-45-employees-30/,Layoffs.fyi
L03821,Xerpa,"Sao Paulo,Non-U.S.",Brazil,HR,Unknown,,,10.0,1-49,2020-04-14,2020,Q2,4,April,16,False,False,,https://www.linkedin.com/posts/nreise_ex-xerpas-incr%C3%ADveis-e-dispon%C3%ADveis-covid-activity-6655927070826221568-kunx/,Layoffs.fyi
L03828,Clearbanc,"Toronto,Non-U.S.",Canada,Finance,Series B,,,17.0,1-49,2020-04-13,2020,Q2,4,April,16,False,False,,https://techcrunch.com/2020/04/13/clearbanc-cuts-number-of-staff-to-navigate-long-term-economic-impact-of-covid-19/,Layoffs.fyi
L03827,EasyPost,SF Bay Area,United States,Logistics,Series A,,,50.0,50-199,2020-04-13,2020,Q2,4,April,16,False,False,,LinkedIn,Layoffs.fyi
L03824,Groupon,Chicago,United States,Retail,Post-IPO,,,2800.0,"1,000-4,999",2020-04-13,2020,Q2,4,April,16,True,False,,https://layoffs.fyi/2020/04/17/groupon-laid-off-or-furloughed-2800-employees/,Layoffs.fyi
L03826,Neon,"Sao Paulo,Non-U.S.",Brazil,Finance,Series B,,,70.0,50-199,2020-04-13,2020,Q2,4,April,16,False,False,,"https://link.estadao.com.br/noticias/inovacao,neon-demite-funcionarios-e-eventbrite-fecha-operacoes-no-brasil,70003269607",Layoffs.fyi
L03825,Zoox,SF Bay Area,United States,Transportation,Series B,,,100.0,50-199,2020-04-13,2020,Q2,4,April,16,False,False,,https://www.theinformation.com/briefings/b836b8,Layoffs.fyi
L03835,Atsu,Seattle,United States,Infrastructure,Unknown,,,6.0,1-49,2020-04-10,2020,Q2,4,April,15,False,False,,Company executive,Layoffs.fyi
L03831,BeeTech,"Sao Paulo,Non-U.S.",Brazil,Finance,Series B,,,30.0,1-49,2020-04-10,2020,Q2,4,April,15,False,False,,https://valorinveste.globo.com/mercados/brasil-e-politica/noticia/2020/04/10/demisses-em-startups-j-somam-quase-mil-pessoas-no-brasil.ghtml,Layoffs.fyi
L03832,Built In,Chicago,United States,Recruiting,Series C,,,28.0,1-49,2020-04-10,2020,Q2,4,April,15,False,False,,https://www.americaninno.com/chicago/roundups-chicago/chicago-layoffs-local-tech-companies-that-have-cut-staff-due-to-coronavirus/,Layoffs.fyi
L03830,Frontdesk,Milwaukee,United States,Travel,Unknown,,,35.0,1-49,2020-04-10,2020,Q2,4,April,15,False,False,,https://www.linkedin.com/posts/jessedepinto_today-was-one-of-the-hardest-days-weve-experienced-activity-6654491888835448832-rAdg/,Layoffs.fyi
L03836,Geekwire,Seattle,United States,Media,Unknown,,,5.0,1-49,2020-04-10,2020,Q2,4,April,15,False,False,,https://www.geekwire.com/2020/geekwire-reduces-staff-due-economic-impact-covid-19-pandemic/,Layoffs.fyi
L03829,Meow Wolf,Santa Fe,United States,Media,Unknown,,,201.0,200-999,2020-04-10,2020,Q2,4,April,15,False,False,,https://www.sfreporter.com/news/2020/04/10/meow-wolf-cuts-significant-portion-of-staff/,Layoffs.fyi
L03833,NuoDB,Boston,United States,Data,Unknown,,,20.0,1-49,2020-04-10,2020,Q2,4,April,15,False,False,,https://www.americaninno.com/boston/inno-news-boston/cambridge-database-startup-nuodb-lays-off-nearly-one-third-of-its-staff/,Layoffs.fyi
L03834,Rhumbix,SF Bay Area,United States,Construction,Series B,,,16.0,1-49,2020-04-10,2020,Q2,4,April,15,False,False,,Company executive,Layoffs.fyi
L03844,Clinc,Ann Arbor,United States,Support,Series B,,,40.0,1-49,2020-04-09,2020,Q2,4,April,15,False,False,,https://www.mlive.com/news/ann-arbor/2020/04/ann-arbor-ai-startup-clinc-lays-off-32-of-its-workers.html,Layoffs.fyi
L03846,Code42,Minneapolis,United States,Data,Series B,,,25.0,1-49,2020-04-09,2020,Q2,4,April,15,False,False,,https://www.bizjournals.com/twincities/inno/stories/news/2020/04/09/cuts-at-code42-cybersecurity-company-eliminates-25.html,Layoffs.fyi
L03842,Domo,Salt Lake City,United States,Data,Post-IPO,,,90.0,50-199,2020-04-09,2020,Q2,4,April,15,False,False,,https://www.ksl.com/article/46740514/domo-forced-to-lay-off-10-of-workforce-due-to-economic-impact-caused-by-covid-19,Layoffs.fyi
L03847,Lighthouse Labs,"Toronto,Non-U.S.",Canada,Education,Unknown,,,14.0,1-49,2020-04-09,2020,Q2,4,April,15,False,False,,https://betakit.com/as-lighthouse-labs-faces-staff-cuts-extends-coding-scholarships-to-covid-19-jobless/,Layoffs.fyi
L03848,LoopMe,"London,Non-U.S.",United Kingdom,Marketing,Unknown,,,8.0,1-49,2020-04-09,2020,Q2,4,April,15,False,False,,https://www.adweek.com/programmatic/multiple-ad-tech-companies-suffer-layoffs-as-unemployment-spikes/,Layoffs.fyi
L03843,Matterport,SF Bay Area,United States,Data,Series D,,,90.0,50-199,2020-04-09,2020,Q2,4,April,15,False,False,,https://layoffs.fyi/2020/04/24/matterport-laid-off-90-employees/,Layoffs.fyi
L03845,Mejuri,"Toronto,Non-U.S.",Canada,Retail,Series B,,,36.0,1-49,2020-04-09,2020,Q2,4,April,15,False,False,,https://betakit.com/mejuri-lays-off-15-percent-of-staff-as-its-forced-to-close-all-retail-stores-due-to-pandemic/,Layoffs.fyi
L03839,Monzo,Las Vegas,United States,Finance,Series F,,,165.0,50-199,2020-04-09,2020,Q2,4,April,15,False,False,,https://techcrunch.com/2020/04/09/monzo-to-shutter-las-vegas/,Layoffs.fyi
L03841,Omie,"Sao Paulo,Non-U.S.",Brazil,Finance,Series B,,,136.0,50-199,2020-04-09,2020,Q2,4,April,15,False,False,,"https://link.estadao.com.br/noticias/inovacao,onda-de-demissoes-em-startups-atinge-getninjas-creditas-e-omie,70003263878",Layoffs.fyi
L03840,OneTrust,Atlanta,United States,Legal,Series B,,,150.0,50-199,2020-04-09,2020,Q2,4,April,15,False,False,,https://www.americaninno.com/atlanta/atlanta-startups/atlanta-privacy-unicorn-onetrust-announces-layoffs/,Layoffs.fyi
L03838,Yelp,SF Bay Area,United States,Consumer,Post-IPO,,,1000.0,"1,000-4,999",2020-04-09,2020,Q2,4,April,15,True,False,,https://layoffs.fyi/2020/04/14/yelp-laid-off-1000-employees-and-furloughed-another-1100/,Layoffs.fyi
L03861,BVAccel,San Diego,United States,Marketing,Unknown,,,25.0,1-49,2020-04-08,2020,Q2,4,April,15,False,False,,https://www.businessinsider.com/bvaccel-cuts-employees-due-to-coronavirus-impact-on-dtc-brands-2020-4,Layoffs.fyi
L03858,Button,New York City,United States,Marketing,Series C,,,48.0,1-49,2020-04-08,2020,Q2,4,April,15,False,False,,LinkedIn,Layoffs.fyi
L03864,Connected,"Toronto,Non-U.S.",Canada,Product,Unknown,,,17.0,1-49,2020-04-08,2020,Q2,4,April,15,False,False,,https://layoffs.fyi/2020/04/13/connected-laid-off-17-employees/,Layoffs.fyi
L03859,Eden / Managed By Q,New York City,United States,Real Estate,Series B,,,40.0,1-49,2020-04-08,2020,Q2,4,April,15,False,False,,https://layoffs.fyi/2020/04/08/remainder-of-managed-by-q-team-furloughed-or-laid-off-by-eden/,Layoffs.fyi
L03852,Eventbrite,SF Bay Area,United States,Consumer,Post-IPO,,,500.0,200-999,2020-04-08,2020,Q2,4,April,15,False,False,,https://layoffs.fyi/2020/04/13/eventbrite-laid-off-500-employees/,Layoffs.fyi
L03865,GetNinjas,"Sao Paulo,Non-U.S.",Brazil,Consumer,Series B,,,11.0,1-49,2020-04-08,2020,Q2,4,April,15,False,False,,"https://link.estadao.com.br/noticias/inovacao,onda-de-demissoes-em-startups-atinge-getninjas-creditas-e-omie,70003263878",Layoffs.fyi
L03863,Kenoby,"Sao Paulo,Non-U.S.",Brazil,Recruiting,Unknown,,,18.0,1-49,2020-04-08,2020,Q2,4,April,15,False,False,,"https://link.estadao.com.br/noticias/inovacao,onda-de-demissoes-em-startups-atinge-getninjas-creditas-e-omie,70003263878",Layoffs.fyi
L03856,Lever,SF Bay Area,United States,Recruiting,Series C,,,86.0,50-199,2020-04-08,2020,Q2,4,April,15,False,False,,https://layoffs.fyi/2020/04/13/lever-laid-off-109-employees/,Layoffs.fyi
L03853,Meesho,"Bengaluru,Non-U.S.",India,Retail,Series D,,,200.0,200-999,2020-04-08,2020,Q2,4,April,15,False,False,,https://entrackr.com/2020/04/exclusive-meesho-lays-off-over-200-employees-due-to-covid-19/,Layoffs.fyi
L03860,Quantcast,SF Bay Area,United States,Marketing,Series C,,,30.0,1-49,2020-04-08,2020,Q2,4,April,15,False,False,,https://www.adexchanger.com/platforms/quantcast-lays-off-5-and-cuts-salaries-due-to-economic-impact-of-the-coronavirus/,Layoffs.fyi
L03854,Scoop,SF Bay Area,United States,Transportation,Series C,,,92.0,50-199,2020-04-08,2020,Q2,4,April,15,False,False,,https://layoffs.fyi/2020/04/10/scoop-announces-layoff/,Layoffs.fyi
L03866,Spyce,Boston,United States,Food,Series A,,,4.0,1-49,2020-04-08,2020,Q2,4,April,15,False,False,,https://www.americaninno.com/boston/inno-news-boston/robotic-kitchen-spyce-lays-off-staff-amid-coronavirus-crisis/,Layoffs.fyi
L03857,Unbabel,"Lisbon,Non-U.S.",Portugal,Support,Series C,,,80.0,50-199,2020-04-08,2020,Q2,4,April,15,False,False,,https://www.time24.news/i/2020/04/unbabel-will-lay-off-35-of-employees-there-are-more-than-80-people-observer.html,Layoffs.fyi
L03855,Unison,SF Bay Area,United States,Finance,Series B,,,89.0,50-199,2020-04-08,2020,Q2,4,April,15,False,False,,https://www.bizjournals.com/sanfrancisco/news/2020/04/03/exclusive-s-f-proptech-raises-doubts-about-its.html,Layoffs.fyi
L03862,VideoAmp,Los Angeles,United States,Marketing,Series C,,,21.0,1-49,2020-04-08,2020,Q2,4,April,15,False,False,,https://www.businessinsider.com/videoamp-cuts-staff-and-2020-revenue-projections-due-to-coronavirus-2020-4,Layoffs.fyi
L03881,Away,New York City,United States,Retail,Series D,,,60.0,50-199,2020-04-07,2020,Q2,4,April,15,False,False,,https://techcrunch.com/2020/04/07/away-the-high-flying-travel-brand-startup-just-furloughed-half-its-employees-and-laid-off-10/,Layoffs.fyi
L03877,Branch Metrics,SF Bay Area,United States,Marketing,Series E,,,100.0,50-199,2020-04-07,2020,Q2,4,April,15,False,False,,https://news.crunchbase.com/news/branch-metrics-lays-off-20-percent-of-employees/,Layoffs.fyi
L03883,Group Nine Media,New York City,United States,Media,Unknown,,,50.0,50-199,2020-04-07,2020,Q2,4,April,15,False,False,,https://www.axios.com/group-nine-media-layoffs-76644172-c473-42aa-b9a3-3a7e60b1baed.html,Layoffs.fyi
L03879,Ibotta,Denver,United States,Retail,Series D,,,87.0,50-199,2020-04-07,2020,Q2,4,April,15,False,False,,https://businessden.com/2020/04/14/rebate-app-ibotta-cuts-15-percent-of-staff/,Layoffs.fyi
L03882,MediaMath,New York City,United States,Marketing,Private Equity,,,53.0,50-199,2020-04-07,2020,Q2,4,April,15,False,False,,https://www.adexchanger.com/platforms/mediamath-cuts-8-of-staff-citing-coronavirus/,Layoffs.fyi
L03885,Nav,Salt Lake City,United States,Finance,Series C,,,30.0,1-49,2020-04-07,2020,Q2,4,April,15,False,False,,https://layoffs.fyi/2020/04/20/nav-laid-off-30-employees/,Layoffs.fyi
L03878,Newfront Insurance,SF Bay Area,United States,Finance,Unknown,,,94.0,50-199,2020-04-07,2020,Q2,4,April,15,False,False,,https://layoffs.fyi/2020/06/15/newfront-insurance-layoff-list-released/,Layoffs.fyi
L03884,Payfactors,Boston,United States,HR,Unknown,,,46.0,1-49,2020-04-07,2020,Q2,4,April,15,False,False,,LinkedIn,Layoffs.fyi
L03876,Redfin,Seattle,United States,Real Estate,Post-IPO,,,236.0,200-999,2020-04-07,2020,Q2,4,April,15,False,False,,https://www.geekwire.com/2020/redfin-lays-off-7-staff-furloughs-hundreds-agents-due-covid-19-impact-housing-demand/,Layoffs.fyi
L03875,Sage Therapeutics,Boston,United States,Healthcare,Post-IPO,,,340.0,200-999,2020-04-07,2020,Q2,4,April,15,False,False,, https://www.biopharmadive.com/news/sage-restructuring-layoffs-340-employees/575641/,Layoffs.fyi
L03873,Toast,Boston,United States,Food,Series F,,,1300.0,"1,000-4,999",2020-04-07,2020,Q2,4,April,15,True,False,,https://layoffs.fyi/2020/04/10/toast-cuts-1300-employees/,Layoffs.fyi
L03880,Virta Health,SF Bay Area,United States,Healthcare,Series C,,,65.0,50-199,2020-04-07,2020,Q2,4,April,15,False,False,,https://www.statnews.com/2020/04/07/coronavirus-related-layoffs-hit-health-tech-startups/,Layoffs.fyi
L03874,ezCater,Boston,United States,Food,Series D,,,400.0,200-999,2020-04-07,2020,Q2,4,April,15,False,False,,https://www.axios.com/ezcater-corporate-catering-unicorn-lays-off-hundreds-084d76ff-45fc-4011-8121-e938924e3819.html,Layoffs.fyi
L03895,Borrowell,"Toronto,Non-U.S.",Canada,Finance,Series B,,,15.0,1-49,2020-04-06,2020,Q2,4,April,15,False,False,,https://betakit.com/borrowell-lays-off-20-percent-of-staff-citing-financial-institutions-pulling-back-amid-covid-19/,Layoffs.fyi
L03890,BounceX,New York City,United States,Marketing,Series B,,,77.0,50-199,2020-04-06,2020,Q2,4,April,15,False,False,,https://www.adweek.com/programmatic/multiple-ad-tech-companies-suffer-layoffs-as-unemployment-spikes/,Layoffs.fyi
L03894,BusBud,"Montreal,Non-U.S.",Canada,Transportation,Series B,,,23.0,1-49,2020-04-06,2020,Q2,4,April,15,False,False,,https://www.journaldemontreal.com/2020/04/06/busbud-licencie-le-tiers-de-ses-employes,Layoffs.fyi
L03891,C6 Bank,"Sao Paulo,Non-U.S.",Brazil,Finance,Unknown,,,60.0,50-199,2020-04-06,2020,Q2,4,April,15,False,False,,"https://link.estadao.com.br/noticias/inovacao,startups-brasileiras-fazem-demissoes-por-conta-do-coronavirus,70003262126",Layoffs.fyi
L03893,Cogito,Boston,United States,Support,Series C,,,24.0,1-49,2020-04-06,2020,Q2,4,April,15,False,False,,https://www.americaninno.com/boston/inno-news-boston/more-coronavirus-layoffs-emotional-ai-startup-cogito-makes-cuts/,Layoffs.fyi
L03888,Metromile,SF Bay Area,United States,Finance,Series E,,,100.0,50-199,2020-04-06,2020,Q2,4,April,15,False,False,,https://layoffs.fyi/2020/04/08/metromile-laid-off-100-employees/,Layoffs.fyi
L03896,PerkSpot,Chicago,United States,HR,Private Equity,,,10.0,1-49,2020-04-06,2020,Q2,4,April,15,False,False,,https://www.americaninno.com/chicago/inno-news-chicago/layoffs-at-hr-tech-company-perkspot-amid-covid-19/,Layoffs.fyi
L03889,Rock Content,"Belo Horizonte,Non-U.S.",Brazil,Marketing,Series A,,,100.0,50-199,2020-04-06,2020,Q2,4,April,15,False,False,,"https://link.estadao.com.br/noticias/inovacao,startups-brasileiras-fazem-demissoes-por-conta-do-coronavirus,70003262126",Layoffs.fyi
L03892,Wordstream,Boston,United States,Marketing,Acquired,,,26.0,1-49,2020-04-06,2020,Q2,4,April,15,False,False,,https://www.linkedin.com/posts/hkogan_earlier-this-week-our-executive-team-made-activity-6654464027185475585-tEV3,Layoffs.fyi
L03900,Astra,SF Bay Area,United States,Aerospace,Unknown,,,40.0,1-49,2020-04-05,2020,Q2,4,April,14,False,False,,https://www.cnbc.com/2020/04/05/rocket-startup-astra-trims-staff-to-survive-pandemic-until-next-year.html,Layoffs.fyi
L03901,Iflix,"Kuala Lumpur,Non-U.S.",Malaysia,Consumer,Unknown,,,50.0,50-199,2020-04-04,2020,Q2,4,April,14,False,False,,https://technode.global/2020/04/07/iflix-job-cuts-coronavirus/,Layoffs.fyi
L03916,Anagram,Los Angeles,United States,Healthcare,Series A,,,17.0,1-49,2020-04-03,2020,Q2,4,April,14,False,False,,https://www.statnews.com/2020/04/07/coronavirus-related-layoffs-hit-health-tech-startups/,Layoffs.fyi
L03909,Arrive Logistics,Austin,United States,Logistics,Series B,,,75.0,50-199,2020-04-03,2020,Q2,4,April,14,False,False,,https://www.freightwaves.com/news/citing-coronavirus-arrive-logistics-cuts-10-of-workforce,Layoffs.fyi
L03920,Avantage Entertainment,Minneapolis,United States,Media,Unknown,,,5.0,1-49,2020-04-03,2020,Q2,4,April,14,False,False,,https://www.bizjournals.com/twincities/news/2020/04/03/minnesota-tech-firms-used-to-growth-slam-on-hiring.html,Layoffs.fyi
L03913,Bustle Digital Group,New York City,United States,Media,Series E,,,24.0,1-49,2020-04-03,2020,Q2,4,April,14,False,False,,https://digiday.com/media/bustle-digital-group-g-o-media-announce-layoffs-and-cost-saving-measures/,Layoffs.fyi
L03914,Bustle Digital Group,New York City,United States,Media,Series E,,,19.0,1-49,2020-04-03,2020,Q2,4,April,14,False,False,,https://www.adweek.com/media/bdg-input-mic-layoffs/,Layoffs.fyi
L03912,D2iQ,SF Bay Area,United States,Infrastructure,Series D,,,34.0,1-49,2020-04-03,2020,Q2,4,April,14,False,False,,https://www.businessinsider.com/d2iq-mesosphere-layoffs-34-coronavirus-crisis-2020-4,Layoffs.fyi
L03918,DSCO,Salt Lake City,United States,Retail,Series A,,,12.0,1-49,2020-04-03,2020,Q2,4,April,14,False,False,,https://www.linkedin.com/posts/claytonperkins_recommendationsoverresumes-c19-activity-6651856309597675520-BGA9/,Layoffs.fyi
L03917,G/O Media Group,New York City,United States,Media,Unknown,,,14.0,1-49,2020-04-03,2020,Q2,4,April,14,False,False,,https://digiday.com/media/bustle-digital-group-g-o-media-announce-layoffs-and-cost-saving-measures/,Layoffs.fyi
L03902,Gympass,"Sao Paulo,Non-U.S.",Brazil,Fitness,Series D,,,467.0,200-999,2020-04-03,2020,Q2,4,April,14,False,False,,https://forbes.com.br/negocios/2020/04/exclusivo-gympass-desliga-um-terco-dos-colaboradores/,Layoffs.fyi
L03911,Jetty,New York City,United States,Finance,Series B,,,35.0,1-49,2020-04-03,2020,Q2,4,April,14,False,False,,https://layoffs.fyi/2020/04/17/jetty-laid-off-40-of-staff-after-pausing-sales-of-new-insurance-policies/,Layoffs.fyi
L03904,MaxMilhas,"Belo Horizonte,Non-U.S.",Brazil,Travel,Unknown,,,167.0,50-199,2020-04-03,2020,Q2,4,April,14,False,False,,https://revistapegn.globo.com/Startups/noticia/2020/04/por-novo-coronavirus-startups-gympass-e-maxmilhas-cortam-equipes.html,Layoffs.fyi
L03905,Minted,SF Bay Area,United States,Retail,Series E,,,147.0,50-199,2020-04-03,2020,Q2,4,April,14,False,False,,https://www.theinformation.com/briefings/d4f745,Layoffs.fyi
L03915,Opencare,"Toronto,Non-U.S.",Canada,Healthcare,Series A,,,18.0,1-49,2020-04-03,2020,Q2,4,April,14,False,False,,https://betakit.com/opencare-lays-off-one-quarter-of-staff-as-it-prepares-to-weather-the-storm-of-covid-19/,Layoffs.fyi
L03910,Salsify,Boston,United States,Retail,Series D,,,60.0,50-199,2020-04-03,2020,Q2,4,April,14,False,False,,https://www.americaninno.com/boston/inno-news-boston/salsify-lays-off-60-cuts-executive-pay-amid-coronavirus-driven-uncertainty/,Layoffs.fyi
L03903,Sojern,SF Bay Area,United States,Marketing,Series D,,,300.0,200-999,2020-04-03,2020,Q2,4,April,14,False,False,,https://www.adweek.com/programmatic/sojern-lays-off-50-of-staff-as-coronavirus-cuts-through-the-travel-industry/,Layoffs.fyi
L03908,Traveloka,"Jakarta,Non-U.S.",Indonesia,Travel,Unknown,,,100.0,50-199,2020-04-03,2020,Q2,4,April,14,False,False,,https://asia.nikkei.com/Business/Startups/Coronavirus-drives-Indonesia-s-Traveloka-to-lay-off-staff,Layoffs.fyi
L03919,Tripbam,Dallas,United States,Travel,Unknown,,,10.0,1-49,2020-04-03,2020,Q2,4,April,14,False,False,,https://www.bizjournals.com/dallas/news/2020/04/03/more-travel-tech-companies-reduce-salaries-cut.html,Layoffs.fyi
L03906,Velodyne Lidar,SF Bay Area,United States,Transportation,Unknown,,,140.0,50-199,2020-04-03,2020,Q2,4,April,14,False,False,,https://www.bloomberg.com/news/articles/2020-04-04/silicon-valley-startup-firings-over-virus-face-early-court-test,Layoffs.fyi
L03907,Zoox,SF Bay Area,United States,Transportation,Series B,,,120.0,50-199,2020-04-03,2020,Q2,4,April,14,False,False,,https://www.theverge.com/2020/4/6/21210000/zoox-layoff-coronavirus-self-driving-car-safety-drivers,Layoffs.fyi
L03934,1stdibs,New York City,United States,Retail,Series D,,,70.0,50-199,2020-04-02,2020,Q2,4,April,14,False,False,,https://twitter.com/eringriffith/status/1246147841350762497,Layoffs.fyi
L03930,ClassPass,New York City,United States,Fitness,Series E,,,154.0,50-199,2020-04-02,2020,Q2,4,April,14,False,False,,https://layoffs.fyi/2020/04/03/classpass-laid-off-or-furloughed-half-its-staff/,Layoffs.fyi
L03946,Coding Dojo,Seattle,United States,Education,Unknown,,,7.0,1-49,2020-04-02,2020,Q2,4,April,14,False,False,,https://www.geekwire.com/2020/engineering-bootcamp-coding-dojo-cuts-jobs-launches-volunteer-program-help-small-businesses/,Layoffs.fyi
L03940,Copper,SF Bay Area,United States,Marketing,Series C,,,35.0,1-49,2020-04-02,2020,Q2,4,April,14,False,False,,LinkedIn,Layoffs.fyi
L03941,Dynamic Signal,SF Bay Area,United States,HR,Series E,,,35.0,1-49,2020-04-02,2020,Q2,4,April,14,False,False,,LinkedIn,Layoffs.fyi
L03942,FiscalNote,Washington D.C.,United States,Media,Series D,,,30.0,1-49,2020-04-02,2020,Q2,4,April,14,False,False,,https://www.adweek.com/digital/dozens-fired-at-cq-roll-publication-known-for-reporting-inside-washington/,Layoffs.fyi
L03944,Humu,SF Bay Area,United States,HR,Series B,,,26.0,1-49,2020-04-02,2020,Q2,4,April,14,False,False,,https://www.bloomberg.com/news/articles/2020-04-02/humu-a-startup-run-by-former-google-hr-boss-cuts-jobs,Layoffs.fyi
L03933,Industrious,New York City,United States,Real Estate,Series D,,,90.0,50-199,2020-04-02,2020,Q2,4,April,14,False,False,,https://commercialobserver.com/2020/04/industrious-cuts-a-third-of-its-workforce/,Layoffs.fyi
L03947,Instamojo,"Bengaluru,Non-U.S.",India,Finance,Unknown,,,6.0,1-49,2020-04-02,2020,Q2,4,April,14,False,False,,https://www.business-standard.com/article/companies/covid-19-crisis-consumer-internet-start-ups-brace-for-salary-cuts-layoffs-120040101707_1.html,Layoffs.fyi
L03939,Jobcase,Boston,United States,Recruiting,Private Equity,,,39.0,1-49,2020-04-02,2020,Q2,4,April,14,False,False,,LinkedIn,Layoffs.fyi
L03928,Katerra,SF Bay Area,United States,Construction,Series D,,,240.0,200-999,2020-04-02,2020,Q2,4,April,14,False,False,,https://www.constructiondive.com/news/katerra-ceos-salary-cut-to-0-amid-layoffs-operation-shutdowns/575460/,Layoffs.fyi
L03936,Latch,New York City,United States,Security,Series B,,,60.0,50-199,2020-04-02,2020,Q2,4,April,14,False,False,,LinkedIn,Layoffs.fyi
L03927,MindBody,San Luis Obispo,United States,Fitness,Post-IPO,,,700.0,200-999,2020-04-02,2020,Q2,4,April,14,False,False,,https://www.sanluisobispo.com/news/business/article241730706.html,Layoffs.fyi
L03929,Ritual,"Toronto,Non-U.S.",Canada,Food,Series C,,,196.0,50-199,2020-04-02,2020,Q2,4,April,14,False,False,,https://layoffs.fyi/2020/04/02/ritual-lays-off-196-employees-due-to-covid-19-impact-on-restaurants/,Layoffs.fyi
L03943,Sauce Labs,SF Bay Area,United States,Infrastructure,Unknown,,,30.0,1-49,2020-04-02,2020,Q2,4,April,14,False,False,,LinkedIn,Layoffs.fyi
L03938,Shuttl,"New Delhi,Non-U.S.",India,Transportation,Series C,,,40.0,1-49,2020-04-02,2020,Q2,4,April,14,False,False,,https://inc42.com/buzz/startupsvscovid19-startups-choose-layoffs-to-keep-businesses-running/,Layoffs.fyi
L03948,Synergysuite,Salt Lake City,United States,Food,Series A,,,5.0,1-49,2020-04-02,2020,Q2,4,April,14,False,False,,https://www.linkedin.com/feed/update/urn:li:activity:6651167936918753280?commentUrn=urn%3Ali%3Acomment%3A%28activity%3A6651167936918753280%2C6651190820756172801%29,Layoffs.fyi
L03937,The Predictive Index,Boston,United States,HR,Acquired,,,59.0,50-199,2020-04-02,2020,Q2,4,April,14,False,False,,https://layoffs.fyi/2020/04/06/the-predictive-index-lays-off-59-employees,Layoffs.fyi
L03935,ThirdLove,SF Bay Area,United States,Retail,Series B,,,65.0,50-199,2020-04-02,2020,Q2,4,April,14,False,False,,https://www.businessinsider.com/victorias-secret-challenger-thirdlove-sees-layoffs-due-to-coronavirus-2020-4,Layoffs.fyi
L03945,TripleLift,New York City,United States,Marketing,Series B,,,23.0,1-49,2020-04-02,2020,Q2,4,April,14,False,False,,https://www.adweek.com/programmatic/triplelift-confirms-staff-salary-cuts-amid-wave-of-industry-austerity/,Layoffs.fyi
L03932,Voi,"Stockholm,Non-U.S.",Sweden,Transportation,Series B,,,100.0,50-199,2020-04-02,2020,Q2,4,April,14,False,False,,https://www.businessinsider.com/scooter-startup-voi-layoffs-furloughs-staff-covid-19-2020-4,Layoffs.fyi
L03931,eGym,"Munich,Non-U.S.",Germany,Fitness,Series D,,,100.0,50-199,2020-04-02,2020,Q2,4,April,14,False,False,,https://www.tz.de/muenchen/stadt/muenchen-ort29098/corona-muenchen-kuendigung-video-videocall-start-up-mitarbeiter-erklaerung-firma-13637702.html,Layoffs.fyi
L03961,Acko,"Mumbai,Non-U.S.",India,Finance,Unknown,,,45.0,1-49,2020-04-01,2020,Q2,4,April,14,False,False,,https://entrackr.com/2020/04/exclusive-acko-insurance-layoff/,Layoffs.fyi
L03963,Aqua Security,"Tel Aviv,Non-U.S.",Israel,Security,Series C,,,24.0,1-49,2020-04-01,2020,Q2,4,April,14,False,False,,https://www.bizjournals.com/boston/news/2020/04/02/cybersecurity-company-lays-off-workers-via-zoom.html,Layoffs.fyi
L03954,Booksy,SF Bay Area,United States,Consumer,Series B,,,200.0,200-999,2020-04-01,2020,Q2,4,April,14,False,False,,LinkedIn,Layoffs.fyi
L03964,Crayon,Boston,United States,Marketing,Series A,,,20.0,1-49,2020-04-01,2020,Q2,4,April,14,False,False,,LinkedIn,Layoffs.fyi
L03959,Earnin,SF Bay Area,United States,Finance,Series C,,,50.0,50-199,2020-04-01,2020,Q2,4,April,14,False,False,,LinkedIn,Layoffs.fyi
L03955,Flymya,"Yangon,Non-U.S.",Myanmar,Travel,Unknown,,,200.0,200-999,2020-04-01,2020,Q2,4,April,14,False,False,,https://www.techinasia.com/myanmar-travel-startup-lays-staff-bookings-drop,Layoffs.fyi
L03958,Highsnobiety,"Berlin,Non-U.S.",Germany,Media,Series A,,,51.0,50-199,2020-04-01,2020,Q2,4,April,14,False,False,,https://digiday.com/media/highsnobiety-closes-commerce-cuts-25-of-staff/,Layoffs.fyi
L03968,Incredible Health,SF Bay Area,United States,Healthcare,Series A,,,9.0,1-49,2020-04-01,2020,Q2,4,April,14,False,False,,https://www.statnews.com/2020/04/07/coronavirus-related-layoffs-hit-health-tech-startups/,Layoffs.fyi
L03962,Moovel,Portland,United States,Transportation,Unknown,,,28.0,1-49,2020-04-01,2020,Q2,4,April,14,False,False,,https://www.oregonlive.com/silicon-forest/2020/04/transit-tech-company-moovel-says-second-round-of-portland-layoffs-will-reduce-staff-nearly-40.html,Layoffs.fyi
L03965,Pana,Denver,United States,Travel,Series A,,,18.0,1-49,2020-04-01,2020,Q2,4,April,14,False,False,,https://businessden.com/2020/04/01/business-travel-startup-pana-cuts-18-employees/,Layoffs.fyi
L03956,PatientPop,Los Angeles,United States,Healthcare,Series B,,,100.0,50-199,2020-04-01,2020,Q2,4,April,14,False,False,,LinkedIn,Layoffs.fyi
L03966,Sensibill,"Toronto,Non-U.S.",Canada,Finance,Series B,,,17.0,1-49,2020-04-01,2020,Q2,4,April,14,False,False,,https://betakit.com/following-layoffs-sensibill-secures-5-million-in-debt-financing/,Layoffs.fyi
L03957,Showpad,Chicago,United States,Marketing,Series D,,,52.0,50-199,2020-04-01,2020,Q2,4,April,14,False,False,,https://www.americaninno.com/chicago/inno-news-chicago/showpad-lays-off-52-employees-globally-18-in-chicago/,Layoffs.fyi
L03967,Usermind,Seattle,United States,Marketing,Series C,,,15.0,1-49,2020-04-01,2020,Q2,4,April,14,False,False,,https://www.geekwire.com/2020/seattle-marketing-software-startup-usermind-lays-off-15-employees/,Layoffs.fyi
L03960,Wonolo,SF Bay Area,United States,Recruiting,Series C,,,46.0,1-49,2020-04-01,2020,Q2,4,April,14,False,False,,https://www.bizjournals.com/sanfrancisco/news/2020/04/01/wonolo-cuts-workforce-amid-covid-19-outbreak.html,Layoffs.fyi
L03976,AdRoll,Salt Lake City,United States,Marketing,Series C,,,210.0,200-999,2020-03-31,2020,Q1,3,March,14,False,False,,https://www.adexchanger.com/online-advertising/nextroll-lays-off-30-institutes-20-paycuts/,Layoffs.fyi
L03982,AngelList,SF Bay Area,United States,Recruiting,Series B,,,20.0,1-49,2020-03-31,2020,Q1,3,March,14,False,False,,https://techcrunch.com/2020/04/06/angellist-lays-off-a-number-of-staff-and-cuts-executive-salaries/,Layoffs.fyi
L03984,DialSource,Sacramento,United States,Marketing,Series B,,,5.0,1-49,2020-03-31,2020,Q1,3,March,14,False,False,,Company executive,Layoffs.fyi
L03975,KeepTruckin,SF Bay Area,United States,Logistics,Series D,,,349.0,200-999,2020-03-31,2020,Q1,3,March,14,False,False,,https://layoffs.fyi/2020/03/31/keeptruckin-lays-off-another-149-employees-one-month-after-previous-layoff/,Layoffs.fyi
L03977,Rover,Seattle,United States,Consumer,Series G,,,194.0,50-199,2020-03-31,2020,Q1,3,March,14,False,False,,https://www.geekwire.com/2020/pet-care-startup-rover-lays-off-41-workforce-194-employees-due-covid-19-impact/,Layoffs.fyi
L03981,Siteimprove,Minneapolis,United States,Marketing,Unknown,,,40.0,1-49,2020-03-31,2020,Q1,3,March,14,False,False,,https://www.bizjournals.com/twincities/news/2020/04/03/minnesota-tech-firms-used-to-growth-slam-on-hiring.html,Layoffs.fyi
L03980,SkySlope,Sacramento,United States,Real Estate,Acquired,,,50.0,50-199,2020-03-31,2020,Q1,3,March,14,False,False,,https://www.bizjournals.com/sacramento/news/2020/04/03/skyslope-said-to-cut-sacramento-staff-as-housing.html,Layoffs.fyi
L03978,Turo,SF Bay Area,United States,Transportation,Series E,,,108.0,50-199,2020-03-31,2020,Q1,3,March,14,False,False,,https://layoffs.fyi/2020/04/21/turo-laid-off-108-employees/,Layoffs.fyi
L03983,Zenoti,Seattle,United States,Fitness,Series C,,,17.0,1-49,2020-03-31,2020,Q1,3,March,14,False,False,,https://www.geekwire.com/2020/spa-salon-software-startup-zenoti-makes-small-layoff-beauty-industry-faces-covid-19-upheaval/,Layoffs.fyi
L03979,uShip,Austin,United States,Logistics,Series D,,,65.0,50-199,2020-03-31,2020,Q1,3,March,14,False,False,,https://www.bizjournals.com/austin/news/2020/03/31/austin-layoffs-rounded-up-incredibly-talented.html,Layoffs.fyi
L03997,Blume Global,SF Bay Area,United States,Logistics,Unknown,,,30.0,1-49,2020-03-30,2020,Q1,3,March,14,False,False,,LinkedIn,Layoffs.fyi
L04001,Caliva,SF Bay Area,United States,Retail,Series A,,,20.0,1-49,2020-03-30,2020,Q1,3,March,14,False,False,,https://www.businessinsider.com/cannabis-startup-caliva-laid-off-20-corporate-employees-2020-5,Layoffs.fyi
L03998,Catalant,Boston,United States,Other,Series E,,,30.0,1-49,2020-03-30,2020,Q1,3,March,14,False,False,,https://www.americaninno.com/boston/inno-news-boston/catalant-technologies-cuts-workforce-amid-coronavirus-uncertainty/,Layoffs.fyi
L03993,FabHotels,"New Delhi,Non-U.S.",India,Travel,Series B,,,80.0,50-199,2020-03-30,2020,Q1,3,March,14,False,False,,https://entrackr.com/2020/04/exclusive-fabhotels-lays-off-80-employees-slashes-salary/,Layoffs.fyi
L03994,Hibob,"Tel Aviv,Non-U.S.",Israel,HR,Series A,,,70.0,50-199,2020-03-30,2020,Q1,3,March,14,False,False,,https://www.teamblind.com/post/Hibob-layoffs---70-ppl-org-wide-5BmyRsoZ,Layoffs.fyi
L04002,Iris Nova,New York City,United States,Food,Seed,,,9.0,1-49,2020-03-30,2020,Q1,3,March,14,False,False,,https://www.businessinsider.com/coca-cola-backed-startup-iris-nova-layoffs-due-to-coronavirus-2020-3,Layoffs.fyi
L04000,Loftsmart,New York City,United States,Real Estate,Series A,,,25.0,1-49,2020-03-30,2020,Q1,3,March,14,False,False,,https://www.linkedin.com/posts/swbernstein_founder-operator-and-investor-friends-activity-6647864445718585344-4i-K,Layoffs.fyi
L03996,Maven,Seattle,United States,Media,Post-IPO,,,31.0,1-49,2020-03-30,2020,Q1,3,March,14,False,False,,https://www.businesswire.com/news/home/20200330005734/en/Maven-Announces-Broad-Cost-Containment-Initiative-Including-9,Layoffs.fyi
L03995,PeerStreet,Los Angeles,United States,Finance,Series C,,,51.0,50-199,2020-03-30,2020,Q1,3,March,14,False,False,,https://layoffs.fyi/2020/03/31/breaking-la-based-peerstreet-lays-off-50-employees/,Layoffs.fyi
L03992,RigUp,Austin,United States,Energy,Series D,,,120.0,50-199,2020-03-30,2020,Q1,3,March,14,False,False,,https://www.americaninno.com/austin/inno-news/austin-tech-unicorn-rigup-sheds-100-plus-jobs/,Layoffs.fyi
L03999,Starship Technologies,"Tallinn,Non-U.S.",Estonia,Transportation,Series A,,,30.0,1-49,2020-03-30,2020,Q1,3,March,14,False,False,,https://digi.geenius.ee/rubriik/uudis/karmid-numbrid-robotkullerite-tootja-starshipi-pohiari-kukkus-sisuliselt-kokku/,Layoffs.fyi
L03991,Thumbtack,SF Bay Area,United States,Consumer,Series F,,,250.0,200-999,2020-03-30,2020,Q1,3,March,14,False,False,,https://layoffs.fyi/2020/04/06/thumbtack-laid-off-250-employees/,Layoffs.fyi
L04005,Amplero,Seattle,United States,Marketing,Series B,,,17.0,1-49,2020-03-29,2020,Q1,3,March,13,False,False,,https://www.geekwire.com/2020/canary-coal-mine-seattle-marketing-tech-startup-amplero-shuts-lays-off-17-employees/,Layoffs.fyi
L04006,Polarr,SF Bay Area,United States,Consumer,Series A,,,10.0,1-49,2020-03-29,2020,Q1,3,March,13,False,False,,https://medium.com/@derekzhyan/drawing-a-blank-18068b4aff1d,Layoffs.fyi
L04004,ZipRecruiter,Los Angeles,United States,Recruiting,Series B,,,400.0,200-999,2020-03-29,2020,Q1,3,March,13,False,False,,https://www.wsj.com/articles/ziprecruiter-downsizes-as-employers-scale-back-hiring-11585498957,Layoffs.fyi
L04007,TravelTriangle,"Gurugram,Non-U.S.",India,Travel,Series D,,,250.0,200-999,2020-03-28,2020,Q1,3,March,13,False,False,,https://entrackr.com/2020/03/exclusive-traveltriangle-lays-off-250-employees-covid-crisis/,Layoffs.fyi
L04008,WeWork,New York City,United States,Real Estate,Series H,,,250.0,200-999,2020-03-28,2020,Q1,3,March,13,False,False,,https://www.reuters.com/article/wework-layoffs/wework-cuts-about-250-more-jobs-to-reduce-costs-source-idUSL4N2BL0DJ,Layoffs.fyi
L04023,Bench,"Vancouver,Non-U.S.",Canada,Finance,Series B,,,47.0,1-49,2020-03-27,2020,Q1,3,March,13,False,False,,https://betakit.com/bench-re-hires-workers-as-sales-rebound-following-shift-to-helping-us-businesses-with-covid-relief/,Layoffs.fyi
L04026,Bevi,Boston,United States,Food,Series C,,,30.0,1-49,2020-03-27,2020,Q1,3,March,13,False,False,,https://www.americaninno.com/boston/inno-news-boston/boston-hospitality-startups-downsize-as-the-coronavirus-disruption-continues/,Layoffs.fyi
L04011,Bird,Los Angeles,United States,Transportation,Series D,,,406.0,200-999,2020-03-27,2020,Q1,3,March,13,False,False,,https://layoffs.fyi/2020/03/30/bird-lays-off-over-400-employees,Layoffs.fyi
L04016,Blueground,New York City,United States,Real Estate,Series B,,,130.0,50-199,2020-03-27,2020,Q1,3,March,13,False,False,,https://layoffs.fyi/2020/04/08/blueground-laid-off-130-employees/,Layoffs.fyi
L04021,DISCO,Austin,United States,Legal,Series E,,,75.0,50-199,2020-03-27,2020,Q1,3,March,13,False,False,,https://www.americaninno.com/austin/inno-news/layoffs-at-fast-rising-austin-startup-disco/,Layoffs.fyi
L04014,DataRobot,Boston,United States,Data,Series E,,,200.0,200-999,2020-03-27,2020,Q1,3,March,13,False,False,,https://www.americaninno.com/boston/inno-news-boston/datarobot-cuts-workforce-as-coronavirus-roils-the-startup-economy/,Layoffs.fyi
L04013,Everlane,SF Bay Area,United States,Retail,Unknown,,,227.0,200-999,2020-03-27,2020,Q1,3,March,13,False,False,,https://www.vice.com/en_ca/article/akw9ej/everlane-reassures-workers-then-lays-off-and-furloughs-hundreds,Layoffs.fyi
L04018,Getaround,SF Bay Area,United States,Transportation,Series D,,,100.0,50-199,2020-03-27,2020,Q1,3,March,13,False,False,,https://www.bizjournals.com/sanfrancisco/news/2020/03/27/getaround-issues-another-layoff-round-as-it-seeks.html,Layoffs.fyi
L04012,HOOQ,"Singapore,Non-U.S.",Singapore,Consumer,Unknown,,,250.0,200-999,2020-03-27,2020,Q1,3,March,13,False,False,,https://techcrunch.com/2020/03/27/streaming-service-hooq-files-for-liquidation/,Layoffs.fyi
L04017,Knotel,New York City,United States,Real Estate,Series C,,,127.0,50-199,2020-03-27,2020,Q1,3,March,13,False,False,,https://commercialobserver.com/2020/03/knotel-cuts-half-of-its-staff-amid-coronavirus-pandemic/,Layoffs.fyi
L04024,Loft,"Sao Paulo,Non-U.S.",Brazil,Real Estate,Series C,,,47.0,1-49,2020-03-27,2020,Q1,3,March,13,False,False,,https://br.financas.yahoo.com/noticias/startup-loft-demitiu-47-antes-165500949.html,Layoffs.fyi
L04020,Mogo,"Vancouver,Non-U.S.",Canada,Finance,Post-IPO,,,78.0,50-199,2020-03-27,2020,Q1,3,March,13,False,False,,https://betakit.com/mogo-lays-off-30-percent-of-staff-makes-company-wide-cuts-citing-covid-19-uncertainty/,Layoffs.fyi
L04025,Oh My Green,SF Bay Area,United States,Food,Seed,,,40.0,1-49,2020-03-27,2020,Q1,3,March,13,False,False,,https://finance.yahoo.com/news/tech-startups-ask-workers-trade-110029332.html,Layoffs.fyi
L04010,OneWeb,"London,Non-U.S.",United Kingdom,Aerospace,Unknown,,,451.0,200-999,2020-03-27,2020,Q1,3,March,13,False,False,,https://spacenews.com/oneweb-files-for-chapter-11-bankruptcy/,Layoffs.fyi
L04028,Opal,Portland,United States,Marketing,Series B,,,20.0,1-49,2020-03-27,2020,Q1,3,March,13,False,False,,https://www.oregonlive.com/silicon-forest/2020/03/portland-marketing-technology-startup-opal-lays-off-20-amid-coronavirus-outbreak.html,Layoffs.fyi
L04022,Raken,San Diego,United States,Construction,Series A,,,60.0,50-199,2020-03-27,2020,Q1,3,March,13,False,False,,LinkedIn,Layoffs.fyi
L04015,Restaurant365,Los Angeles,United States,Food,Series C,,,175.0,50-199,2020-03-27,2020,Q1,3,March,13,False,False,,https://news.crunchbase.com/news/restaurant365-confirms-coronavirus-related-layoffs/,Layoffs.fyi
L04027,Textio,Seattle,United States,Recruiting,Unknown,,,30.0,1-49,2020-03-27,2020,Q1,3,March,13,False,False,,https://www.geekwire.com/2020/textio-lays-off-30-amid-covid-19-seattle-startup-hopes-ai-writing-tech-will-aid-job-seekers/,Layoffs.fyi
L04029,ThirdLove,New York City,United States,Retail,Series B,,,10.0,1-49,2020-03-27,2020,Q1,3,March,13,False,False,,https://www.vox.com/the-goods/2020/3/27/21195664/coronavirus-layoffs-furlough-severance,Layoffs.fyi
L04019,Zipcar,Boston,United States,Transportation,Acquired,,,100.0,50-199,2020-03-27,2020,Q1,3,March,13,False,False,,https://layoffs.fyi/2020/04/03/zipcar-laid-off-20-of-staff-amid-widescale-travel-disruption,Layoffs.fyi
L04033,B8ta,SF Bay Area,United States,Retail,Series C,,,250.0,200-999,2020-03-26,2020,Q1,3,March,13,False,False,,https://www.retaildive.com/news/b8ta-announces-corporate-layoffs-and-store-associate-furloughs/574955/,Layoffs.fyi
L04040,Consider.co,SF Bay Area,United States,Other,Seed,,,13.0,1-49,2020-03-26,2020,Q1,3,March,13,False,False,,https://www.consider.co/,Layoffs.fyi
L04036,Ecobee,"Toronto,Non-U.S.",Canada,Energy,Series C,,,47.0,1-49,2020-03-26,2020,Q1,3,March,13,False,False,,https://layoffs.fyi/2020/04/10/ecobee-laid-off-47-employees/,Layoffs.fyi
L04034,Fareportal,"Gurugram,Non-U.S.",India,Travel,Unknown,,,200.0,200-999,2020-03-26,2020,Q1,3,March,13,False,False,,https://hrnxt.com/news/exclusive-travel-tech-firm-fareportal-lays-off-employees/16389/2020/03/26/,Layoffs.fyi
L04039,GoSpotCheck,Denver,United States,Retail,Series B,,,23.0,1-49,2020-03-26,2020,Q1,3,March,13,False,False,,https://businessden.com/2020/03/26/software-firm-gospotcheck-cuts-23-employees-in-bid-to-extend-runway/,Layoffs.fyi
L04037,Passport,Charlotte,United States,Transportation,Series D,,,44.0,1-49,2020-03-26,2020,Q1,3,March,13,False,False,,https://layoffs.fyi/2020/04/09/passport-lays-off-employees-and-furloughs-others/,Layoffs.fyi
L04038,Peerspace,SF Bay Area,United States,Real Estate,Series B,,,41.0,1-49,2020-03-26,2020,Q1,3,March,13,False,False,,https://www.peerspace.com/blog/ceo-letter-to-the-peerspace-community/,Layoffs.fyi
L04035,Puppet,Portland,United States,Infrastructure,Series F,,,50.0,50-199,2020-03-26,2020,Q1,3,March,13,False,False,,https://www.oregonlive.com/silicon-forest/2020/03/portland-marketing-technology-startup-opal-lays-off-20-amid-coronavirus-outbreak.html,Layoffs.fyi
L04051,Element Analytics,SF Bay Area,United States,Data,Series A,,,10.0,1-49,2020-03-25,2020,Q1,3,March,13,False,False,,Company executive,Layoffs.fyi
L04050,Jama,Portland,United States,Product,Unknown,,,12.0,1-49,2020-03-25,2020,Q1,3,March,13,False,False,,https://www.oregonlive.com/silicon-forest/2020/03/jama-software-will-lay-off-a-dozen-but-says-business-is-solid-during-coronavirus-outbreak.html,Layoffs.fyi
L04043,Lyric,SF Bay Area,United States,Real Estate,Series B,,,100.0,50-199,2020-03-25,2020,Q1,3,March,13,False,False,,https://therealdeal.com/2020/03/25/another-bloodbath-lyric-to-slash-jobs-drop-units/,Layoffs.fyi
L04045,O'Reilly Media,SF Bay Area,United States,Media,Unknown,,,75.0,50-199,2020-03-25,2020,Q1,3,March,13,False,False,,https://www.businessinsider.com/oreilly-media-layoffs-events-business-2020-3,Layoffs.fyi
L04047,OutboundEngine,Austin,United States,Marketing,Series C,,,52.0,50-199,2020-03-25,2020,Q1,3,March,13,False,False,,https://www.bizjournals.com/austin/news/2020/03/25/outbound-engine-lays-off-dozens-amid-coronavirus.html,Layoffs.fyi
L04049,Overtime,New York City,United States,Media,Series B,,,30.0,1-49,2020-03-25,2020,Q1,3,March,13,False,False,,https://frntofficesport.com/overtime-coronavirus-job-cuts/,Layoffs.fyi
L04044,Rangle,"Toronto,Non-U.S.",Canada,Product,Unknown,,,78.0,50-199,2020-03-25,2020,Q1,3,March,13,False,False,,https://betakit.com/rangle-temporarily-lays-off-78-employees-as-financial-pressures-from-pandemic-hit-cdntech/,Layoffs.fyi
L04042,TripActions,SF Bay Area,United States,Travel,Series D,,,300.0,200-999,2020-03-25,2020,Q1,3,March,13,False,False,,https://layoffs.fyi/2020/03/31/tripactions-laid-off-300-employees-via-a-group-zoom-call/,Layoffs.fyi
L04046,WanderJaunt,SF Bay Area,United States,Travel,Series B,,,56.0,50-199,2020-03-25,2020,Q1,3,March,13,False,False,,https://www.nytimes.com/2020/04/01/technology/virus-start-ups-pummeled-layoffs-unwinding.html,Layoffs.fyi
L04048,Wonderschool,SF Bay Area,United States,Education,Series A,,,50.0,50-199,2020-03-25,2020,Q1,3,March,13,False,False,,https://layoffs.fyi/2020/03/26/wonderschool-lays-off-75-of-employees/,Layoffs.fyi
L04058,Foodsby,Minneapolis,United States,Food,Series B,,,87.0,50-199,2020-03-24,2020,Q1,3,March,13,False,False,,https://www.americaninno.com/minne/inno-news-minne/layoffs-at-foodsby-after-drop-in-business-from-coronavirus/,Layoffs.fyi
L04056,Sonder,SF Bay Area,United States,Travel,Series D,,,400.0,200-999,2020-03-24,2020,Q1,3,March,13,False,False,,https://layoffs.fyi/2020/03/27/sonder-lays-off-400-employees-bookings-down-20/,Layoffs.fyi
L04057,Takl,Nashville,United States,Consumer,Unknown,,,130.0,50-199,2020-03-24,2020,Q1,3,March,13,False,False,,https://www.bizjournals.com/nashville/news/2020/03/24/hours-before-nashville-company-laid-off-staff-it.html,Layoffs.fyi
L04060,TravelBank,SF Bay Area,United States,Travel,Series B,,,20.0,1-49,2020-03-24,2020,Q1,3,March,13,False,False,,https://www.teamblind.com/post/TravelBank-had-layoffs-t0kHoLwb,Layoffs.fyi
L04059,Zeus Living,SF Bay Area,United States,Real Estate,Series B,,,80.0,50-199,2020-03-24,2020,Q1,3,March,13,False,False,,https://layoffs.fyi/2020/03/30/zeus-living-laid-off-80-employees,Layoffs.fyi
L04064,Compass,New York City,United States,Real Estate,Series G,,,375.0,200-999,2020-03-23,2020,Q1,3,March,13,False,False,,https://layoffs.fyi/2020/04/14/compass-laid-off-375-employees-showings-have-dropped-by-60/,Layoffs.fyi
L04065,Convene,New York City,United States,Real Estate,Series D,,,150.0,50-199,2020-03-23,2020,Q1,3,March,13,False,False,,https://layoffs.fyi/2020/04/08/convene-laid-off-150-employees/,Layoffs.fyi
L04068,Drip,Salt Lake City,United States,Marketing,Acquired,,,20.0,1-49,2020-03-23,2020,Q1,3,March,13,False,False,,LinkedIn,Layoffs.fyi
L04069,GrayMeta,Los Angeles,United States,Data,Unknown,,,20.0,1-49,2020-03-23,2020,Q1,3,March,13,False,False,,LinkedIn,Layoffs.fyi
L04071,Ladder Life,SF Bay Area,United States,Finance,Series C,,,13.0,1-49,2020-03-23,2020,Q1,3,March,13,False,False,,LinkedIn,Layoffs.fyi
L04066,Leafly,Seattle,United States,Retail,Acquired,,,91.0,50-199,2020-03-23,2020,Q1,3,March,13,False,False,,https://www.geekwire.com/2020/leafly-lays-off-additional-91-employees-eliminating-50-percent-staff-2020/,Layoffs.fyi
L04067,The Guild,Austin,United States,Travel,Series B,,,38.0,1-49,2020-03-23,2020,Q1,3,March,13,False,False,,https://www.americaninno.com/austin/inno-news/report-austin-startup-the-guild-lays-off-38-people/,Layoffs.fyi
L04070,Triplebyte,SF Bay Area,United States,Recruiting,Series B,,,15.0,1-49,2020-03-23,2020,Q1,3,March,13,False,False,,https://layoffs.fyi/2020/03/26/triplebyte-lays-off-15-talent-managers-and-technical-writers/,Layoffs.fyi
L04077,CTO.ai,"Vancouver,Non-U.S.",Canada,Infrastructure,Seed,,,30.0,1-49,2020-03-20,2020,Q1,3,March,12,False,False,,LinkedIn,Layoffs.fyi
L04075,Flywheel Sports,New York City,United States,Fitness,Acquired,,,784.0,200-999,2020-03-20,2020,Q1,3,March,12,False,False,,https://stayfit305.com/solidcore-and-flywheel-announce-layoffs-as-a-result-of-covid-19/,Layoffs.fyi
L04076,Peek,Salt Lake City,United States,Travel,Series B,,,45.0,1-49,2020-03-20,2020,Q1,3,March,12,False,False,,https://layoffs.fyi/2020/04/06/peek-conducted-a-mass-layoff/,Layoffs.fyi
L04078,Yonder,Austin,United States,Media,Series A,,,18.0,1-49,2020-03-20,2020,Q1,3,March,12,False,False,,https://www.americaninno.com/austin/inno-news/austin-startup-yonder-lays-off-18-employees-citing-coronavirus-disruptions/,Layoffs.fyi
L04081,Bounce,"Bengaluru,Non-U.S.",India,Transportation,Series D,,,120.0,50-199,2020-03-19,2020,Q1,3,March,12,False,False,,https://www.cqai520.com/tech/scooter-rental-startup-bounce-lays-off-120-employees-amid-coronavirus-scare-report/#more-18179,Layoffs.fyi
L04082,Ejento,SF Bay Area,United States,Recruiting,Unknown,,,84.0,50-199,2020-03-19,2020,Q1,3,March,12,False,False,,https://layoffs.fyi/list/ejento/,Layoffs.fyi
L04084,Lola,Boston,United States,Travel,Series C,,,34.0,1-49,2020-03-19,2020,Q1,3,March,12,False,False,,https://layoffs.fyi/2020/03/19/lola-lays-off-34-employees-due-to-impact-of-the-coronavirus/,Layoffs.fyi
L04083,Remote Year,Chicago,United States,Travel,Series B,,,50.0,50-199,2020-03-19,2020,Q1,3,March,12,False,False,,https://techcrunch.com/2020/03/19/remote-year-which-helps-you-work-while-traveling-the-world-lays-off-50-of-staff/,Layoffs.fyi
L04088,Flytedesk,Boulder,United States,Marketing,Seed,,,4.0,1-49,2020-03-18,2020,Q1,3,March,12,False,False,,https://businessden.com/2020/03/18/boulder-advertising-startup-flytedesk-lays-off-staff-amid-coronavirus/,Layoffs.fyi
L04090,Help.com,Austin,United States,Support,Seed,,,16.0,1-49,2020-03-16,2020,Q1,3,March,12,False,False,,LinkedIn,Layoffs.fyi
L04089,Inspirato,Denver,United States,Travel,Series C,,,130.0,50-199,2020-03-16,2020,Q1,3,March,12,False,False,,https://businessden.com/2020/03/16/inspirato-cuts-20-of-workforce/,Layoffs.fyi
L04092,HopSkipDrive,Los Angeles,United States,Transportation,Unknown,,,8.0,1-49,2020-03-13,2020,Q1,3,March,11,False,False,,https://layoffs.fyi/2020/04/02/hopskipdrive-laid-off-10-of-team-due-to-school-closures/,Layoffs.fyi
L04093,Panda Squad,SF Bay Area,United States,Consumer,Seed,,,6.0,1-49,2020-03-13,2020,Q1,3,March,11,False,False,,https://twitter.com/danielsinger/status/1238545571092160514,Layoffs.fyi
L04094,Tamara Mellon,Los Angeles,United States,Retail,Series C,,,20.0,1-49,2020-03-12,2020,Q1,3,March,11,False,False,,https://layoffs.fyi/list/tamara-mellon/,Layoffs.fyi
L04095,EasyPost,Salt Lake City,United States,Logistics,Series A,,,75.0,50-199,2020-03-11,2020,Q1,3,March,11,False,False,,https://www.bizjournals.com/louisville/news/2020/03/11/logistics-company-ceasing-operations-planning.html,Layoffs.fyi
